party,age,density
Disillusioned Left,18,0.010548826406572074
Disillusioned Left,18.16046966731898,0.010984576427004464
Disillusioned Left,18.320939334637966,0.011420740728696427
Disillusioned Left,18.481409001956948,0.01185671671779229
Disillusioned Left,18.64187866927593,0.01229126650127363
Disillusioned Left,18.80234833659491,0.012723528971425875
Disillusioned Left,18.962818003913895,0.013153121154505593
Disillusioned Left,19.123287671232877,0.013579546961689507
Disillusioned Left,19.283757338551858,0.014001587950059416
Disillusioned Left,19.444227005870843,0.014417923518866532
Disillusioned Left,19.604696673189824,0.014829193704906402
Disillusioned Left,19.765166340508806,0.015235057605297215
Disillusioned Left,19.925636007827787,0.015635102233506892
Disillusioned Left,20.086105675146772,0.016026360021890892
Disillusioned Left,20.246575342465754,0.016411002497810228
Disillusioned Left,20.407045009784735,0.016788844911468783
Disillusioned Left,20.567514677103716,0.01715971309978554
Disillusioned Left,20.7279843444227,0.017521299622839867
Disillusioned Left,20.888454011741683,0.017874513392579606
Disillusioned Left,21.048923679060664,0.018220251280945097
Disillusioned Left,21.20939334637965,0.018558444885711064
Disillusioned Left,21.36986301369863,0.018887937957220265
Disillusioned Left,21.53033268101761,0.019207562447480175
Disillusioned Left,21.690802348336593,0.019519444498001696
Disillusioned Left,21.851272015655578,0.019823549108484387
Disillusioned Left,22.01174168297456,0.020119841268372192
Disillusioned Left,22.17221135029354,0.020404940332146307
Disillusioned Left,22.332681017612526,0.020682012771113655
Disillusioned Left,22.493150684931507,0.02095103437324669
Disillusioned Left,22.65362035225049,0.021211927419539898
Disillusioned Left,22.81409001956947,0.021462312044745708
Disillusioned Left,22.974559686888455,0.021702913916144248
Disillusioned Left,23.135029354207436,0.02193485847233084
Disillusioned Left,23.295499021526417,0.02215798652329212
Disillusioned Left,23.455968688845402,0.02237098223742236
Disillusioned Left,23.616438356164384,0.022571770257295225
Disillusioned Left,23.776908023483365,0.022762853534673135
Disillusioned Left,23.937377690802347,0.022943997191892166
Disillusioned Left,24.09784735812133,0.023114961722531944
Disillusioned Left,24.258317025440313,0.02327107643998766
Disillusioned Left,24.418786692759294,0.023415846402577722
Disillusioned Left,24.57925636007828,0.02354928596415443
Disillusioned Left,24.73972602739726,0.02367113832706538
Disillusioned Left,24.900195694716242,0.0237780382496425
Disillusioned Left,25.060665362035223,0.023870429238399986
Disillusioned Left,25.22113502935421,0.023950193812353523
Disillusioned Left,25.38160469667319,0.024017143759664482
Disillusioned Left,25.54207436399217,0.024069734874888227
Disillusioned Left,25.702544031311156,0.024104807898287204
Disillusioned Left,25.863013698630137,0.024126517481676008
Disillusioned Left,26.02348336594912,0.02413483564717204
Disillusioned Left,26.1839530332681,0.024129750367461816
Disillusioned Left,26.344422700587085,0.024106277816510528
Disillusioned Left,26.504892367906066,0.024069096003036528
Disillusioned Left,26.665362035225048,0.024019013748703938
Disillusioned Left,26.82583170254403,0.023956253538782855
Disillusioned Left,26.986301369863014,0.023878351593009932
Disillusioned Left,27.146771037181995,0.023786504755264455
Disillusioned Left,27.307240704500977,0.023683555201105214
Disillusioned Left,27.467710371819962,0.023569978192339646
Disillusioned Left,27.628180039138943,0.023445516256924717
Disillusioned Left,27.788649706457925,0.02330890993010936
Disillusioned Left,27.949119373776906,0.02316427951901057
Disillusioned Left,28.10958904109589,0.02301231320838384
Disillusioned Left,28.270058708414872,0.022853712701108902
Disillusioned Left,28.430528375733854,0.02268773292409188
Disillusioned Left,28.59099804305284,0.022517422237091512
Disillusioned Left,28.75146771037182,0.022343943039745018
Disillusioned Left,28.9119373776908,0.022168105698522046
Disillusioned Left,29.072407045009783,0.021990768815016597
Disillusioned Left,29.232876712328768,0.021813662200444024
Disillusioned Left,29.39334637964775,0.02163785364837572
Disillusioned Left,29.55381604696673,0.021464135642578142
Disillusioned Left,29.714285714285715,0.021293566338315258
Disillusioned Left,29.874755381604697,0.02112880425440246
Disillusioned Left,30.035225048923678,0.020969448213651546
Disillusioned Left,30.19569471624266,0.02081614878494737
Disillusioned Left,30.356164383561644,0.020669540627908004
Disillusioned Left,30.516634050880626,0.020533140869703936
Disillusioned Left,30.677103718199607,0.020405960404045704
Disillusioned Left,30.83757338551859,0.020287769861004397
Disillusioned Left,30.998043052837573,0.020178965705254025
Disillusioned Left,31.158512720156555,0.020081906647756373
Disillusioned Left,31.318982387475536,0.019997569477338068
Disillusioned Left,31.47945205479452,0.01992380244748773
Disillusioned Left,31.639921722113503,0.01986073390944488
Disillusioned Left,31.800391389432484,0.01980894538840158
Disillusioned Left,31.960861056751465,0.019772148242748807
Disillusioned Left,32.12133072407045,0.019746114725997906
Disillusioned Left,32.28180039138943,0.019730732066301136
Disillusioned Left,32.44227005870842,0.019725871268986134
Disillusioned Left,32.602739726027394,0.019734541884765935
Disillusioned Left,32.76320939334638,0.019754083019588208
Disillusioned Left,32.923679060665364,0.019783136421738557
Disillusioned Left,33.08414872798434,0.019821408876757735
Disillusioned Left,33.24461839530333,0.01987001209924129
Disillusioned Left,33.40508806262231,0.019928909908649456
Disillusioned Left,33.56555772994129,0.01999549808924406
Disillusioned Left,33.726027397260275,0.020069403545302174
Disillusioned Left,33.88649706457925,0.02015039949727977
Disillusioned Left,34.04696673189824,0.020240163743811924
Disillusioned Left,34.20743639921722,0.020335527966227084
Disillusioned Left,34.3679060665362,0.020436109920381005
Disillusioned Left,34.528375733855185,0.020541529050118478
Disillusioned Left,34.68884540117417,0.020652498654394773
Disillusioned Left,34.84931506849315,0.020767549570981925
Disillusioned Left,35.00978473581213,0.020885799232936077
Disillusioned Left,35.17025440313112,0.021006899285274345
Disillusioned Left,35.330724070450096,0.021130785786818096
Disillusioned Left,35.49119373776908,0.02125701611865299
Disillusioned Left,35.65166340508806,0.02138461460546062
Disillusioned Left,35.81213307240704,0.021513266680127183
Disillusioned Left,35.97260273972603,0.021642660798432297
Disillusioned Left,36.133072407045006,0.02177234636128655
Disillusioned Left,36.29354207436399,0.021901710552224188
Disillusioned Left,36.454011741682976,0.02203044979924432
Disillusioned Left,36.614481409001954,0.02215825977561445
Disillusioned Left,36.77495107632094,0.022284293394454098
Disillusioned Left,36.935420743639924,0.022408118368436637
Disillusioned Left,37.0958904109589,0.02252961164515952
Disillusioned Left,37.256360078277886,0.022648446978809984
Disillusioned Left,37.41682974559687,0.02276380834148908
Disillusioned Left,37.57729941291585,0.02287443269556702
Disillusioned Left,37.737769080234834,0.02298085445976173
Disillusioned Left,37.89823874755381,0.023082707005011947
Disillusioned Left,38.0587084148728,0.023179620316074123
Disillusioned Left,38.21917808219178,0.02326864384787111
Disillusioned Left,38.37964774951076,0.023351290761458837
Disillusioned Left,38.540117416829744,0.02342724529475462
Disillusioned Left,38.70058708414873,0.02349610366804396
Disillusioned Left,38.86105675146771,0.023555258986236772
Disillusioned Left,39.02152641878669,0.02360463250728051
Disillusioned Left,39.18199608610568,0.023645078594160766
Disillusioned Left,39.342465753424655,0.02367619404457225
Disillusioned Left,39.50293542074364,0.0236963891210947
Disillusioned Left,39.66340508806262,0.023702826439588168
Disillusioned Left,39.8238747553816,0.023698214229959363
Disillusioned Left,39.98434442270059,0.023682205542841794
Disillusioned Left,40.144814090019565,0.02365446038507552
Disillusioned Left,40.30528375733855,0.023609670579013687
Disillusioned Left,40.465753424657535,0.02355170069743677
Disillusioned Left,40.62622309197651,0.023480757064510534
Disillusioned Left,40.7866927592955,0.023396627531618176
Disillusioned Left,40.94716242661448,0.023295805959295597
Disillusioned Left,41.10763209393346,0.023178822246576188
Disillusioned Left,41.268101761252446,0.023048101092857366
Disillusioned Left,41.42857142857143,0.022903615836403397
Disillusioned Left,41.58904109589041,0.022744079179532303
Disillusioned Left,41.74951076320939,0.022566360568232767
Disillusioned Left,41.90998043052837,0.022375207295145454
Disillusioned Left,42.070450097847356,0.022170812523269152
Disillusioned Left,42.23091976516634,0.02195338732918331
Disillusioned Left,42.39138943248532,0.021718717325806648
Disillusioned Left,42.551859099804304,0.021471402791912203
Disillusioned Left,42.71232876712329,0.021212547892097228
Disillusioned Left,42.87279843444227,0.02094258094916359
Disillusioned Left,43.03326810176125,0.02065982537552399
Disillusioned Left,43.193737769080236,0.02036557820864249
Disillusioned Left,43.354207436399214,0.0200625622176148
Disillusioned Left,43.5146771037182,0.019751380625726917
Disillusioned Left,43.67514677103718,0.019432182692481512
Disillusioned Left,43.83561643835616,0.01910444021530569
Disillusioned Left,43.99608610567515,0.01877148566504174
Disillusioned Left,44.156555772994125,0.01843402441958686
Disillusioned Left,44.31702544031311,0.018092766205120795
Disillusioned Left,44.477495107632095,0.017747947018268304
Disillusioned Left,44.63796477495107,0.017401651695233028
Disillusioned Left,44.79843444227006,0.017054797148388975
Disillusioned Left,44.95890410958904,0.016708099210567717
Disillusioned Left,45.11937377690802,0.016362741935705957
Disillusioned Left,45.279843444227005,0.0160202153128058
Disillusioned Left,45.44031311154599,0.015680922428629764
Disillusioned Left,45.60078277886497,0.015345504451742565
Disillusioned Left,45.76125244618395,0.015014897078695688
Disillusioned Left,45.92172211350293,0.014691964188162689
Disillusioned Left,46.082191780821915,0.014375532564183422
Disillusioned Left,46.2426614481409,0.014066111647773232
Disillusioned Left,46.40313111545988,0.013764198876467078
Disillusioned Left,46.56360078277886,0.013473243296193874
Disillusioned Left,46.72407045009785,0.013192075888136163
Disillusioned Left,46.884540117416826,0.01292027218308461
Disillusioned Left,47.04500978473581,0.012658172603633
Disillusioned Left,47.205479452054796,0.012408038704546548
Disillusioned Left,47.365949119373774,0.01217105379422038
Disillusioned Left,47.52641878669276,0.011944961953883008
Disillusioned Left,47.68688845401174,0.011729954875574322
Disillusioned Left,47.84735812133072,0.011526608235563056
Disillusioned Left,48.007827788649706,0.01133928314662413
Disillusioned Left,48.168297455968684,0.011163643202490043
Disillusioned Left,48.32876712328767,0.010999758219268308
Disillusioned Left,48.489236790606654,0.010847689902655977
Disillusioned Left,48.64970645792563,0.010711195162141529
Disillusioned Left,48.81017612524462,0.010587948385442204
Disillusioned Left,48.9706457925636,0.010476573187874665
Disillusioned Left,49.13111545988258,0.010377043532683103
Disillusioned Left,49.291585127201564,0.010291233872912631
Disillusioned Left,49.45205479452055,0.01022018923908638
Disillusioned Left,49.61252446183953,0.010160724092117834
Disillusioned Left,49.77299412915851,0.010112747367898614
Disillusioned Left,49.93346379647749,0.01007632651136947
Disillusioned Left,50.093933463796475,0.01005569994948502
Disillusioned Left,50.25440313111546,0.010046042106323412
Disillusioned Left,50.41487279843444,0.010047206202855725
Disillusioned Left,50.57534246575342,0.010059041017976013
Disillusioned Left,50.73581213307241,0.010084340289169562
Disillusioned Left,50.896281800391385,0.010121098414500157
Disillusioned Left,51.05675146771037,0.010167714737292234
Disillusioned Left,51.217221135029355,0.010223979261154316
Disillusioned Left,51.37769080234833,0.010290960986735296
Disillusioned Left,51.53816046966732,0.010369428436227608
Disillusioned Left,51.6986301369863,0.010456464122347318
Disillusioned Left,51.85909980430528,0.01055179216718387
Disillusioned Left,52.019569471624266,0.010655131270626526
Disillusioned Left,52.18003913894324,0.010769106944292835
Disillusioned Left,52.34050880626223,0.010890042845635124
Disillusioned Left,52.50097847358121,0.011017556406857601
Disillusioned Left,52.66144814090019,0.011151298651050577
Disillusioned Left,52.821917808219176,0.011292283250003
Disillusioned Left,52.98238747553816,0.011439069588361264
Disillusioned Left,53.14285714285714,0.01159038074227413
Disillusioned Left,53.303326810176124,0.011745811596470554
Disillusioned Left,53.46379647749511,0.01190530912301664
Disillusioned Left,53.62426614481409,0.012068560410185699
Disillusioned Left,53.78473581213307,0.012234036515536617
Disillusioned Left,53.945205479452056,0.012401302750389526
Disillusioned Left,54.105675146771034,0.012569923403642953
Disillusioned Left,54.26614481409002,0.012739403153324143
Disillusioned Left,54.426614481409,0.012908738166004083
Disillusioned Left,54.58708414872798,0.013077487568450527
Disillusioned Left,54.74755381604697,0.013245228914142513
Disillusioned Left,54.908023483365945,0.013410960750074875
Disillusioned Left,55.06849315068493,0.013573994871040737
Disillusioned Left,55.228962818003914,0.013734236153479336
Disillusioned Left,55.38943248532289,0.013891318360979354
Disillusioned Left,55.54990215264188,0.014044449314645472
Disillusioned Left,55.71037181996086,0.014192090117692796
Disillusioned Left,55.87084148727984,0.01433510946539895
Disillusioned Left,56.031311154598825,0.014473233407497154
Disillusioned Left,56.1917808219178,0.014606196368357466
Disillusioned Left,56.35225048923679,0.014731492553221672
Disillusioned Left,56.51272015655577,0.014850626604350436
Disillusioned Left,56.67318982387475,0.014963684931103062
Disillusioned Left,56.833659491193735,0.015070515312623321
Disillusioned Left,56.99412915851272,0.015169446165006484
Disillusioned Left,57.1545988258317,0.015260535498108383
Disillusioned Left,57.31506849315068,0.015344972146374153
Disillusioned Left,57.47553816046967,0.015422714841584407
Disillusioned Left,57.636007827788646,0.015493165258363417
Disillusioned Left,57.79647749510763,0.0155545943474471
Disillusioned Left,57.956947162426616,0.01560934467228473
Disillusioned Left,58.11741682974559,0.015657465385577135
Disillusioned Left,58.27788649706458,0.015699011570595296
Disillusioned Left,58.438356164383556,0.01573177131350744
Disillusioned Left,58.59882583170254,0.015757831915778567
Disillusioned Left,58.759295499021526,0.01577771744649614
Disillusioned Left,58.919765166340504,0.015791539195278446
Disillusioned Left,59.08023483365949,0.015798203766211633
Disillusioned Left,59.240704500978474,0.015797980998836086
Disillusioned Left,59.40117416829745,0.01579226357333018
Disillusioned Left,59.56164383561644,0.015781188183570764
Disillusioned Left,59.72211350293542,0.015764573479204968
Disillusioned Left,59.8825831702544,0.015741206431997747
Disillusioned Left,60.043052837573384,0.01571310885131291
Disillusioned Left,60.20352250489236,0.015680420922862648
Disillusioned Left,60.36399217221135,0.015643282528505314
Disillusioned Left,60.52446183953033,0.015600469751680425
Disillusioned Left,60.68493150684931,0.015553329515917494
Disillusioned Left,60.845401174168295,0.015502351601735983
Disillusioned Left,61.00587084148728,0.015447669472507608
Disillusioned Left,61.16634050880626,0.015388778478282196
Disillusioned Left,61.32681017612524,0.01532581908344814
Disillusioned Left,61.48727984344423,0.015259740099957175
Disillusioned Left,61.647749510763205,0.015190669694716998
Disillusioned Left,61.80821917808219,0.015118618242457662
Disillusioned Left,61.968688845401175,0.015042931604076416
Disillusioned Left,62.12915851272015,0.014964824251005728
Disillusioned Left,62.28962818003914,0.014884423254955925
Disillusioned Left,62.450097847358116,0.014801855705987122
Disillusioned Left,62.6105675146771,0.014716686523963173
Disillusioned Left,62.771037181996086,0.014629589123300235
Disillusioned Left,62.93150684931506,0.014540894429065112
Disillusioned Left,63.09197651663405,0.01445072855045388
Disillusioned Left,63.25244618395303,0.014359028074715301
Disillusioned Left,63.41291585127201,0.01426595893142777
Disillusioned Left,63.573385518590996,0.014171970029163301
Disillusioned Left,63.73385518590998,0.014077178495845931
Disillusioned Left,63.89432485322896,0.013981688144465623
Disillusioned Left,64.05479452054794,0.013885510486308405
Disillusioned Left,64.21526418786692,0.013789015826384554
Disillusioned Left,64.37573385518591,0.013692297662446631
Disillusioned Left,64.53620352250489,0.013595446785393525
Disillusioned Left,64.69667318982387,0.013498586787534699
Disillusioned Left,64.85714285714286,0.013401856190635329
Disillusioned Left,65.01761252446184,0.01330530957961265
Disillusioned Left,65.17808219178082,0.013208996661700109
Disillusioned Left,65.3385518590998,0.013113014792349751
Disillusioned Left,65.49902152641879,0.013017456901260624
Disillusioned Left,65.65949119373776,0.012922248117728689
Disillusioned Left,65.81996086105674,0.012827387474399621
Disillusioned Left,65.98043052837573,0.012732871452082326
Disillusioned Left,66.14090019569471,0.012638790744221553
Disillusioned Left,66.30136986301369,0.012544954307835558
Disillusioned Left,66.46183953033268,0.012451312530217975
Disillusioned Left,66.62230919765166,0.012357812589115415
Disillusioned Left,66.78277886497064,0.012264375743666072
Disillusioned Left,66.94324853228963,0.012170850598389123
Disillusioned Left,67.10371819960861,0.012077147078681615
Disillusioned Left,67.26418786692759,0.011983181239319267
Disillusioned Left,67.42465753424658,0.011888796500614448
Disillusioned Left,67.58512720156556,0.011793731741937777
Disillusioned Left,67.74559686888453,0.011698003817149047
Disillusioned Left,67.90606653620353,0.011601523772950397
Disillusioned Left,68.0665362035225,0.011504203309337957
Disillusioned Left,68.22700587084148,0.011405494890424644
Disillusioned Left,68.38747553816047,0.011305654781892752
Disillusioned Left,68.54794520547945,0.01120463199283627
Disillusioned Left,68.70841487279843,0.011102364443236305
Disillusioned Left,68.86888454011742,0.010998427198585516
Disillusioned Left,69.0293542074364,0.010892872973041541
Disillusioned Left,69.18982387475538,0.010785898614978726
Disillusioned Left,69.35029354207435,0.010677489980080992
Disillusioned Left,69.51076320939335,0.01056747468191314
Disillusioned Left,69.67123287671232,0.010455593107354328
Disillusioned Left,69.8317025440313,0.010342332568915008
Disillusioned Left,69.9921722113503,0.010227735326803654
Disillusioned Left,70.15264187866927,0.010111848031204346
Disillusioned Left,70.31311154598825,0.009994310776496847
Disillusioned Left,70.47358121330724,0.009875685718881984
Disillusioned Left,70.63405088062622,0.009756104606077082
Disillusioned Left,70.7945205479452,0.009635661242426694
Disillusioned Left,70.95499021526419,0.009514325496352815
Disillusioned Left,71.11545988258317,0.009392367265284612
Disillusioned Left,71.27592954990214,0.009270035770107
Disillusioned Left,71.43639921722114,0.009147448864785385
Disillusioned Left,71.59686888454011,0.009024734300395793
Disillusioned Left,71.75733855185909,0.008902141050080524
Disillusioned Left,71.91780821917808,0.008779822608544551
Disillusioned Left,72.07827788649706,0.008657890683316901
Disillusioned Left,72.23874755381604,0.008536455249166327
Disillusioned Left,72.39921722113503,0.008415932095660661
Disillusioned Left,72.55968688845401,0.008296277848811824
Disillusioned Left,72.72015655577299,0.008177533780563247
Disillusioned Left,72.88062622309198,0.008059773141419885
Disillusioned Left,73.04109589041096,0.007943323648478696
Disillusioned Left,73.20156555772994,0.007828263051064438
Disillusioned Left,73.36203522504893,0.007714399190181916
Disillusioned Left,73.5225048923679,0.007601752515775596
Disillusioned Left,73.68297455968688,0.007490430727248978
Disillusioned Left,73.84344422700586,0.007380767441181436
Disillusioned Left,74.00391389432485,0.007272301018619573
Disillusioned Left,74.16438356164383,0.007164999544765826
Disillusioned Left,74.32485322896281,0.0070588275010138
Disillusioned Left,74.4853228962818,0.006954080094377654
Disillusioned Left,74.64579256360078,0.00685035595923426
Disillusioned Left,74.80626223091976,0.00674750977246668
Disillusioned Left,74.96673189823875,0.006645472786777631
Disillusioned Left,75.12720156555773,0.0065442916827334
Disillusioned Left,75.2876712328767,0.0064438191563919054
Disillusioned Left,75.4481409001957,0.006343821210346219
Disillusioned Left,75.60861056751467,0.006244223659959506
Disillusioned Left,75.76908023483365,0.0061449637779398105
Disillusioned Left,75.92954990215264,0.006045979891040281
Disillusioned Left,76.09001956947162,0.005947097487576643
Disillusioned Left,76.2504892367906,0.005848264548037613
Disillusioned Left,76.41095890410959,0.005749431801616417
Disillusioned Left,76.57142857142857,0.0056505155031784235
Disillusioned Left,76.73189823874755,0.005551478495150263
Disillusioned Left,76.89236790606654,0.005452314656332889
Disillusioned Left,77.05283757338552,0.005353015526746114
Disillusioned Left,77.2133072407045,0.005253555219915398
Disillusioned Left,77.37377690802349,0.00515395300146834
Disillusioned Left,77.53424657534246,0.0050542722031507595
Disillusioned Left,77.69471624266144,0.0049545456540614615
Disillusioned Left,77.85518590998042,0.00485481180810389
Disillusioned Left,78.01565557729941,0.004755180275445588
Disillusioned Left,78.17612524461839,0.004655713537785993
Disillusioned Left,78.33659491193737,0.00455647144842416
Disillusioned Left,78.49706457925636,0.004457514956513293
Disillusioned Left,78.65753424657534,0.00435906286829041
Disillusioned Left,78.81800391389432,0.004261165388867056
Disillusioned Left,78.97847358121331,0.0041638434568328515
Disillusioned Left,79.13894324853229,0.0040671603956030445
Disillusioned Left,79.29941291585126,0.003971313398790198
Disillusioned Left,79.45988258317026,0.003876498042917307
Disillusioned Left,79.62035225048923,0.0037825741100776184
Disillusioned Left,79.78082191780821,0.003689586856126168
Disillusioned Left,79.9412915851272,0.0035975957077347804
Disillusioned Left,80.10176125244618,0.0035070727646016476
Disillusioned Left,80.26223091976516,0.0034176345991622664
Disillusioned Left,80.42270058708415,0.003329297754126875
Disillusioned Left,80.58317025440313,0.0032420764520935006
Disillusioned Left,80.7436399217221,0.0031563115940986593
Disillusioned Left,80.9041095890411,0.0030718212648472415
Disillusioned Left,81.06457925636008,0.0029884454463009087
Disillusioned Left,81.22504892367905,0.002906172632848115
Disillusioned Left,81.38551859099805,0.0028251408757681844
Disillusioned Left,81.54598825831702,0.002745455339392079
Disillusioned Left,81.706457925636,0.0026667860434808075
Disillusioned Left,81.86692759295498,0.0025891086389885584
Disillusioned Left,82.02739726027397,0.002512398317327263
Disillusioned Left,82.18786692759295,0.002437000922125904
Disillusioned Left,82.34833659491193,0.0023624894332124895
Disillusioned Left,82.50880626223092,0.0022888387397844356
Disillusioned Left,82.6692759295499,0.0022160286622060505
Disillusioned Left,82.82974559686888,0.002144256054568001
Disillusioned Left,82.99021526418787,0.0020733977072706364
Disillusioned Left,83.15068493150685,0.0020033236018992084
Disillusioned Left,83.31115459882582,0.001934029905718504
Disillusioned Left,83.47162426614481,0.0018656124658306382
Disillusioned Left,83.63209393346379,0.0017982210358936483
Disillusioned Left,83.79256360078277,0.0017316356565390328
Disillusioned Left,83.95303326810176,0.0016658724994715551
Disillusioned Left,84.11350293542074,0.0016009492489671153
Disillusioned Left,84.27397260273972,0.0015372578426617863
Disillusioned Left,84.43444227005871,0.0014745155106331458
Disillusioned Left,84.59491193737769,0.0014127327605654428
Disillusioned Left,84.75538160469667,0.0013519418891586765
Disillusioned Left,84.91585127201566,0.0012924560412561935
Disillusioned Left,85.07632093933464,0.0012342648354340079
Disillusioned Left,85.23679060665361,0.0011772256707907169
Disillusioned Left,85.3972602739726,0.0011213751367806905
Disillusioned Left,85.55772994129158,0.001066885324853362
Disillusioned Left,85.71819960861056,0.0010141030110300663
Disillusioned Left,85.87866927592954,9.626640085880249e-4
Disillusioned Left,86.03913894324853,9.125981404003829e-4
Disillusioned Left,86.19960861056751,8.639343126582729e-4
Disillusioned Left,86.36007827788649,8.1726596303267e-4
Disillusioned Left,86.52054794520548,7.721417705151951e-4
Disillusioned Left,86.68101761252446,7.285134108048842e-4
Disillusioned Left,86.84148727984343,6.863942590339227e-4
Disillusioned Left,87.00195694716243,6.461535723277205e-4
Disillusioned Left,87.1624266144814,6.077367901351602e-4
Disillusioned Left,87.32289628180038,5.708475178172775e-4
Disillusioned Left,87.48336594911937,5.354806874848868e-4
Disillusioned Left,87.64383561643835,5.017565746153866e-4
Disillusioned Left,87.80430528375733,4.7003256132340735e-4
Disillusioned Left,87.96477495107632,4.3977197748027634e-4
Disillusioned Left,88.1252446183953,4.109530801100362e-4
Disillusioned Left,88.28571428571428,3.8355298614327826e-4
Disillusioned Left,88.44618395303327,3.580267095284627e-4
Disillusioned Left,88.60665362035225,3.339074883727451e-4
Disillusioned Left,88.76712328767123,3.1107459810688406e-4
Disillusioned Left,88.92759295499022,2.8949408447880015e-4
Disillusioned Left,89.0880626223092,2.69374640183543e-4
Disillusioned Left,89.24853228962817,2.506355926007535e-4
Disillusioned Left,89.40900195694717,2.3298300156273974e-4
Disillusioned Left,89.56947162426614,2.1637814566147245e-4
Disillusioned Left,89.72994129158512,0.00020084322275533921
Disillusioned Left,89.89041095890411,1.8658231462526665e-4
Disillusioned Left,90.05088062622309,1.7319505781933765e-4
Disillusioned Left,90.21135029354207,1.6064362074625266e-4
Disillusioned Left,90.37181996086105,1.4889044365662022e-4
Disillusioned Left,90.53228962818004,1.381306767554382e-4
Disillusioned Left,90.69275929549902,1.2810640612378462e-4
Disillusioned Left,90.853228962818,1.1872306574338564e-4
Disillusioned Left,91.01369863013699,1.0994819494942036e-4
Disillusioned Left,91.17416829745596,1.0184985531990981e-4
Disillusioned Left,91.33463796477494,9.43866890044453e-5
Disillusioned Left,91.49510763209393,8.740117501167284e-5
Disillusioned Left,91.65557729941291,8.086764631647115e-5
Disillusioned Left,91.81604696673189,7.477854570446754e-5
Disillusioned Left,91.97651663405088,6.922133052748508e-5
Disillusioned Left,92.13698630136986,6.401503803970885e-5
Disillusioned Left,92.29745596868884,5.914077675588617e-5
Disillusioned Left,92.45792563600783,5.458014905519792e-5
Disillusioned Left,92.6183953033268,5.039955792795012e-5
Disillusioned Left,92.77886497064578,4.650681253221864e-5
Disillusioned Left,92.93933463796478,4.2859106048655965e-5
Disillusioned Left,93.09980430528375,3.9443559326596745e-5
Disillusioned Left,93.26027397260273,3.628217157675494e-5
Disillusioned Left,93.42074363992172,3.3368186082001455e-5
Disillusioned Left,93.5812133072407,3.0638073437847546e-5
Disillusioned Left,93.74168297455968,2.8082926777530817e-5
Disillusioned Left,93.90215264187867,2.5698042015947264e-5
Disillusioned Left,94.06262230919765,2.3526694327261265e-5
Disillusioned Left,94.22309197651663,2.1496060853498265e-5
Disillusioned Left,94.3835616438356,1.959979354157111e-5
Disillusioned Left,94.5440313111546,1.7831691131412015e-5
Disillusioned Left,94.70450097847358,1.6219112131607647e-5
Disillusioned Left,94.86497064579255,1.4730168683992973e-5
Disillusioned Left,95.02544031311155,1.3345400603275362e-5
Disillusioned Left,95.18590998043052,1.206006778164105e-5
Disillusioned Left,95.3463796477495,1.0882856905341162e-5
Disillusioned Left,95.5068493150685,9.815249435272914e-6
Disillusioned Left,95.66731898238747,8.827965460151731e-6
Disillusioned Left,95.82778864970645,7.917168917442012e-6
Disillusioned Left,95.98825831702544,7.0794868994266706e-6
Disillusioned Left,96.14872798434442,6.336175140939271e-6
Disillusioned Left,96.3091976516634,5.653515586880044e-6
Disillusioned Left,96.46966731898239,5.028333066267746e-6
Disillusioned Left,96.63013698630137,4.457499989997271e-6
Disillusioned Left,96.79060665362034,3.95068534925215e-6
Disillusioned Left,96.95107632093934,3.495272880342871e-6
Disillusioned Left,97.11154598825831,3.081570694935144e-6
Disillusioned Left,97.27201565557729,2.7070376868624424e-6
Disillusioned Left,97.43248532289628,2.3735161549803726e-6
Disillusioned Left,97.59295499021526,2.0815256792835095e-6
Disillusioned Left,97.75342465753424,1.8185346912773198e-6
Disillusioned Left,97.91389432485323,1.5825682793629919e-6
Disillusioned Left,98.07436399217221,1.3716954924456265e-6
Disillusioned Left,98.23483365949119,1.1919675317340117e-6
Disillusioned Left,98.39530332681016,1.031760449951213e-6
Disillusioned Left,98.55577299412916,8.893244077786909e-7
Disillusioned Left,98.71624266144813,7.63249375285053e-7
Disillusioned Left,98.87671232876711,6.55444191016738e-7
Disillusioned Left,99.0371819960861,5.620876365703285e-7
Disillusioned Left,99.19765166340508,4.79839636063716e-7
Disillusioned Left,99.35812133072406,4.077339544104035e-7
Disillusioned Left,99.51859099804305,3.4571945906347257e-7
Disillusioned Left,99.67906066536203,2.9374583024408986e-7
Disillusioned Left,99.83953033268101,2.48362646155747e-7
Disillusioned Left,100,2.0894993725205486e-7
Faith-Based Conservatives,18,0.007922435739402005
Faith-Based Conservatives,18.16046966731898,0.00817517509163786
Faith-Based Conservatives,18.320939334637966,0.008423609030649277
Faith-Based Conservatives,18.481409001956948,0.008666857275120341
Faith-Based Conservatives,18.64187866927593,0.008905554219377144
Faith-Based Conservatives,18.80234833659491,0.00913946277920934
Faith-Based Conservatives,18.962818003913895,0.009368250939243313
Faith-Based Conservatives,19.123287671232877,0.009589559698602628
Faith-Based Conservatives,19.283757338551858,0.009805281921935324
Faith-Based Conservatives,19.444227005870843,0.0100153075344267
Faith-Based Conservatives,19.604696673189824,0.010219535981163862
Faith-Based Conservatives,19.765166340508806,0.010416194339985375
Faith-Based Conservatives,19.925636007827787,0.010606037574309635
Faith-Based Conservatives,20.086105675146772,0.01078987784373502
Faith-Based Conservatives,20.246575342465754,0.010967710583489824
Faith-Based Conservatives,20.407045009784735,0.011138809254057584
Faith-Based Conservatives,20.567514677103716,0.011302175772856674
Faith-Based Conservatives,20.7279843444227,0.011459644751790328
Faith-Based Conservatives,20.888454011741683,0.011611262735410098
Faith-Based Conservatives,21.048923679060664,0.011757078656144095
Faith-Based Conservatives,21.20939334637965,0.01189498930596902
Faith-Based Conservatives,21.36986301369863,0.012027079487965107
Faith-Based Conservatives,21.53033268101761,0.012153612706255968
Faith-Based Conservatives,21.690802348336593,0.012274642500783807
Faith-Based Conservatives,21.851272015655578,0.012389017305941512
Faith-Based Conservatives,22.01174168297456,0.012496990703037397
Faith-Based Conservatives,22.17221135029354,0.012599660648522642
Faith-Based Conservatives,22.332681017612526,0.01269706066235463
Faith-Based Conservatives,22.493150684931507,0.012788878980547522
Faith-Based Conservatives,22.65362035225049,0.01287365901892782
Faith-Based Conservatives,22.81409001956947,0.012953268478540125
Faith-Based Conservatives,22.974559686888455,0.01302771820252843
Faith-Based Conservatives,23.135029354207436,0.013097017710599302
Faith-Based Conservatives,23.295499021526417,0.013159492365975667
Faith-Based Conservatives,23.455968688845402,0.01321635596085632
Faith-Based Conservatives,23.616438356164384,0.013268090269889843
Faith-Based Conservatives,23.776908023483365,0.013314700484434346
Faith-Based Conservatives,23.937377690802347,0.013355332557675601
Faith-Based Conservatives,24.09784735812133,0.013389585965092285
Faith-Based Conservatives,24.258317025440313,0.013418771747736216
Faith-Based Conservatives,24.418786692759294,0.013442916104684642
Faith-Based Conservatives,24.57925636007828,0.013462000114522147
Faith-Based Conservatives,24.73972602739726,0.013474112626126807
Faith-Based Conservatives,24.900195694716242,0.013481376784226066
Faith-Based Conservatives,25.060665362035223,0.013483861605776722
Faith-Based Conservatives,25.22113502935421,0.013481640406934638
Faith-Based Conservatives,25.38160469667319,0.01347359542139507
Faith-Based Conservatives,25.54207436399217,0.013460485773432243
Faith-Based Conservatives,25.702544031311156,0.013443116730506317
Faith-Based Conservatives,25.863013698630137,0.013421613704156284
Faith-Based Conservatives,26.02348336594912,0.013395688763789194
Faith-Based Conservatives,26.1839530332681,0.013364894882804151
Faith-Based Conservatives,26.344422700587085,0.013330624748176001
Faith-Based Conservatives,26.504892367906066,0.013293047672746394
Faith-Based Conservatives,26.665362035225048,0.013252335899785441
Faith-Based Conservatives,26.82583170254403,0.013207726090955786
Faith-Based Conservatives,26.986301369863014,0.01316048538220785
Faith-Based Conservatives,27.146771037181995,0.013110938926422037
Faith-Based Conservatives,27.307240704500977,0.013059279748379964
Faith-Based Conservatives,27.467710371819962,0.013005377689813894
Faith-Based Conservatives,27.628180039138943,0.012949653781674095
Faith-Based Conservatives,27.788649706457925,0.012892678696099856
Faith-Based Conservatives,27.949119373776906,0.012834641482917129
Faith-Based Conservatives,28.10958904109589,0.012775699768205317
Faith-Based Conservatives,28.270058708414872,0.012716016122518487
Faith-Based Conservatives,28.430528375733854,0.012656072173939025
Faith-Based Conservatives,28.59099804305284,0.012596034305092514
Faith-Based Conservatives,28.75146771037182,0.012536066511307996
Faith-Based Conservatives,28.9119373776908,0.012476510540716863
Faith-Based Conservatives,29.072407045009783,0.012417580515012704
Faith-Based Conservatives,29.232876712328768,0.012359381636879954
Faith-Based Conservatives,29.39334637964775,0.012302049243345568
Faith-Based Conservatives,29.55381604696673,0.012245913806938713
Faith-Based Conservatives,29.714285714285715,0.012191352130065955
Faith-Based Conservatives,29.874755381604697,0.01213820891015045
Faith-Based Conservatives,30.035225048923678,0.012086599047132168
Faith-Based Conservatives,30.19569471624266,0.012036636244233156
Faith-Based Conservatives,30.356164383561644,0.011989283870474684
Faith-Based Conservatives,30.516634050880626,0.011943959895153627
Faith-Based Conservatives,30.677103718199607,0.011900773157463579
Faith-Based Conservatives,30.83757338551859,0.01185983379604739
Faith-Based Conservatives,30.998043052837573,0.011821931878683063
Faith-Based Conservatives,31.158512720156555,0.011787050001610178
Faith-Based Conservatives,31.318982387475536,0.011754921645831638
Faith-Based Conservatives,31.47945205479452,0.011725665343819894
Faith-Based Conservatives,31.639921722113503,0.011699729917005554
Faith-Based Conservatives,31.800391389432484,0.011678047334804547
Faith-Based Conservatives,31.960861056751465,0.011659784909963134
Faith-Based Conservatives,32.12133072407045,0.011645069050349503
Faith-Based Conservatives,32.28180039138943,0.011634026296752982
Faith-Based Conservatives,32.44227005870842,0.01162827193020686
Faith-Based Conservatives,32.602739726027394,0.011626840673775151
Faith-Based Conservatives,32.76320939334638,0.011629628960400573
Faith-Based Conservatives,32.923679060665364,0.011636751105166418
Faith-Based Conservatives,33.08414872798434,0.011649271756580832
Faith-Based Conservatives,33.24461839530333,0.011667444418293841
Faith-Based Conservatives,33.40508806262231,0.011690377798677189
Faith-Based Conservatives,33.56555772994129,0.011718141292948774
Faith-Based Conservatives,33.726027397260275,0.011751026496917028
Faith-Based Conservatives,33.88649706457925,0.011790740789291158
Faith-Based Conservatives,34.04696673189824,0.01183544655309851
Faith-Based Conservatives,34.20743639921722,0.011885132076157542
Faith-Based Conservatives,34.3679060665362,0.01193977730583167
Faith-Based Conservatives,34.528375733855185,0.012000816028858918
Faith-Based Conservatives,34.68884540117417,0.01206714911927077
Faith-Based Conservatives,34.84931506849315,0.012138103498581458
Faith-Based Conservatives,35.00978473581213,0.012213550232800852
Faith-Based Conservatives,35.17025440313112,0.012293942934313058
Faith-Based Conservatives,35.330724070450096,0.012379415363534419
Faith-Based Conservatives,35.49119373776908,0.012468563503876182
Faith-Based Conservatives,35.65166340508806,0.012561147944277005
Faith-Based Conservatives,35.81213307240704,0.012656920609746637
Faith-Based Conservatives,35.97260273972603,0.012756522378293873
Faith-Based Conservatives,36.133072407045006,0.012858341777535611
Faith-Based Conservatives,36.29354207436399,0.012962025578014345
Faith-Based Conservatives,36.454011741682976,0.013067244914923483
Faith-Based Conservatives,36.614481409001954,0.013173774058861953
Faith-Based Conservatives,36.77495107632094,0.013280815899785671
Faith-Based Conservatives,36.935420743639924,0.013387831619032009
Faith-Based Conservatives,37.0958904109589,0.013494461319076041
Faith-Based Conservatives,37.256360078277886,0.013600213599048836
Faith-Based Conservatives,37.41682974559687,0.013704082223285093
Faith-Based Conservatives,37.57729941291585,0.013805990456795175
Faith-Based Conservatives,37.737769080234834,0.01390560435722506
Faith-Based Conservatives,37.89823874755381,0.01400259451651933
Faith-Based Conservatives,38.0587084148728,0.01409535249416095
Faith-Based Conservatives,38.21917808219178,0.014184241000076458
Faith-Based Conservatives,38.37964774951076,0.014269209439295836
Faith-Based Conservatives,38.540117416829744,0.014350005805304539
Faith-Based Conservatives,38.70058708414873,0.01442544442216215
Faith-Based Conservatives,38.86105675146771,0.014494952574605114
Faith-Based Conservatives,39.02152641878669,0.01455938359436426
Faith-Based Conservatives,39.18199608610568,0.014618585953173604
Faith-Based Conservatives,39.342465753424655,0.014672218844689068
Faith-Based Conservatives,39.50293542074364,0.014718140969068814
Faith-Based Conservatives,39.66340508806262,0.014758363183439703
Faith-Based Conservatives,39.8238747553816,0.0147928328002006
Faith-Based Conservatives,39.98434442270059,0.01482150457711417
Faith-Based Conservatives,40.144814090019565,0.01484260837183194
Faith-Based Conservatives,40.30528375733855,0.014857158410055391
Faith-Based Conservatives,40.465753424657535,0.014865902138293769
Faith-Based Conservatives,40.62622309197651,0.014868872060863908
Faith-Based Conservatives,40.7866927592955,0.01486533087493501
Faith-Based Conservatives,40.94716242661448,0.014854588232002882
Faith-Based Conservatives,41.10763209393346,0.014838344436893832
Faith-Based Conservatives,41.268101761252446,0.014816687715295216
Faith-Based Conservatives,41.42857142857143,0.014789710274742953
Faith-Based Conservatives,41.58904109589041,0.01475553428095507
Faith-Based Conservatives,41.74951076320939,0.014716316142389118
Faith-Based Conservatives,41.90998043052837,0.014672293664305893
Faith-Based Conservatives,42.070450097847356,0.014623600996254512
Faith-Based Conservatives,42.23091976516634,0.014569364377202387
Faith-Based Conservatives,42.39138943248532,0.014510172381673311
Faith-Based Conservatives,42.551859099804304,0.014447000863523804
Faith-Based Conservatives,42.71232876712329,0.014380026402945598
Faith-Based Conservatives,42.87279843444227,0.014309163098619487
Faith-Based Conservatives,43.03326810176125,0.014233942220967648
Faith-Based Conservatives,43.193737769080236,0.01415580276362524
Faith-Based Conservatives,43.354207436399214,0.014074970692856799
Faith-Based Conservatives,43.5146771037182,0.013991676388328803
Faith-Based Conservatives,43.67514677103718,0.01390559749761085
Faith-Based Conservatives,43.83561643835616,0.013817770524731827
Faith-Based Conservatives,43.99608610567515,0.013728634445442147
Faith-Based Conservatives,44.156555772994125,0.013638472341374717
Faith-Based Conservatives,44.31702544031311,0.013547551161196957
Faith-Based Conservatives,44.477495107632095,0.013456491229390757
Faith-Based Conservatives,44.63796477495107,0.013365768055567388
Faith-Based Conservatives,44.79843444227006,0.013275707936358941
Faith-Based Conservatives,44.95890410958904,0.013186680608591274
Faith-Based Conservatives,45.11937377690802,0.013099872398326478
Faith-Based Conservatives,45.279843444227005,0.013015233106555913
Faith-Based Conservatives,45.44031311154599,0.012933109324640119
Faith-Based Conservatives,45.60078277886497,0.012853847727406954
Faith-Based Conservatives,45.76125244618395,0.012778936445614446
Faith-Based Conservatives,45.92172211350293,0.012708528271447181
Faith-Based Conservatives,46.082191780821915,0.012642506803416095
Faith-Based Conservatives,46.2426614481409,0.01258120370974276
Faith-Based Conservatives,46.40313111545988,0.012525672986660127
Faith-Based Conservatives,46.56360078277886,0.012477456888164002
Faith-Based Conservatives,46.72407045009785,0.012435348494751471
Faith-Based Conservatives,46.884540117416826,0.012399631302814131
Faith-Based Conservatives,47.04500978473581,0.0123705835354009
Faith-Based Conservatives,47.205479452054796,0.012351402745869983
Faith-Based Conservatives,47.365949119373774,0.012339959444348025
Faith-Based Conservatives,47.52641878669276,0.01233624043941716
Faith-Based Conservatives,47.68688845401174,0.012340444659048462
Faith-Based Conservatives,47.84735812133072,0.012354708735444508
Faith-Based Conservatives,48.007827788649706,0.012379008569576742
Faith-Based Conservatives,48.168297455968684,0.01241189948837438
Faith-Based Conservatives,48.32876712328767,0.012453479964391365
Faith-Based Conservatives,48.489236790606654,0.012504474998837192
Faith-Based Conservatives,48.64970645792563,0.012567439034099322
Faith-Based Conservatives,48.81017612524462,0.012639300720321283
Faith-Based Conservatives,48.9706457925636,0.012720043398310779
Faith-Based Conservatives,49.13111545988258,0.012809640303890509
Faith-Based Conservatives,49.291585127201564,0.012910918967449824
Faith-Based Conservatives,49.45205479452055,0.013021545537983263
Faith-Based Conservatives,49.61252446183953,0.013140615442313004
Faith-Based Conservatives,49.77299412915851,0.013267979271082524
Faith-Based Conservatives,49.93346379647749,0.01340482085434219
Faith-Based Conservatives,50.093933463796475,0.013551275652416166
Faith-Based Conservatives,50.25440313111546,0.01370509716499613
Faith-Based Conservatives,50.41487279843444,0.013866018431179981
Faith-Based Conservatives,50.57534246575342,0.014033858867817156
Faith-Based Conservatives,50.73581213307241,0.014210527603095503
Faith-Based Conservatives,50.896281800391385,0.014392904483265072
Faith-Based Conservatives,51.05675146771037,0.014580626809681434
Faith-Based Conservatives,51.217221135029355,0.014773325868358922
Faith-Based Conservatives,51.37769080234833,0.014971652983804122
Faith-Based Conservatives,51.53816046966732,0.015174228366782306
Faith-Based Conservatives,51.6986301369863,0.015380001756912714
Faith-Based Conservatives,51.85909980430528,0.015588556053186563
Faith-Based Conservatives,52.019569471624266,0.0157996537964456
Faith-Based Conservatives,52.18003913894324,0.016012770104516943
Faith-Based Conservatives,52.34050880626223,0.01622680430421501
Faith-Based Conservatives,52.50097847358121,0.016441350959620172
Faith-Based Conservatives,52.66144814090019,0.01665600833822215
Faith-Based Conservatives,52.821917808219176,0.016869939843126073
Faith-Based Conservatives,52.98238747553816,0.017082675060932046
Faith-Based Conservatives,53.14285714285714,0.017293906463782233
Faith-Based Conservatives,53.303326810176124,0.01750331474148046
Faith-Based Conservatives,53.46379647749511,0.01770999834194463
Faith-Based Conservatives,53.62426614481409,0.017913469068042136
Faith-Based Conservatives,53.78473581213307,0.018113973145079523
Faith-Based Conservatives,53.945205479452056,0.01831132326828158
Faith-Based Conservatives,54.105675146771034,0.018505125795257784
Faith-Based Conservatives,54.26614481409002,0.018694095757746325
Faith-Based Conservatives,54.426614481409,0.018879385101061314
Faith-Based Conservatives,54.58708414872798,0.019060957747401918
Faith-Based Conservatives,54.74755381604697,0.019238789851425575
Faith-Based Conservatives,54.908023483365945,0.019411699116341184
Faith-Based Conservatives,55.06849315068493,0.019580625373904245
Faith-Based Conservatives,55.228962818003914,0.019746027134616973
Faith-Based Conservatives,55.38943248532289,0.019908007750816935
Faith-Based Conservatives,55.54990215264188,0.02006618629984449
Faith-Based Conservatives,55.71037181996086,0.020220577068691355
Faith-Based Conservatives,55.87084148727984,0.020372190128713753
Faith-Based Conservatives,56.031311154598825,0.020521197732593765
Faith-Based Conservatives,56.1917808219178,0.020667764505117824
Faith-Based Conservatives,56.35225048923679,0.020811331470526055
Faith-Based Conservatives,56.51272015655577,0.020953080052678204
Faith-Based Conservatives,56.67318982387475,0.02109317435152358
Faith-Based Conservatives,56.833659491193735,0.02123177347776694
Faith-Based Conservatives,56.99412915851272,0.021368748020344466
Faith-Based Conservatives,57.1545988258317,0.021504482667263864
Faith-Based Conservatives,57.31506849315068,0.02163925621020061
Faith-Based Conservatives,57.47553816046967,0.021773138849847662
Faith-Based Conservatives,57.636007827788646,0.021906105115234352
Faith-Based Conservatives,57.79647749510763,0.022038015973537745
Faith-Based Conservatives,57.956947162426616,0.02216907745337065
Faith-Based Conservatives,58.11741682974559,0.022299223441690275
Faith-Based Conservatives,58.27788649706458,0.022428375442670057
Faith-Based Conservatives,58.438356164383556,0.022555897372019663
Faith-Based Conservatives,58.59882583170254,0.02268186830809729
Faith-Based Conservatives,58.759295499021526,0.02280613721950037
Faith-Based Conservatives,58.919765166340504,0.022928481213828088
Faith-Based Conservatives,59.08023483365949,0.0230480855760794
Faith-Based Conservatives,59.240704500978474,0.023164355418492263
Faith-Based Conservatives,59.40117416829745,0.023277439280897833
Faith-Based Conservatives,59.56164383561644,0.023387004942447578
Faith-Based Conservatives,59.72211350293542,0.023492481242562938
Faith-Based Conservatives,59.8825831702544,0.02359178070255053
Faith-Based Conservatives,60.043052837573384,0.023685960844199452
Faith-Based Conservatives,60.20352250489236,0.023774646904632817
Faith-Based Conservatives,60.36399217221135,0.023857464614083612
Faith-Based Conservatives,60.52446183953033,0.023931828657929657
Faith-Based Conservatives,60.68493150684931,0.023998375581532578
Faith-Based Conservatives,60.845401174168295,0.024057464950391384
Faith-Based Conservatives,61.00587084148728,0.02410877228467345
Faith-Based Conservatives,61.16634050880626,0.024150648637765306
Faith-Based Conservatives,61.32681017612524,0.02418157518466771
Faith-Based Conservatives,61.48727984344423,0.024203520282349525
Faith-Based Conservatives,61.647749510763205,0.02421628921259681
Faith-Based Conservatives,61.80821917808219,0.024219700688715175
Faith-Based Conservatives,61.968688845401175,0.02420955678016785
Faith-Based Conservatives,62.12915851272015,0.02418966668614474
Faith-Based Conservatives,62.28962818003914,0.024160071184954415
Faith-Based Conservatives,62.450097847358116,0.02412077969354504
Faith-Based Conservatives,62.6105675146771,0.024069404351467396
Faith-Based Conservatives,62.771037181996086,0.024007071142981708
Faith-Based Conservatives,62.93150684931506,0.023935556044003426
Faith-Based Conservatives,63.09197651663405,0.023855073291717616
Faith-Based Conservatives,63.25244618395303,0.023765057396551457
Faith-Based Conservatives,63.41291585127201,0.023664229353583734
Faith-Based Conservatives,63.573385518590996,0.023555773440052285
Faith-Based Conservatives,63.73385518590998,0.02344007742704205
Faith-Based Conservatives,63.89432485322896,0.023317540906976738
Faith-Based Conservatives,64.05479452054794,0.023186663459692985
Faith-Based Conservatives,64.21526418786692,0.023050123054377116
Faith-Based Conservatives,64.37573385518591,0.022908785847276427
Faith-Based Conservatives,64.53620352250489,0.02276314325485232
Faith-Based Conservatives,64.69667318982387,0.022613139638388947
Faith-Based Conservatives,64.85714285714286,0.022459758225494626
Faith-Based Conservatives,65.01761252446184,0.02230429226547725
Faith-Based Conservatives,65.17808219178082,0.022147225814768568
Faith-Based Conservatives,65.3385518590998,0.021989026385681006
Faith-Based Conservatives,65.49902152641879,0.02183040300414899
Faith-Based Conservatives,65.65949119373776,0.02167216408881135
Faith-Based Conservatives,65.81996086105674,0.021514688590093853
Faith-Based Conservatives,65.98043052837573,0.02135834254316064
Faith-Based Conservatives,66.14090019569471,0.021204116605404735
Faith-Based Conservatives,66.30136986301369,0.021052236330861538
Faith-Based Conservatives,66.46183953033268,0.02090271261408754
Faith-Based Conservatives,66.62230919765166,0.020755730842229536
Faith-Based Conservatives,66.78277886497064,0.02061187548514635
Faith-Based Conservatives,66.94324853228963,0.020471711607722147
Faith-Based Conservatives,67.10371819960861,0.02033448264866647
Faith-Based Conservatives,67.26418786692759,0.02020017311180767
Faith-Based Conservatives,67.42465753424658,0.020068751142451522
Faith-Based Conservatives,67.58512720156556,0.01994117908050729
Faith-Based Conservatives,67.74559686888453,0.01981614440692273
Faith-Based Conservatives,67.90606653620353,0.01969341833740515
Faith-Based Conservatives,68.0665362035225,0.0195728030468976
Faith-Based Conservatives,68.22700587084148,0.0194544174369256
Faith-Based Conservatives,68.38747553816047,0.01933760877045039
Faith-Based Conservatives,68.54794520547945,0.019221774554646756
Faith-Based Conservatives,68.70841487279843,0.019106621760777254
Faith-Based Conservatives,68.86888454011742,0.018991834308853938
Faith-Based Conservatives,69.0293542074364,0.018876784097515798
Faith-Based Conservatives,69.18982387475538,0.01876104895097664
Faith-Based Conservatives,69.35029354207435,0.018644324768219464
Faith-Based Conservatives,69.51076320939335,0.018526310125850758
Faith-Based Conservatives,69.67123287671232,0.01840592904841404
Faith-Based Conservatives,69.8317025440313,0.018283168960765372
Faith-Based Conservatives,69.9921722113503,0.018157913687052014
Faith-Based Conservatives,70.15264187866927,0.01802992996518808
Faith-Based Conservatives,70.31311154598825,0.01789835883188914
Faith-Based Conservatives,70.47358121330724,0.01776268882276038
Faith-Based Conservatives,70.63405088062622,0.017623480468859833
Faith-Based Conservatives,70.7945205479452,0.0174806094742554
Faith-Based Conservatives,70.95499021526419,0.017333840180195667
Faith-Based Conservatives,71.11545988258317,0.017181633549422697
Faith-Based Conservatives,71.27592954990214,0.017025445375287003
Faith-Based Conservatives,71.43639921722114,0.016865266845732824
Faith-Based Conservatives,71.59686888454011,0.016701097996755288
Faith-Based Conservatives,71.75733855185909,0.016531819869834458
Faith-Based Conservatives,71.91780821917808,0.016358188023593425
Faith-Based Conservatives,72.07827788649706,0.016180794323610054
Faith-Based Conservatives,72.23874755381604,0.015999730237945934
Faith-Based Conservatives,72.39921722113503,0.015814649207754577
Faith-Based Conservatives,72.55968688845401,0.015625279618839305
Faith-Based Conservatives,72.72015655577299,0.015432784827873062
Faith-Based Conservatives,72.88062622309198,0.015237313238012903
Faith-Based Conservatives,73.04109589041096,0.015039016639507012
Faith-Based Conservatives,73.20156555772994,0.01483715697589876
Faith-Based Conservatives,73.36203522504893,0.014632976170079448
Faith-Based Conservatives,73.5225048923679,0.014426712194075689
Faith-Based Conservatives,73.68297455968688,0.014218538775779575
Faith-Based Conservatives,73.84344422700586,0.014008310376325014
Faith-Based Conservatives,74.00391389432485,0.013796473731379247
Faith-Based Conservatives,74.16438356164383,0.01358351126498472
Faith-Based Conservatives,74.32485322896281,0.013369598197117022
Faith-Based Conservatives,74.4853228962818,0.013154874333120911
Faith-Based Conservatives,74.64579256360078,0.012939539148183066
Faith-Based Conservatives,74.80626223091976,0.012724019182820453
Faith-Based Conservatives,74.96673189823875,0.012508481452489045
Faith-Based Conservatives,75.12720156555773,0.012293092066001668
Faith-Based Conservatives,75.2876712328767,0.012078247332261621
Faith-Based Conservatives,75.4481409001957,0.011864140205244194
Faith-Based Conservatives,75.60861056751467,0.01165089208067646
Faith-Based Conservatives,75.76908023483365,0.011438656316621132
Faith-Based Conservatives,75.92954990215264,0.01122784786491138
Faith-Based Conservatives,76.09001956947162,0.011018852240554856
Faith-Based Conservatives,76.2504892367906,0.010811515607802637
Faith-Based Conservatives,76.41095890410959,0.01060597321165796
Faith-Based Conservatives,76.57142857142857,0.010402403238738029
Faith-Based Conservatives,76.73189823874755,0.01020184107278127
Faith-Based Conservatives,76.89236790606654,0.010003625178619718
Faith-Based Conservatives,77.05283757338552,0.009807862753267808
Faith-Based Conservatives,77.2133072407045,0.009614657951758986
Faith-Based Conservatives,77.37377690802349,0.009424915258509045
Faith-Based Conservatives,77.53424657534246,0.009238408399434243
Faith-Based Conservatives,77.69471624266144,0.009054830332059411
Faith-Based Conservatives,77.85518590998042,0.008874242614187558
Faith-Based Conservatives,78.01565557729941,0.008697088213522951
Faith-Based Conservatives,78.17612524461839,0.008523983804672692
Faith-Based Conservatives,78.33659491193737,0.00835403436056736
Faith-Based Conservatives,78.49706457925636,0.008187247890012534
Faith-Based Conservatives,78.65753424657534,0.008023627655010865
Faith-Based Conservatives,78.81800391389432,0.00786436222804935
Faith-Based Conservatives,78.97847358121331,0.007708298473044283
Faith-Based Conservatives,79.13894324853229,0.007555276131754532
Faith-Based Conservatives,79.29941291585126,0.0074052424064240605
Faith-Based Conservatives,79.45988258317026,0.007258764531408466
Faith-Based Conservatives,79.62035225048923,0.0071155897016753995
Faith-Based Conservatives,79.78082191780821,0.006975057490675767
Faith-Based Conservatives,79.9412915851272,0.006837069119450377
Faith-Based Conservatives,80.10176125244618,0.006701672145330744
Faith-Based Conservatives,80.26223091976516,0.0065692989779935545
Faith-Based Conservatives,80.42270058708415,0.006438966913813287
Faith-Based Conservatives,80.58317025440313,0.00631055196999427
Faith-Based Conservatives,80.7436399217221,0.006183929292784697
Faith-Based Conservatives,80.9041095890411,0.006059424187763554
Faith-Based Conservatives,81.06457925636008,0.005936421848178212
Faith-Based Conservatives,81.22504892367905,0.005814653184875313
Faith-Based Conservatives,81.38551859099805,0.005693997546973313
Faith-Based Conservatives,81.54598825831702,0.005574466035833949
Faith-Based Conservatives,81.706457925636,0.005455899950342963
Faith-Based Conservatives,81.86692759295498,0.005337962595342865
Faith-Based Conservatives,82.02739726027397,0.005220562399996567
Faith-Based Conservatives,82.18786692759295,0.005103614356769968
Faith-Based Conservatives,82.34833659491193,0.004987114628981883
Faith-Based Conservatives,82.50880626223092,0.004870829311837932
Faith-Based Conservatives,82.6692759295499,0.004754712581866587
Faith-Based Conservatives,82.82974559686888,0.004638722875886091
Faith-Based Conservatives,82.99021526418787,0.004522838702869176
Faith-Based Conservatives,83.15068493150685,0.004407021366173054
Faith-Based Conservatives,83.31115459882582,0.004291263548517382
Faith-Based Conservatives,83.47162426614481,0.004175574153374818
Faith-Based Conservatives,83.63209393346379,0.00405998203970813
Faith-Based Conservatives,83.79256360078277,0.0039445714402483595
Faith-Based Conservatives,83.95303326810176,0.0038293649963100766
Faith-Based Conservatives,84.11350293542074,0.0037144146732872546
Faith-Based Conservatives,84.27397260273972,0.003599775487580264
Faith-Based Conservatives,84.43444227005871,0.003485709617695414
Faith-Based Conservatives,84.59491193737769,0.003372211182018508
Faith-Based Conservatives,84.75538160469667,0.0032593412735281027
Faith-Based Conservatives,84.91585127201566,0.0031471813327118804
Faith-Based Conservatives,85.07632093933464,0.0030360260508793583
Faith-Based Conservatives,85.23679060665361,0.002926049688463892
Faith-Based Conservatives,85.3972602739726,0.0028171738739350203
Faith-Based Conservatives,85.55772994129158,0.002709488907437267
Faith-Based Conservatives,85.71819960861056,0.0026031674419429544
Faith-Based Conservatives,85.87866927592954,0.0024988153393017652
Faith-Based Conservatives,86.03913894324853,0.002396048678107848
Faith-Based Conservatives,86.19960861056751,0.0022949509319838525
Faith-Based Conservatives,86.36007827788649,0.00219560437806127
Faith-Based Conservatives,86.52054794520548,0.002098726734558962
Faith-Based Conservatives,86.68101761252446,0.002004051189230824
Faith-Based Conservatives,86.84148727984343,0.0019114516848691486
Faith-Based Conservatives,87.00195694716243,0.0018209912988064196
Faith-Based Conservatives,87.1624266144814,0.0017330986349068254
Faith-Based Conservatives,87.32289628180038,0.001648110994715892
Faith-Based Conservatives,87.48336594911937,0.00156549027453056
Faith-Based Conservatives,87.64383561643835,0.0014852741384042936
Faith-Based Conservatives,87.80430528375733,0.0014074992166592183
Faith-Based Conservatives,87.96477495107632,0.0013332553767464975
Faith-Based Conservatives,88.1252446183953,0.0012615302168471525
Faith-Based Conservatives,88.28571428571428,0.001192333932417833
Faith-Based Conservatives,88.44618395303327,0.0011256744525579437
Faith-Based Conservatives,88.60665362035225,0.0010622200682720317
Faith-Based Conservatives,88.76712328767123,0.0010016955024017926
Faith-Based Conservatives,88.92759295499022,9.43682289742678e-4
Faith-Based Conservatives,89.0880626223092,8.881624865815721e-4
Faith-Based Conservatives,89.24853228962817,8.353654512994081e-4
Faith-Based Conservatives,89.40900195694717,7.857559899645205e-4
Faith-Based Conservatives,89.56947162426614,7.385122181899438e-4
Faith-Based Conservatives,89.72994129158512,6.935944438841367e-4
Faith-Based Conservatives,89.89041095890411,6.509613935041957e-4
Faith-Based Conservatives,90.05088062622309,6.113435720926806e-4
Faith-Based Conservatives,90.21135029354207,5.73966025633003e-4
Faith-Based Conservatives,90.37181996086105,5.386498787604223e-4
Faith-Based Conservatives,90.53228962818004,5.053388605543136e-4
Faith-Based Conservatives,90.69275929549902,4.743499326022986e-4
Faith-Based Conservatives,90.853228962818,4.4557260509988153e-4
Faith-Based Conservatives,91.01369863013699,4.1852921101145446e-4
Faith-Based Conservatives,91.17416829745596,3.931557807165673e-4
Faith-Based Conservatives,91.33463796477494,3.6945743934346136e-4
Faith-Based Conservatives,91.49510763209393,3.478035059182113e-4
Faith-Based Conservatives,91.65557729941291,3.275308544949269e-4
Faith-Based Conservatives,91.81604696673189,3.0857519469832935e-4
Faith-Based Conservatives,91.97651663405088,2.9087254870716815e-4
Faith-Based Conservatives,92.13698630136986,2.7468307188826163e-4
Faith-Based Conservatives,92.29745596868884,2.596628745605923e-4
Faith-Based Conservatives,92.45792563600783,2.456238714692591e-4
Faith-Based Conservatives,92.6183953033268,2.3250866266406067e-4
Faith-Based Conservatives,92.77886497064578,2.203743386566058e-4
Faith-Based Conservatives,92.93933463796478,2.0920916837964654e-4
Faith-Based Conservatives,93.09980430528375,1.987339208799338e-4
Faith-Based Conservatives,93.26027397260273,1.8890194431452908e-4
Faith-Based Conservatives,93.42074363992172,1.7966758858833953e-4
Faith-Based Conservatives,93.5812133072407,1.7117529902561392e-4
Faith-Based Conservatives,93.74168297455968,1.6314775064024656e-4
Faith-Based Conservatives,93.90215264187867,1.555457381261675e-4
Faith-Based Conservatives,94.06262230919765,1.4833619012996074e-4
Faith-Based Conservatives,94.22309197651663,1.4156343718989752e-4
Faith-Based Conservatives,94.3835616438356,1.351447133954805e-4
Faith-Based Conservatives,94.5440313111546,1.289991522792224e-4
Faith-Based Conservatives,94.70450097847358,1.2310559454823864e-4
Faith-Based Conservatives,94.86497064579255,1.1746248378005411e-4
Faith-Based Conservatives,95.02544031311155,1.1208569529199413e-4
Faith-Based Conservatives,95.18590998043052,1.0688814731382815e-4
Faith-Based Conservatives,95.3463796477495,1.0185839400808568e-4
Faith-Based Conservatives,95.5068493150685,9.698567686535541e-5
Faith-Based Conservatives,95.66731898238747,9.230670118191085e-5
Faith-Based Conservatives,95.82778864970645,8.776800721244369e-5
Faith-Based Conservatives,95.98825831702544,8.335548133302042e-5
Faith-Based Conservatives,96.14872798434442,7.906483219879279e-5
Faith-Based Conservatives,96.3091976516634,7.491447954353294e-5
Faith-Based Conservatives,96.46966731898239,7.09033072780721e-5
Faith-Based Conservatives,96.63013698630137,6.700408402636587e-5
Faith-Based Conservatives,96.79060665362034,6.321609339679728e-5
Faith-Based Conservatives,96.95107632093934,5.954288286246029e-5
Faith-Based Conservatives,97.11154598825831,5.602304013287334e-5
Faith-Based Conservatives,97.27201565557729,5.2614642231195716e-5
Faith-Based Conservatives,97.43248532289628,4.931821967002163e-5
Faith-Based Conservatives,97.59295499021526,4.613431791961429e-5
Faith-Based Conservatives,97.75342465753424,4.309758594166325e-5
Faith-Based Conservatives,97.91389432485323,4.018901228642957e-5
Faith-Based Conservatives,98.07436399217221,3.7394957334424565e-5
Faith-Based Conservatives,98.23483365949119,3.471557400026527e-5
Faith-Based Conservatives,98.39530332681016,3.21668442587396e-5
Faith-Based Conservatives,98.55577299412916,2.9764438903603262e-5
Faith-Based Conservatives,98.71624266144813,2.7475285294409635e-5
Faith-Based Conservatives,98.87671232876711,2.529847926589708e-5
Faith-Based Conservatives,99.0371819960861,2.323301889960344e-5
Faith-Based Conservatives,99.19765166340508,2.132033105992166e-5
Faith-Based Conservatives,99.35812133072406,1.951590410042723e-5
Faith-Based Conservatives,99.51859099804305,1.781555697293236e-5
Faith-Based Conservatives,99.67906066536203,1.621719366709212e-5
Faith-Based Conservatives,99.83953033268101,1.4741428530617433e-5
Faith-Based Conservatives,100,1.3376874065772016e-5
MAGA Right,18,0.0032021843724900473
MAGA Right,18.16046966731898,0.003340992659756593
MAGA Right,18.320939334637966,0.0034791402261752343
MAGA Right,18.481409001956948,0.0036164352903373625
MAGA Right,18.64187866927593,0.003752685070889889
MAGA Right,18.80234833659491,0.003887312913207532
MAGA Right,18.962818003913895,0.004020591929945355
MAGA Right,19.123287671232877,0.004152483978326581
MAGA Right,19.283757338551858,0.004282973097611501
MAGA Right,19.444227005870843,0.00441201404823087
MAGA Right,19.604696673189824,0.004539345703696373
MAGA Right,19.765166340508806,0.004665500945490261
MAGA Right,19.925636007827787,0.004790607654498101
MAGA Right,20.086105675146772,0.004914808934561322
MAGA Right,20.246575342465754,0.00503823546356452
MAGA Right,20.407045009784735,0.005161089645726117
MAGA Right,20.567514677103716,0.005283785900377391
MAGA Right,20.7279843444227,0.005406537789504503
MAGA Right,20.888454011741683,0.0055295614910550375
MAGA Right,21.048923679060664,0.00565314834814611
MAGA Right,21.20939334637965,0.005777798189604311
MAGA Right,21.36986301369863,0.005903582006490505
MAGA Right,21.53033268101761,0.006030694171440311
MAGA Right,21.690802348336593,0.00615932030064037
MAGA Right,21.851272015655578,0.006289848092116236
MAGA Right,22.01174168297456,0.006422769885384001
MAGA Right,22.17221135029354,0.006557800334607956
MAGA Right,22.332681017612526,0.006695038211845492
MAGA Right,22.493150684931507,0.006834567904599235
MAGA Right,22.65362035225049,0.006976777560510868
MAGA Right,22.81409001956947,0.007121911564122385
MAGA Right,22.974559686888455,0.007269465945680366
MAGA Right,23.135029354207436,0.007419418151963759
MAGA Right,23.295499021526417,0.00757173119198546
MAGA Right,23.455968688845402,0.007726687328199777
MAGA Right,23.616438356164384,0.007884203031170229
MAGA Right,23.776908023483365,0.008043730361987286
MAGA Right,23.937377690802347,0.008205135757534376
MAGA Right,24.09784735812133,0.008368273475322176
MAGA Right,24.258317025440313,0.00853320581090024
MAGA Right,24.418786692759294,0.008699579104907536
MAGA Right,24.57925636007828,0.008866928815829794
MAGA Right,24.73972602739726,0.009035029017593446
MAGA Right,24.900195694716242,0.00920364363663365
MAGA Right,25.060665362035223,0.009372480835864179
MAGA Right,25.22113502935421,0.009541059513181793
MAGA Right,25.38160469667319,0.00970906028041392
MAGA Right,25.54207436399217,0.009876182219248308
MAGA Right,25.702544031311156,0.01004211693369431
MAGA Right,25.863013698630137,0.010206073760289546
MAGA Right,26.02348336594912,0.010367663915527429
MAGA Right,26.1839530332681,0.010526736276122137
MAGA Right,26.344422700587085,0.010682949727828218
MAGA Right,26.504892367906066,0.010835962306291318
MAGA Right,26.665362035225048,0.010984399724380594
MAGA Right,26.82583170254403,0.011128271745623376
MAGA Right,26.986301369863014,0.011267607549594981
MAGA Right,27.146771037181995,0.011402103204217248
MAGA Right,27.307240704500977,0.011531466242723495
MAGA Right,27.467710371819962,0.011653834009404472
MAGA Right,27.628180039138943,0.011769932998096947
MAGA Right,27.788649706457925,0.011879975823628038
MAGA Right,27.949119373776906,0.011983810927397625
MAGA Right,28.10958904109589,0.012081312706843109
MAGA Right,28.270058708414872,0.01217049227570263
MAGA Right,28.430528375733854,0.01225291986385781
MAGA Right,28.59099804305284,0.012328971253184396
MAGA Right,28.75146771037182,0.012398749092145141
MAGA Right,28.9119373776908,0.012462390387339298
MAGA Right,29.072407045009783,0.012518355204827847
MAGA Right,29.232876712328768,0.012568772855359489
MAGA Right,29.39334637964775,0.012614131704266132
MAGA Right,29.55381604696673,0.01265480462345134
MAGA Right,29.714285714285715,0.012691193360019191
MAGA Right,29.874755381604697,0.012722763791526627
MAGA Right,30.035225048923678,0.012751483288061548
MAGA Right,30.19569471624266,0.012777882617238456
MAGA Right,30.356164383561644,0.012802494766233019
MAGA Right,30.516634050880626,0.012825852689101861
MAGA Right,30.677103718199607,0.012848680879908127
MAGA Right,30.83757338551859,0.012871899471287461
MAGA Right,30.998043052837573,0.01289601698905076
MAGA Right,31.158512720156555,0.012921523538565322
MAGA Right,31.318982387475536,0.012949003544588208
MAGA Right,31.47945205479452,0.01297975368169247
MAGA Right,31.639921722113503,0.013013540709955836
MAGA Right,31.800391389432484,0.013050653470116672
MAGA Right,31.960861056751465,0.013091344049236165
MAGA Right,32.12133072407045,0.013136098093069305
MAGA Right,32.28180039138943,0.013185943292444163
MAGA Right,32.44227005870842,0.013239850964900058
MAGA Right,32.602739726027394,0.013297796139528511
MAGA Right,32.76320939334638,0.013359717995891043
MAGA Right,32.923679060665364,0.01342584550909512
MAGA Right,33.08414872798434,0.013496469263685933
MAGA Right,33.24461839530333,0.013570377823291437
MAGA Right,33.40508806262231,0.013647309630819518
MAGA Right,33.56555772994129,0.013726987924430339
MAGA Right,33.726027397260275,0.013809340278529437
MAGA Right,33.88649706457925,0.013894067474158911
MAGA Right,34.04696673189824,0.013980321846466125
MAGA Right,34.20743639921722,0.014067815787614879
MAGA Right,34.3679060665362,0.014156275397309615
MAGA Right,34.528375733855185,0.014245488666654045
MAGA Right,34.68884540117417,0.014335127615473505
MAGA Right,34.84931506849315,0.014424928892059947
MAGA Right,35.00978473581213,0.014514799257344366
MAGA Right,35.17025440313112,0.014604679162762408
MAGA Right,35.330724070450096,0.014694559884185261
MAGA Right,35.49119373776908,0.014784562953905895
MAGA Right,35.65166340508806,0.014874850672030942
MAGA Right,35.81213307240704,0.014965618267104101
MAGA Right,35.97260273972603,0.015057093144763539
MAGA Right,36.133072407045006,0.015149821057015686
MAGA Right,36.29354207436399,0.015244352404956652
MAGA Right,36.454011741682976,0.015340898141363996
MAGA Right,36.614481409001954,0.01543984523397405
MAGA Right,36.77495107632094,0.01554158954149961
MAGA Right,36.935420743639924,0.01564734579062702
MAGA Right,37.0958904109589,0.015757556169845803
MAGA Right,37.256360078277886,0.015872134477676145
MAGA Right,37.41682974559687,0.015991418171729836
MAGA Right,37.57729941291585,0.016115720474788507
MAGA Right,37.737769080234834,0.016246626556464135
MAGA Right,37.89823874755381,0.016383818640501164
MAGA Right,38.0587084148728,0.016526775901332245
MAGA Right,38.21917808219178,0.01667552706585457
MAGA Right,38.37964774951076,0.016830050579144724
MAGA Right,38.540117416829744,0.01699160008962706
MAGA Right,38.70058708414873,0.017158872447279046
MAGA Right,38.86105675146771,0.017331002345107458
MAGA Right,39.02152641878669,0.017507565511994273
MAGA Right,39.18199608610568,0.017688081317467956
MAGA Right,39.342465753424655,0.01787258424781243
MAGA Right,39.50293542074364,0.018059304072583087
MAGA Right,39.66340508806262,0.01824724096857602
MAGA Right,39.8238747553816,0.018435561542923178
MAGA Right,39.98434442270059,0.018623393387252444
MAGA Right,40.144814090019565,0.018808825619378883
MAGA Right,40.30528375733855,0.018990772236225844
MAGA Right,40.465753424657535,0.01916829369623532
MAGA Right,40.62622309197651,0.019340368163433163
MAGA Right,40.7866927592955,0.019505969420680214
MAGA Right,40.94716242661448,0.01966101816707754
MAGA Right,41.10763209393346,0.01980640479605331
MAGA Right,41.268101761252446,0.01994135528174017
MAGA Right,41.42857142857143,0.02006497619835078
MAGA Right,41.58904109589041,0.020176360741834376
MAGA Right,41.74951076320939,0.020269885933731687
MAGA Right,41.90998043052837,0.020349064916633176
MAGA Right,42.070450097847356,0.02041336508794196
MAGA Right,42.23091976516634,0.020462319860608324
MAGA Right,42.39138943248532,0.020495097195474984
MAGA Right,42.551859099804304,0.02050667078610798
MAGA Right,42.71232876712329,0.020501971271994733
MAGA Right,42.87279843444227,0.020481054287097632
MAGA Right,43.03326810176125,0.020444051153243853
MAGA Right,43.193737769080236,0.020390407747643294
MAGA Right,43.354207436399214,0.020317027310745462
MAGA Right,43.5146771037182,0.02022911006985352
MAGA Right,43.67514677103718,0.02012730199304922
MAGA Right,43.83561643835616,0.020012309950448334
MAGA Right,43.99608610567515,0.019884102951137878
MAGA Right,44.156555772994125,0.01974198764971349
MAGA Right,44.31702544031311,0.019590283957532734
MAGA Right,44.477495107632095,0.01943003566406149
MAGA Right,44.63796477495107,0.019262313214996437
MAGA Right,44.79843444227006,0.0190877830716312
MAGA Right,44.95890410958904,0.01890765583960064
MAGA Right,45.11937377690802,0.01872459346900305
MAGA Right,45.279843444227005,0.018539720404137445
MAGA Right,45.44031311154599,0.018354146723369907
MAGA Right,45.60078277886497,0.018169224099081453
MAGA Right,45.76125244618395,0.017986923275547472
MAGA Right,45.92172211350293,0.017808047570836136
MAGA Right,46.082191780821915,0.017633481445646693
MAGA Right,46.2426614481409,0.017464062719973635
MAGA Right,46.40313111545988,0.01730158815800248
MAGA Right,46.56360078277886,0.01714759578073505
MAGA Right,46.72407045009785,0.01700137913612158
MAGA Right,46.884540117416826,0.016863381575573412
MAGA Right,47.04500978473581,0.016733988141290092
MAGA Right,47.205479452054796,0.01661505268625427
MAGA Right,47.365949119373774,0.016506989196414426
MAGA Right,47.52641878669276,0.016408258337921706
MAGA Right,47.68688845401174,0.016318851754957477
MAGA Right,47.84735812133072,0.01623871465515599
MAGA Right,48.007827788649706,0.016169403172293897
MAGA Right,48.168297455968684,0.016110241779702696
MAGA Right,48.32876712328767,0.016059563222164112
MAGA Right,48.489236790606654,0.016017073252772542
MAGA Right,48.64970645792563,0.015982459075194903
MAGA Right,48.81017612524462,0.015956848464668247
MAGA Right,48.9706457925636,0.015939036823060564
MAGA Right,49.13111545988258,0.015927716919795967
MAGA Right,49.291585127201564,0.01592255627261006
MAGA Right,49.45205479452055,0.01592323305249162
MAGA Right,49.61252446183953,0.015930620269476878
MAGA Right,49.77299412915851,0.015943593629680314
MAGA Right,49.93346379647749,0.015961375754104768
MAGA Right,50.093933463796475,0.015983795362739427
MAGA Right,50.25440313111546,0.01601070768752763
MAGA Right,50.41487279843444,0.016043103501076877
MAGA Right,50.57534246575342,0.016080159634247946
MAGA Right,50.73581213307241,0.01612153346186132
MAGA Right,50.896281800391385,0.01616726844014235
MAGA Right,51.05675146771037,0.016217430284907252
MAGA Right,51.217221135029355,0.016273447525299318
MAGA Right,51.37769080234833,0.016334525239315063
MAGA Right,51.53816046966732,0.01640054048970353
MAGA Right,51.6986301369863,0.016471648822141437
MAGA Right,51.85909980430528,0.016548008728215255
MAGA Right,52.019569471624266,0.016631509374651462
MAGA Right,52.18003913894324,0.016720908842104858
MAGA Right,52.34050880626223,0.01681611312746527
MAGA Right,52.50097847358121,0.016917214448658204
MAGA Right,52.66144814090019,0.01702428750705707
MAGA Right,52.821917808219176,0.017139348135314772
MAGA Right,52.98238747553816,0.017260488796900418
MAGA Right,53.14285714285714,0.017387555182746865
MAGA Right,53.303326810176124,0.01752045342796726
MAGA Right,53.46379647749511,0.017659113320613935
MAGA Right,53.62426614481409,0.017805039689320182
MAGA Right,53.78473581213307,0.017956100612241836
MAGA Right,53.945205479452056,0.01811204658859591
MAGA Right,54.105675146771034,0.018272614531735662
MAGA Right,54.26614481409002,0.01843765160054318
MAGA Right,54.426614481409,0.01860777125847808
MAGA Right,54.58708414872798,0.018781331913845872
MAGA Right,54.74755381604697,0.01895803909840653
MAGA Right,54.908023483365945,0.019137606671781382
MAGA Right,55.06849315068493,0.019319876998306448
MAGA Right,55.228962818003914,0.0195049612272035
MAGA Right,55.38943248532289,0.019691937180110967
MAGA Right,55.54990215264188,0.019880641347556263
MAGA Right,55.71037181996086,0.020070935168501332
MAGA Right,55.87084148727984,0.020262813963432075
MAGA Right,56.031311154598825,0.02045645050675327
MAGA Right,56.1917808219178,0.020651483995328634
MAGA Right,56.35225048923679,0.020847963716432286
MAGA Right,56.51272015655577,0.021045961629771095
MAGA Right,56.67318982387475,0.02124575958985902
MAGA Right,56.833659491193735,0.021447841751892988
MAGA Right,56.99412915851272,0.021651986306924796
MAGA Right,57.1545988258317,0.021858363225701206
MAGA Right,57.31506849315068,0.02206714229754859
MAGA Right,57.47553816046967,0.022278844330619763
MAGA Right,57.636007827788646,0.022493975692213175
MAGA Right,57.79647749510763,0.022712065584280152
MAGA Right,57.956947162426616,0.02293317433423512
MAGA Right,58.11741682974559,0.02315733096847688
MAGA Right,58.27788649706458,0.02338495525872686
MAGA Right,58.438356164383556,0.023615995295601728
MAGA Right,58.59882583170254,0.023849636101132127
MAGA Right,58.759295499021526,0.02408559488084485
MAGA Right,58.919765166340504,0.024323537086547116
MAGA Right,59.08023483365949,0.02456318821754403
MAGA Right,59.240704500978474,0.024803611911617677
MAGA Right,59.40117416829745,0.02504389460332689
MAGA Right,59.56164383561644,0.02528332330537377
MAGA Right,59.72211350293542,0.025521137265719626
MAGA Right,59.8825831702544,0.02575573645679601
MAGA Right,60.043052837573384,0.025985652367255523
MAGA Right,60.20352250489236,0.026210287345433382
MAGA Right,60.36399217221135,0.026428628090056454
MAGA Right,60.52446183953033,0.02663964245152301
MAGA Right,60.68493150684931,0.026840039106576508
MAGA Right,60.845401174168295,0.02702881722571997
MAGA Right,61.00587084148728,0.027206023480119777
MAGA Right,61.16634050880626,0.027370642750329736
MAGA Right,61.32681017612524,0.02752168233536226
MAGA Right,61.48727984344423,0.027654295269520596
MAGA Right,61.647749510763205,0.027769104389432725
MAGA Right,61.80821917808219,0.02786687086563141
MAGA Right,61.968688845401175,0.02794690946665682
MAGA Right,62.12915851272015,0.02800859259481837
MAGA Right,62.28962818003914,0.02804618813369504
MAGA Right,62.450097847358116,0.028062606929058743
MAGA Right,62.6105675146771,0.02805912936190905
MAGA Right,62.771037181996086,0.028035617195025484
MAGA Right,62.93150684931506,0.027992004128855736
MAGA Right,63.09197651663405,0.027922671370611902
MAGA Right,63.25244618395303,0.027832580140501384
MAGA Right,63.41291585127201,0.027723195828512657
MAGA Right,63.573385518590996,0.027594942779101163
MAGA Right,63.73385518590998,0.027448306180553304
MAGA Right,63.89432485322896,0.027278747687515217
MAGA Right,64.05479452054794,0.02709220557143882
MAGA Right,64.21526418786692,0.026890021856270385
MAGA Right,64.37573385518591,0.026673009384433122
MAGA Right,64.53620352250489,0.026442012663710934
MAGA Right,64.69667318982387,0.026194174580428803
MAGA Right,64.85714285714286,0.025934993800617537
MAGA Right,65.01761252446184,0.025665518835570847
MAGA Right,65.17808219178082,0.025386683873068444
MAGA Right,65.3385518590998,0.025099322414225595
MAGA Right,65.49902152641879,0.024802647517325305
MAGA Right,65.65949119373776,0.024500275304987718
MAGA Right,65.81996086105674,0.024193047961206825
MAGA Right,65.98043052837573,0.0238817829862221
MAGA Right,66.14090019569471,0.023567195369096395
MAGA Right,66.30136986301369,0.0232498776405438
MAGA Right,66.46183953033268,0.022931440447643496
MAGA Right,66.62230919765166,0.02261248748260437
MAGA Right,66.78277886497064,0.022293589361853175
MAGA Right,66.94324853228963,0.02197536419031706
MAGA Right,67.10371819960861,0.0216588503310426
MAGA Right,67.26418786692759,0.02134423552123607
MAGA Right,67.42465753424658,0.021031854941864152
MAGA Right,67.58512720156556,0.02072201330470048
MAGA Right,67.74559686888453,0.020415247851378437
MAGA Right,67.90606653620353,0.020112448888966926
MAGA Right,68.0665362035225,0.019813015443741876
MAGA Right,68.22700587084148,0.01951705468743127
MAGA Right,68.38747553816047,0.019224650466935684
MAGA Right,68.54794520547945,0.018936250286077982
MAGA Right,68.70841487279843,0.018652336565958858
MAGA Right,68.86888454011742,0.018372018355028823
MAGA Right,69.0293542074364,0.018095238113727197
MAGA Right,69.18982387475538,0.01782192302886854
MAGA Right,69.35029354207435,0.01755239608449466
MAGA Right,69.51076320939335,0.01728671293241109
MAGA Right,69.67123287671232,0.017024018020936896
MAGA Right,69.8317025440313,0.01676415868408437
MAGA Right,69.9921722113503,0.016506976048674068
MAGA Right,70.15264187866927,0.01625264237514985
MAGA Right,70.31311154598825,0.016000935745551753
MAGA Right,70.47358121330724,0.015751219044641857
MAGA Right,70.63405088062622,0.015503325017641156
MAGA Right,70.7945205479452,0.015257090583033145
MAGA Right,70.95499021526419,0.01501257717675742
MAGA Right,71.11545988258317,0.014769525232676821
MAGA Right,71.27592954990214,0.014527581566546465
MAGA Right,71.43639921722114,0.014286648279017067
MAGA Right,71.59686888454011,0.014046640562970425
MAGA Right,71.75733855185909,0.01380764565719686
MAGA Right,71.91780821917808,0.013569562657843164
MAGA Right,72.07827788649706,0.013332280781104003
MAGA Right,72.23874755381604,0.013095825256909752
MAGA Right,72.39921722113503,0.012860237002709331
MAGA Right,72.55968688845401,0.012625817929812192
MAGA Right,72.72015655577299,0.012392633329435061
MAGA Right,72.88062622309198,0.012160696256227095
MAGA Right,73.04109589041096,0.011930143135555356
MAGA Right,73.20156555772994,0.011701119870856378
MAGA Right,73.36203522504893,0.01147427365696177
MAGA Right,73.5225048923679,0.011249625212626435
MAGA Right,73.68297455968688,0.01102717963706646
MAGA Right,73.84344422700586,0.01080710734410978
MAGA Right,74.00391389432485,0.010589576480316333
MAGA Right,74.16438356164383,0.010375553296273972
MAGA Right,74.32485322896281,0.010164732641626708
MAGA Right,74.4853228962818,0.0099570344521668
MAGA Right,74.64579256360078,0.00975256803686507
MAGA Right,74.80626223091976,0.009551430671915299
MAGA Right,74.96673189823875,0.009354725818248396
MAGA Right,75.12720156555773,0.009161693188234607
MAGA Right,75.2876712328767,0.008972173190741919
MAGA Right,75.4481409001957,0.00878616361946655
MAGA Right,75.60861056751467,0.008603648676538662
MAGA Right,75.76908023483365,0.008425647328613586
MAGA Right,75.92954990215264,0.008251072491542503
MAGA Right,76.09001956947162,0.008079748945841144
MAGA Right,76.2504892367906,0.007911586630981288
MAGA Right,76.41095890410959,0.007746488705748465
MAGA Right,76.57142857142857,0.0075852751018482744
MAGA Right,76.73189823874755,0.007426809472027403
MAGA Right,76.89236790606654,0.007270972808530453
MAGA Right,77.05283757338552,0.007117659498961965
MAGA Right,77.2133072407045,0.006966810900387766
MAGA Right,77.37377690802349,0.006818971318935513
MAGA Right,77.53424657534246,0.006673289845985448
MAGA Right,77.69471624266144,0.006529701580700013
MAGA Right,77.85518590998042,0.006388149628082943
MAGA Right,78.01565557729941,0.006248667583850031
MAGA Right,78.17612524461839,0.006111703043440283
MAGA Right,78.33659491193737,0.005976656465089389
MAGA Right,78.49706457925636,0.005843527499235246
MAGA Right,78.65753424657534,0.005712322085038088
MAGA Right,78.81800391389432,0.005583182097615151
MAGA Right,78.97847358121331,0.005456559229987875
MAGA Right,79.13894324853229,0.005331952509902937
MAGA Right,79.29941291585126,0.0052093949138127815
MAGA Right,79.45988258317026,0.005088919668025973
MAGA Right,79.62035225048923,0.004970752385487539
MAGA Right,79.78082191780821,0.004855296055496357
MAGA Right,79.9412915851272,0.004742036174137271
MAGA Right,80.10176125244618,0.004630987655423428
MAGA Right,80.26223091976516,0.004522160214198191
MAGA Right,80.42270058708415,0.004415805154071151
MAGA Right,80.58317025440313,0.00431216394115392
MAGA Right,80.7436399217221,0.004210697790087691
MAGA Right,80.9041095890411,0.004111370920428257
MAGA Right,81.06457925636008,0.004014141003081069
MAGA Right,81.22504892367905,0.003919220412786898
MAGA Right,81.38551859099805,0.0038266372534260505
MAGA Right,81.54598825831702,0.0037358941043026364
MAGA Right,81.706457925636,0.0036469094982620478
MAGA Right,81.86692759295498,0.0035595984682111562
MAGA Right,82.02739726027397,0.003474096956592856
MAGA Right,82.18786692759295,0.0033902771706725665
MAGA Right,82.34833659491193,0.0033077590670753717
MAGA Right,82.50880626223092,0.00322645045203256
MAGA Right,82.6692759295499,0.0031462608004600794
MAGA Right,82.82974559686888,0.0030672619144765023
MAGA Right,82.99021526418787,0.002989292617111426
MAGA Right,83.15068493150685,0.002912124154364308
MAGA Right,83.31115459882582,0.0028356951352025467
MAGA Right,83.47162426614481,0.0027599500895961163
MAGA Right,83.63209393346379,0.0026849575815200938
MAGA Right,83.79256360078277,0.0026106223657286747
MAGA Right,83.95303326810176,0.0025368459242309906
MAGA Right,84.11350293542074,0.0024636224902998827
MAGA Right,84.27397260273972,0.002390953412383522
MAGA Right,84.43444227005871,0.002318986666670603
MAGA Right,84.59491193737769,0.002247702907877363
MAGA Right,84.75538160469667,0.0021770784287388108
MAGA Right,84.91585127201566,0.0021071595035120666
MAGA Right,85.07632093933464,0.0020379972768210237
MAGA Right,85.23679060665361,0.0019698823107721017
MAGA Right,85.3972602739726,0.0019027886535006812
MAGA Right,85.55772994129158,0.0018367100532718803
MAGA Right,85.71819960861056,0.0017717166877651456
MAGA Right,85.87866927592954,0.001707879269599607
MAGA Right,86.03913894324853,0.0016456399243422232
MAGA Right,86.19960861056751,0.0015848486587646646
MAGA Right,86.36007827788649,0.0015254815127151617
MAGA Right,86.52054794520548,0.0014675956689055236
MAGA Right,86.68101761252446,0.0014112446718233275
MAGA Right,86.84148727984343,0.0013569685180817412
MAGA Right,87.00195694716243,0.0013044192981041943
MAGA Right,87.1624266144814,0.0012535486041229745
MAGA Right,87.32289628180038,0.0012043735648406611
MAGA Right,87.48336594911937,0.001156905597964985
MAGA Right,87.64383561643835,0.001111689853715353
MAGA Right,87.80430528375733,0.0010681988918053627
MAGA Right,87.96477495107632,0.0010263724656056365
MAGA Right,88.1252446183953,9.861819649336569e-4
MAGA Right,88.28571428571428,9.475962784459126e-4
MAGA Right,88.44618395303327,9.110694296724174e-4
MAGA Right,88.60665362035225,8.760028789342287e-4
MAGA Right,88.76712328767123,8.423396256849036e-4
MAGA Right,88.92759295499022,8.100204277708163e-4
MAGA Right,89.0880626223092,7.79012962195858e-4
MAGA Right,89.24853228962817,7.495614855629879e-4
MAGA Right,89.40900195694717,7.211946928951302e-4
MAGA Right,89.56947162426614,6.93847162515295e-4
MAGA Right,89.72994129158512,6.674543433777423e-4
MAGA Right,89.89041095890411,6.419905320270337e-4
MAGA Right,90.05088062622309,6.175551724413803e-4
MAGA Right,90.21135029354207,5.938345073710463e-4
MAGA Right,90.37181996086105,5.70777776332908e-4
MAGA Right,90.53228962818004,5.483371075487054e-4
MAGA Right,90.69275929549902,5.265036591889668e-4
MAGA Right,90.853228962818,5.053176961990957e-4
MAGA Right,91.01369863013699,4.8459786611853515e-4
MAGA Right,91.17416829745596,4.643192411732687e-4
MAGA Right,91.33463796477494,4.444600654204402e-4
MAGA Right,91.49510763209393,4.250376602116905e-4
MAGA Right,91.65557729941291,4.060912331146047e-4
MAGA Right,91.81604696673189,3.875181715907076e-4
MAGA Right,91.97651663405088,3.6931656130499853e-4
MAGA Right,92.13698630136986,3.5148654649103155e-4
MAGA Right,92.29745596868884,3.340753204614195e-4
MAGA Right,92.45792563600783,3.1713409847816573e-4
MAGA Right,92.6183953033268,3.005880399655427e-4
MAGA Right,92.77886497064578,2.8444670163686476e-4
MAGA Right,92.93933463796478,2.6872011720789244e-4
MAGA Right,93.09980430528375,2.5348095735777e-4
MAGA Right,93.26027397260273,2.387742939186116e-4
MAGA Right,93.42074363992172,2.2452386969999338e-4
MAGA Right,93.5812133072407,2.1073856247527423e-4
MAGA Right,93.74168297455968,1.9742655728015993e-4
MAGA Right,93.90215264187867,1.8467527607184518e-4
MAGA Right,94.06262230919765,1.7250078946281814e-4
MAGA Right,94.22309197651663,1.6081975373105455e-4
MAGA Right,94.3835616438356,1.4963342208816478e-4
MAGA Right,94.5440313111546,1.389419687076279e-4
MAGA Right,94.70450097847358,1.2883525890196125e-4
MAGA Right,94.86497064579255,1.1929120814187451e-4
MAGA Right,95.02544031311155,1.1022734651927367e-4
MAGA Right,95.18590998043052,1.0163661057049512e-4
MAGA Right,95.3463796477495,9.351109020110192e-5
MAGA Right,95.5068493150685,8.593352729466952e-5
MAGA Right,95.66731898238747,7.885047799423738e-5
MAGA Right,95.82778864970645,7.219035110619181e-5
MAGA Right,95.98825831702544,6.594080790464513e-5
MAGA Right,96.14872798434442,6.008911942371122e-5
MAGA Right,96.3091976516634,5.470565287358097e-5
MAGA Right,96.46966731898239,4.9720250500703146e-5
MAGA Right,96.63013698630137,4.5077696973642946e-5
MAGA Right,96.79060665362034,4.076400522495574e-5
MAGA Right,96.95107632093934,3.676517723147144e-5
MAGA Right,97.11154598825831,3.313742675855604e-5
MAGA Right,97.27201565557729,2.9807886922412057e-5
MAGA Right,97.43248532289628,2.673795322100712e-5
MAGA Right,97.59295499021526,2.391447671728402e-5
MAGA Right,97.75342465753424,2.1324507531939298e-5
MAGA Right,97.91389432485323,1.90103232164057e-5
MAGA Right,98.07436399217221,1.6905902499100743e-5
MAGA Right,98.23483365949119,1.498638987203336e-5
MAGA Right,98.39530332681016,1.3240661767885538e-5
MAGA Right,98.55577299412916,1.1657876049145627e-5
MAGA Right,98.71624266144813,1.0267695286940966e-5
MAGA Right,98.87671232876711,9.016035901470383e-6
MAGA Right,99.0371819960861,7.8880736327300365e-06
MAGA Right,99.19765166340508,6.875092057991274e-6
MAGA Right,99.35812133072406,5.968672233153213e-6
MAGA Right,99.51859099804305,5.187959901730716e-6
MAGA Right,99.67906066536203,4.492538013022807e-6
MAGA Right,99.83953033268101,3.874260092872981e-6
MAGA Right,100,3.3267926943560876e-6
Moderate Left,18,0.009980383039168303
Moderate Left,18.16046966731898,0.010452271286208795
Moderate Left,18.320939334637966,0.010924290770313457
Moderate Left,18.481409001956948,0.011395470967121681
Moderate Left,18.64187866927593,0.011864858200538933
Moderate Left,18.80234833659491,0.012330415783529293
Moderate Left,18.962818003913895,0.012791210573662804
Moderate Left,19.123287671232877,0.013246725046901667
Moderate Left,19.283757338551858,0.013696199377063567
Moderate Left,19.444227005870843,0.014138906251736966
Moderate Left,19.604696673189824,0.014571766593161584
Moderate Left,19.765166340508806,0.014995458861976091
Moderate Left,19.925636007827787,0.015409968164765128
Moderate Left,20.086105675146772,0.01581481335958869
Moderate Left,20.246575342465754,0.016209546340998467
Moderate Left,20.407045009784735,0.0165903774503209
Moderate Left,20.567514677103716,0.016959598877706178
Moderate Left,20.7279843444227,0.017317369499985667
Moderate Left,20.888454011741683,0.01766345143496187
Moderate Left,21.048923679060664,0.01799763226825915
Moderate Left,21.20939334637965,0.018315688371258708
Moderate Left,21.36986301369863,0.018621239523662313
Moderate Left,21.53033268101761,0.018914383690977882
Moderate Left,21.690802348336593,0.01919506408474548
Moderate Left,21.851272015655578,0.019463106926313648
Moderate Left,22.01174168297456,0.01971451533678052
Moderate Left,22.17221135029354,0.019953482440929787
Moderate Left,22.332681017612526,0.020180082510368107
Moderate Left,22.493150684931507,0.02039440695164917
Moderate Left,22.65362035225049,0.02059613317078014
Moderate Left,22.81409001956947,0.020782272095044494
Moderate Left,22.974559686888455,0.020956733567825216
Moderate Left,23.135029354207436,0.021119725173901416
Moderate Left,23.295499021526417,0.021271467987305014
Moderate Left,23.455968688845402,0.02141154701741408
Moderate Left,23.616438356164384,0.021538060858042368
Moderate Left,23.776908023483365,0.021654376411943285
Moderate Left,23.937377690802347,0.021760781255020487
Moderate Left,24.09784735812133,0.021857565093927143
Moderate Left,24.258317025440313,0.021944253593140676
Moderate Left,24.418786692759294,0.02201982482243542
Moderate Left,24.57925636007828,0.022086915143377787
Moderate Left,24.73972602739726,0.022145775027072163
Moderate Left,24.900195694716242,0.022196640594893655
Moderate Left,25.060665362035223,0.022238898227592566
Moderate Left,25.22113502935421,0.022271960879478896
Moderate Left,25.38160469667319,0.022297723444003516
Moderate Left,25.54207436399217,0.022316275155159705
Moderate Left,25.702544031311156,0.02232768105125295
Moderate Left,25.863013698630137,0.022331003484320544
Moderate Left,26.02348336594912,0.022325724461514578
Moderate Left,26.1839530332681,0.022313219786333514
Moderate Left,26.344422700587085,0.022293392708450103
Moderate Left,26.504892367906066,0.02226613010308494
Moderate Left,26.665362035225048,0.0222300303823731
Moderate Left,26.82583170254403,0.02218468651170715
Moderate Left,26.986301369863014,0.02213130339849974
Moderate Left,27.146771037181995,0.022069729246035435
Moderate Left,27.307240704500977,0.021999820318697152
Moderate Left,27.467710371819962,0.021919823967395016
Moderate Left,27.628180039138943,0.021829871947320396
Moderate Left,27.788649706457925,0.02173125690006706
Moderate Left,27.949119373776906,0.02162399574143359
Moderate Left,28.10958904109589,0.02150813976829394
Moderate Left,28.270058708414872,0.02138204424285475
Moderate Left,28.430528375733854,0.021246757767086687
Moderate Left,28.59099804305284,0.02110368002578818
Moderate Left,28.75146771037182,0.020953165834909315
Moderate Left,28.9119373776908,0.0207956147081497
Moderate Left,29.072407045009783,0.020630156723190077
Moderate Left,29.232876712328768,0.02045859385308931
Moderate Left,29.39334637964775,0.020282245904223114
Moderate Left,29.55381604696673,0.020101800436081695
Moderate Left,29.714285714285715,0.01991797648546643
Moderate Left,29.874755381604697,0.019731243048574446
Moderate Left,30.035225048923678,0.019543350216502626
Moderate Left,30.19569471624266,0.019355315538315383
Moderate Left,30.356164383561644,0.019167977083942658
Moderate Left,30.516634050880626,0.01898217530636626
Moderate Left,30.677103718199607,0.018799894742740995
Moderate Left,30.83757338551859,0.018621784712531553
Moderate Left,30.998043052837573,0.018448461989583602
Moderate Left,31.158512720156555,0.01828066217674682
Moderate Left,31.318982387475536,0.018119094204987127
Moderate Left,31.47945205479452,0.01796696326806492
Moderate Left,31.639921722113503,0.01782310896864088
Moderate Left,31.800391389432484,0.01768781015295752
Moderate Left,31.960861056751465,0.01756150543527118
Moderate Left,32.12133072407045,0.017444590527833138
Moderate Left,32.28180039138943,0.017340862088328815
Moderate Left,32.44227005870842,0.017247334695559568
Moderate Left,32.602739726027394,0.017164097045993705
Moderate Left,32.76320939334638,0.01709122487795949
Moderate Left,32.923679060665364,0.01702897995502935
Moderate Left,33.08414872798434,0.01698034498140559
Moderate Left,33.24461839530333,0.016941827477691362
Moderate Left,33.40508806262231,0.016913226467992565
Moderate Left,33.56555772994129,0.01689431047255155
Moderate Left,33.726027397260275,0.01688523972679063
Moderate Left,33.88649706457925,0.016887705306902093
Moderate Left,34.04696673189824,0.016898555481039173
Moderate Left,34.20743639921722,0.016917392372245457
Moderate Left,34.3679060665362,0.016943805069130544
Moderate Left,34.528375733855185,0.016977836333045407
Moderate Left,34.68884540117417,0.017020029128558052
Moderate Left,34.84931506849315,0.017068020155775677
Moderate Left,35.00978473581213,0.017121362117486424
Moderate Left,35.17025440313112,0.01717961175492928
Moderate Left,35.330724070450096,0.017242698475202017
Moderate Left,35.49119373776908,0.01731047419514946
Moderate Left,35.65166340508806,0.01738147911997425
Moderate Left,35.81213307240704,0.017455344706230568
Moderate Left,35.97260273972603,0.01753171846711443
Moderate Left,36.133072407045006,0.017610470162084686
Moderate Left,36.29354207436399,0.01769126307293645
Moderate Left,36.454011741682976,0.01777339604211138
Moderate Left,36.614481409001954,0.017856650367815204
Moderate Left,36.77495107632094,0.017940826315186027
Moderate Left,36.935420743639924,0.018025818242885773
Moderate Left,37.0958904109589,0.018111411619154517
Moderate Left,37.256360078277886,0.01819737413189352
Moderate Left,37.41682974559687,0.018283621746526167
Moderate Left,37.57729941291585,0.018370081108427687
Moderate Left,37.737769080234834,0.018456700994365895
Moderate Left,37.89823874755381,0.018543394067717014
Moderate Left,38.0587084148728,0.018630090076203514
Moderate Left,38.21917808219178,0.01871673508990645
Moderate Left,38.37964774951076,0.01880326880184593
Moderate Left,38.540117416829744,0.01888955195330236
Moderate Left,38.70058708414873,0.018975415537338503
Moderate Left,38.86105675146771,0.01906073843255705
Moderate Left,39.02152641878669,0.01914534497538495
Moderate Left,39.18199608610568,0.019229035428259343
Moderate Left,39.342465753424655,0.019311203354001164
Moderate Left,39.50293542074364,0.01939146281261341
Moderate Left,39.66340508806262,0.019469579984758945
Moderate Left,39.8238747553816,0.01954514300357987
Moderate Left,39.98434442270059,0.019617708923079267
Moderate Left,40.144814090019565,0.019685674229472684
Moderate Left,40.30528375733855,0.019748691214968587
Moderate Left,40.465753424657535,0.019806484566892844
Moderate Left,40.62622309197651,0.0198584190563114
Moderate Left,40.7866927592955,0.019903840447967124
Moderate Left,40.94716242661448,0.01993973252361497
Moderate Left,41.10763209393346,0.019966515160238424
Moderate Left,41.268101761252446,0.019983998896196193
Moderate Left,41.42857142857143,0.01999150211020256
Moderate Left,41.58904109589041,0.01998835419990088
Moderate Left,41.74951076320939,0.019970166109931003
Moderate Left,41.90998043052837,0.019939007023768437
Moderate Left,42.070450097847356,0.0198948728506
Moderate Left,42.23091976516634,0.019837318635491687
Moderate Left,42.39138943248532,0.019765945754385207
Moderate Left,42.551859099804304,0.019675692027844586
Moderate Left,42.71232876712329,0.019570689624807003
Moderate Left,42.87279843444227,0.019451153465957383
Moderate Left,43.03326810176125,0.019317125528453206
Moderate Left,43.193737769080236,0.019168600376877846
Moderate Left,43.354207436399214,0.019001423675611785
Moderate Left,43.5146771037182,0.018820864914766897
Moderate Left,43.67514677103718,0.018627463462543157
Moderate Left,43.83561643835616,0.01842182156656532
Moderate Left,43.99608610567515,0.01820425875789295
Moderate Left,44.156555772994125,0.0179731752197407
Moderate Left,44.31702544031311,0.01773306627990785
Moderate Left,44.477495107632095,0.017484903373548716
Moderate Left,44.63796477495107,0.017229689392172544
Moderate Left,44.79843444227006,0.01696820842312371
Moderate Left,44.95890410958904,0.016701238228723096
Moderate Left,45.11937377690802,0.01643156150887913
Moderate Left,45.279843444227005,0.01616027431449002
Moderate Left,45.44031311154599,0.015888462655747834
Moderate Left,45.60078277886497,0.015617391271403998
Moderate Left,45.76125244618395,0.01534913981738422
Moderate Left,45.92172211350293,0.015084471685056836
Moderate Left,46.082191780821915,0.014824283305973669
Moderate Left,46.2426614481409,0.014569429721022096
Moderate Left,46.40313111545988,0.014321524151182504
Moderate Left,46.56360078277886,0.014082649621587172
Moderate Left,46.72407045009785,0.01385190872757305
Moderate Left,46.884540117416826,0.013629809788133253
Moderate Left,47.04500978473581,0.013416810833489931
Moderate Left,47.205479452054796,0.013214662633624847
Moderate Left,47.365949119373774,0.013024588904667836
Moderate Left,47.52641878669276,0.012844768668658385
Moderate Left,47.68688845401174,0.01267532608123222
Moderate Left,47.84735812133072,0.012516346798475748
Moderate Left,48.007827788649706,0.01236954478449354
Moderate Left,48.168297455968684,0.012235095359596285
Moderate Left,48.32876712328767,0.012110981959276224
Moderate Left,48.489236790606654,0.011997083366022336
Moderate Left,48.64970645792563,0.011893260155821202
Moderate Left,48.81017612524462,0.01180112497182641
Moderate Left,48.9706457925636,0.01172007413959603
Moderate Left,49.13111545988258,0.011648354106807066
Moderate Left,49.291585127201564,0.011585757613210953
Moderate Left,49.45205479452055,0.011532074808645348
Moderate Left,49.61252446183953,0.01148883984433867
Moderate Left,49.77299412915851,0.011455015614356513
Moderate Left,49.93346379647749,0.011429259065486988
Moderate Left,50.093933463796475,0.01141136688907513
Moderate Left,50.25440313111546,0.011401137845885754
Moderate Left,50.41487279843444,0.011400042630614808
Moderate Left,50.57534246575342,0.011406800715550969
Moderate Left,50.73581213307241,0.011420428804614151
Moderate Left,50.896281800391385,0.011440729304351017
Moderate Left,51.05675146771037,0.0114675027874486
Moderate Left,51.217221135029355,0.011502074755947675
Moderate Left,51.37769080234833,0.011542985103147023
Moderate Left,51.53816046966732,0.011589503102633729
Moderate Left,51.6986301369863,0.011641393821177315
Moderate Left,51.85909980430528,0.011698415268448604
Moderate Left,52.019569471624266,0.011761560018654386
Moderate Left,52.18003913894324,0.011829296225570171
Moderate Left,52.34050880626223,0.01190106568840242
Moderate Left,52.50097847358121,0.011976570113911218
Moderate Left,52.66144814090019,0.012055504012591279
Moderate Left,52.821917808219176,0.01213832010996576
Moderate Left,52.98238747553816,0.01222367605832552
Moderate Left,53.14285714285714,0.012311146728832033
Moderate Left,53.303326810176124,0.012400398066386977
Moderate Left,53.46379647749511,0.012491095509055113
Moderate Left,53.62426614481409,0.012583057933541378
Moderate Left,53.78473581213307,0.012675482092505345
Moderate Left,53.945205479452056,0.012768056990435171
Moderate Left,54.105675146771034,0.012860487024953083
Moderate Left,54.26614481409002,0.012952470160245831
Moderate Left,54.426614481409,0.013043353772787918
Moderate Left,54.58708414872798,0.01313306630769481
Moderate Left,54.74755381604697,0.01322141399853351
Moderate Left,54.908023483365945,0.013308221578270342
Moderate Left,55.06849315068493,0.013393248192523055
Moderate Left,55.228962818003914,0.013475841897256547
Moderate Left,55.38943248532289,0.013556458542458497
Moderate Left,55.54990215264188,0.013635069095182565
Moderate Left,55.71037181996086,0.013711665390252765
Moderate Left,55.87084148727984,0.013786126893612503
Moderate Left,56.031311154598825,0.01385816573542129
Moderate Left,56.1917808219178,0.013928439558211833
Moderate Left,56.35225048923679,0.013997080128910436
Moderate Left,56.51272015655577,0.014064235299209443
Moderate Left,56.67318982387475,0.014129974519233411
Moderate Left,56.833659491193735,0.014194473398850166
Moderate Left,56.99412915851272,0.014258277493185721
Moderate Left,57.1545988258317,0.014321619345257077
Moderate Left,57.31506849315068,0.014384737279883207
Moderate Left,57.47553816046967,0.014447929105778396
Moderate Left,57.636007827788646,0.014511662435323825
Moderate Left,57.79647749510763,0.014576166466576774
Moderate Left,57.956947162426616,0.014641677604760654
Moderate Left,58.11741682974559,0.014708425144913917
Moderate Left,58.27788649706458,0.014776892863357264
Moderate Left,58.438356164383556,0.014847506846619028
Moderate Left,58.59882583170254,0.014920125598105464
Moderate Left,58.759295499021526,0.014994882532685334
Moderate Left,58.919765166340504,0.015071891940237952
Moderate Left,59.08023483365949,0.015151661064404543
Moderate Left,59.240704500978474,0.01523425379074558
Moderate Left,59.40117416829745,0.015319239160645764
Moderate Left,59.56164383561644,0.015406562371580173
Moderate Left,59.72211350293542,0.015496142410331551
Moderate Left,59.8825831702544,0.015588229073260861
Moderate Left,60.043052837573384,0.015682403560667194
Moderate Left,60.20352250489236,0.015778113933987554
Moderate Left,60.36399217221135,0.01587508897254671
Moderate Left,60.52446183953033,0.015973033107736536
Moderate Left,60.68493150684931,0.016071614274146488
Moderate Left,60.845401174168295,0.016170137220445805
Moderate Left,61.00587084148728,0.016268119276767783
Moderate Left,61.16634050880626,0.016365128816515435
Moderate Left,61.32681017612524,0.01646072228026558
Moderate Left,61.48727984344423,0.01655376370476194
Moderate Left,61.647749510763205,0.016643784943757567
Moderate Left,61.80821917808219,0.016730516060976492
Moderate Left,61.968688845401175,0.01681350006648948
Moderate Left,62.12915851272015,0.016892287431760175
Moderate Left,62.28962818003914,0.01696496837025036
Moderate Left,62.450097847358116,0.017031870715599497
Moderate Left,62.6105675146771,0.01709298424147717
Moderate Left,62.771037181996086,0.017147988126856785
Moderate Left,62.93150684931506,0.017196586670016643
Moderate Left,63.09197651663405,0.017236422683674032
Moderate Left,63.25244618395303,0.017268915308201342
Moderate Left,63.41291585127201,0.017294257519554424
Moderate Left,63.573385518590996,0.01731237141991814
Moderate Left,63.73385518590998,0.017323210734323125
Moderate Left,63.89432485322896,0.017324463639600496
Moderate Left,64.05479452054794,0.017318443329096805
Moderate Left,64.21526418786692,0.01730542558786362
Moderate Left,64.37573385518591,0.01728556725964525
Moderate Left,64.53620352250489,0.01725901269978187
Moderate Left,64.69667318982387,0.01722400825427974
Moderate Left,64.85714285714286,0.017183057366656408
Moderate Left,65.01761252446184,0.017136430013087674
Moderate Left,65.17808219178082,0.017084400912662435
Moderate Left,65.3385518590998,0.017027105332989415
Moderate Left,65.49902152641879,0.016963669271681272
Moderate Left,65.65949119373776,0.01689594600302405
Moderate Left,65.81996086105674,0.016824187942649647
Moderate Left,65.98043052837573,0.01674863574728319
Moderate Left,66.14090019569471,0.016669336135353714
Moderate Left,66.30136986301369,0.016585857025965323
Moderate Left,66.46183953033268,0.016499358849165573
Moderate Left,66.62230919765166,0.01640997028164766
Moderate Left,66.78277886497064,0.01631780267450419
Moderate Left,66.94324853228963,0.016222738919173838
Moderate Left,67.10371819960861,0.016124405090529693
Moderate Left,67.26418786692759,0.016023510862225556
Moderate Left,67.42465753424658,0.015920057550279504
Moderate Left,67.58512720156556,0.01581403587447941
Moderate Left,67.74559686888453,0.01570514334249911
Moderate Left,67.90606653620353,0.015592977284233442
Moderate Left,68.0665362035225,0.015478101441560518
Moderate Left,68.22700587084148,0.015360471499523784
Moderate Left,68.38747553816047,0.015240045019870243
Moderate Left,68.54794520547945,0.015116401622892892
Moderate Left,68.70841487279843,0.014989270657780345
Moderate Left,68.86888454011742,0.014859245556989297
Moderate Left,69.0293542074364,0.014726334336506275
Moderate Left,69.18982387475538,0.01459055604574374
Moderate Left,69.35029354207435,0.014451512877335091
Moderate Left,69.51076320939335,0.014309238137870599
Moderate Left,69.67123287671232,0.01416434883630715
Moderate Left,69.8317025440313,0.014016952333770734
Moderate Left,69.9921722113503,0.013867167577149295
Moderate Left,70.15264187866927,0.0137147654180182
Moderate Left,70.31311154598825,0.013560071446597901
Moderate Left,70.47358121330724,0.01340361545643998
Moderate Left,70.63405088062622,0.013245578450691457
Moderate Left,70.7945205479452,0.013086146043300252
Moderate Left,70.95499021526419,0.012925332139722913
Moderate Left,71.11545988258317,0.012763552477234243
Moderate Left,71.27592954990214,0.01260114964513573
Moderate Left,71.43639921722114,0.012438307684612349
Moderate Left,71.59686888454011,0.012275206071751796
Moderate Left,71.75733855185909,0.012112066634148402
Moderate Left,71.91780821917808,0.011949151056886959
Moderate Left,72.07827788649706,0.011786593305129446
Moderate Left,72.23874755381604,0.011624513193732216
Moderate Left,72.39921722113503,0.011463019927053427
Moderate Left,72.55968688845401,0.011302420449880215
Moderate Left,72.72015655577299,0.01114269797079414
Moderate Left,72.88062622309198,0.010983830486954269
Moderate Left,73.04109589041096,0.010825844429552174
Moderate Left,73.20156555772994,0.010668755061723632
Moderate Left,73.36203522504893,0.010512807163598661
Moderate Left,73.5225048923679,0.01035776068854629
Moderate Left,73.68297455968688,0.010203518782684873
Moderate Left,73.84344422700586,0.010050029813880135
Moderate Left,74.00391389432485,0.009897235050636862
Moderate Left,74.16438356164383,0.009745213754163368
Moderate Left,74.32485322896281,0.009593679622500646
Moderate Left,74.4853228962818,0.009442528311688516
Moderate Left,74.64579256360078,0.009291674490249082
Moderate Left,74.80626223091976,0.009141031908449814
Moderate Left,74.96673189823875,0.008990500352443042
Moderate Left,75.12720156555773,0.008839929515860484
Moderate Left,75.2876712328767,0.00868924580792788
Moderate Left,75.4481409001957,0.008538381240108951
Moderate Left,75.60861056751467,0.008387267190360917
Moderate Left,75.76908023483365,0.00823572683460225
Moderate Left,75.92954990215264,0.008083811187869048
Moderate Left,76.09001956947162,0.00793150010543731
Moderate Left,76.2504892367906,0.007778781701993082
Moderate Left,76.41095890410959,0.007625636041063644
Moderate Left,76.57142857142857,0.007471988042482881
Moderate Left,76.73189823874755,0.007318002319836263
Moderate Left,76.89236790606654,0.0071637291210436774
Moderate Left,77.05283757338552,0.007009226961079094
Moderate Left,77.2133072407045,0.0068545609929095775
Moderate Left,77.37377690802349,0.006699862789666923
Moderate Left,77.53424657534246,0.006545279032398447
Moderate Left,77.69471624266144,0.006390919352183344
Moderate Left,77.85518590998042,0.006236898390447725
Moderate Left,78.01565557729941,0.006083398072615096
Moderate Left,78.17612524461839,0.005930736175587361
Moderate Left,78.33659491193737,0.005778928422236093
Moderate Left,78.49706457925636,0.005628108993909803
Moderate Left,78.65753424657534,0.005478411913752773
Moderate Left,78.81800391389432,0.005330145013035777
Moderate Left,78.97847358121331,0.005183684450891102
Moderate Left,79.13894324853229,0.005038864171347919
Moderate Left,79.29941291585126,0.0048957994993400365
Moderate Left,79.45988258317026,0.004754600824012233
Moderate Left,79.62035225048923,0.00461567791207629
Moderate Left,79.78082191780821,0.004479305496081178
Moderate Left,79.9412915851272,0.004345159767084466
Moderate Left,80.10176125244618,0.004213305232290736
Moderate Left,80.26223091976516,0.004083799234769042
Moderate Left,80.42270058708415,0.003957104768691383
Moderate Left,80.58317025440313,0.00383329043092877
Moderate Left,80.7436399217221,0.003711952034241605
Moderate Left,80.9041095890411,0.003593096817507978
Moderate Left,81.06457925636008,0.0034767259467971684
Moderate Left,81.22504892367905,0.003363307600008779
Moderate Left,81.38551859099805,0.003252698036952571
Moderate Left,81.54598825831702,0.0031445017948218365
Moderate Left,81.706457925636,0.0030386875896663804
Moderate Left,81.86692759295498,0.0029352214198425483
Moderate Left,82.02739726027397,0.002834555714357942
Moderate Left,82.18786692759295,0.0027364024664625424
Moderate Left,82.34833659491193,0.0026404381943699396
Moderate Left,82.50880626223092,0.0025466230660462857
Moderate Left,82.6692759295499,0.0024549180088120244
Moderate Left,82.82974559686888,0.0023657747960109735
Moderate Left,82.99021526418787,0.0022788374038586585
Moderate Left,83.15068493150685,0.002193876506506083
Moderate Left,83.31115459882582,0.0021108668523422643
Moderate Left,83.47162426614481,0.00202978569200276
Moderate Left,83.63209393346379,0.0019511198641379995
Moderate Left,83.79256360078277,0.0018744747148074067
Moderate Left,83.95303326810176,0.0017997047189237641
Moderate Left,84.11350293542074,0.0017268045409367864
Moderate Left,84.27397260273972,0.0016557708206102158
Moderate Left,84.43444227005871,0.0015871525070179013
Moderate Left,84.59491193737769,0.0015204922879829164
Moderate Left,84.75538160469667,0.0014557052601074027
Moderate Left,84.91585127201566,0.0013927949937756563
Moderate Left,85.07632093933464,0.0013317651000688937
Moderate Left,85.23679060665361,0.0012732216998308653
Moderate Left,85.3972602739726,0.0012166055073250727
Moderate Left,85.55772994129158,0.0011618722841216305
Moderate Left,85.71819960861056,0.0011090177665372364
Moderate Left,85.87866927592954,0.00105804148330687
Moderate Left,86.03913894324853,0.0010095506381927457
Moderate Left,86.19960861056751,9.628930477190466e-4
Moderate Left,86.36007827788649,9.18048210203111e-4
Moderate Left,86.52054794520548,8.749931370796115e-4
Moderate Left,86.68101761252446,8.337508121208434e-4
Moderate Left,86.84148727984343,7.947628252891374e-4
Moderate Left,87.00195694716243,7.574387968011155e-4
Moderate Left,87.1624266144814,7.217392160016331e-4
Moderate Left,87.32289628180038,6.876227878071567e-4
Moderate Left,87.48336594911937,6.551247630190288e-4
Moderate Left,87.64383561643835,6.245152380244718e-4
Moderate Left,87.80430528375733,5.953017925473095e-4
Moderate Left,87.96477495107632,5.674345259919995e-4
Moderate Left,88.1252446183953,5.408631420779816e-4
Moderate Left,88.28571428571428,5.15628350777554e-4
Moderate Left,88.44618395303327,4.918614123329005e-4
Moderate Left,88.60665362035225,4.6918669955152095e-4
Moderate Left,88.76712328767123,4.475554325751449e-4
Moderate Left,88.92759295499022,4.269196544211495e-4
Moderate Left,89.0880626223092,4.073229920340014e-4
Moderate Left,89.24853228962817,3.8880780520095265e-4
Moderate Left,89.40900195694717,3.711091521254383e-4
Moderate Left,89.56947162426614,3.541873868971468e-4
Moderate Left,89.72994129158512,3.3800422619870726e-4
Moderate Left,89.89041095890411,3.226059467085433e-4
Moderate Left,90.05088062622309,3.079889778385592e-4
Moderate Left,90.21135029354207,2.9397578907799644e-4
Moderate Left,90.37181996086105,2.805379165039931e-4
Moderate Left,90.53228962818004,2.6764814500616267e-4
Moderate Left,90.69275929549902,2.553548544216524e-4
Moderate Left,90.853228962818,2.4363350323217258e-4
Moderate Left,91.01369863013699,2.3236686045732444e-4
Moderate Left,91.17416829745596,2.2153537817942213e-4
Moderate Left,91.33463796477494,2.1112035718596613e-4
Moderate Left,91.49510763209393,2.011703736349427e-4
Moderate Left,91.65557729941291,1.916503638093277e-4
Moderate Left,91.81604696673189,1.8248199591633312e-4
Moderate Left,91.97651663405088,1.7365139944689573e-4
Moderate Left,92.13698630136986,1.651452292304682e-4
Moderate Left,92.29745596868884,1.570101201412146e-4
Moderate Left,92.45792563600783,1.4920518238292578e-4
Moderate Left,92.6183953033268,1.4167770646019906e-4
Moderate Left,92.77886497064578,1.3441757411266774e-4
Moderate Left,92.93933463796478,1.274150720962978e-4
Moderate Left,93.09980430528375,1.207144706553329e-4
Moderate Left,93.26027397260273,1.1427289924996423e-4
Moderate Left,93.42074363992172,1.0805567288483868e-4
Moderate Left,93.5812133072407,1.0205592612122251e-4
Moderate Left,93.74168297455968,9.62671789947982e-5
Moderate Left,93.90215264187867,9.073318479057394e-5
Moderate Left,94.06262230919765,8.541141133403675e-5
Moderate Left,94.22309197651663,8.028007590523872e-5
Moderate Left,94.3835616438356,7.533527264724167e-5
Moderate Left,94.5440313111546,7.057340724782204e-5
Moderate Left,94.70450097847358,6.604018852458552e-5
Moderate Left,94.86497064579255,6.169236886839249e-5
Moderate Left,95.02544031311155,5.751687558018338e-5
Moderate Left,95.18590998043052,5.351172027310249e-5
Moderate Left,95.3463796477495,4.9675050339379916e-5
Moderate Left,95.5068493150685,4.605515016373715e-5
Moderate Left,95.66731898238747,4.260474995823615e-5
Moderate Left,95.82778864970645,3.931621825353251e-5
Moderate Left,95.98825831702544,3.6187854469911355e-5
Moderate Left,96.14872798434442,3.321789649698889e-5
Moderate Left,96.3091976516634,3.045481950025262e-5
Moderate Left,96.46966731898239,2.7845447859552024e-5
Moderate Left,96.63013698630137,2.538551839339957e-5
Moderate Left,96.79060665362034,2.307229167349982e-5
Moderate Left,96.95107632093934,2.0904844784884507e-5
Moderate Left,97.11154598825831,1.8921557997666364e-5
Moderate Left,97.27201565557729,1.707155264574452e-5
Moderate Left,97.43248532289628,1.5350856755613795e-5
Moderate Left,97.59295499021526,1.3755352946849191e-5
Moderate Left,97.75342465753424,1.2285274094234353e-5
Moderate Left,97.91389432485323,1.0963345426393144e-5
Moderate Left,98.07436399217221,9.748284818703968e-6
Moderate Left,98.23483365949119,8.635236426204787e-6
Moderate Left,98.39530332681016,7.61930688968968e-6
Moderate Left,98.55577299412916,6.701014633326628e-6
Moderate Left,98.71624266144813,5.890239521059491e-6
Moderate Left,98.87671232876711,5.156722313912971e-6
Moderate Left,99.0371819960861,4.495682046503702e-6
Moderate Left,99.19765166340508,3.902411732206764e-6
Moderate Left,99.35812133072406,3.37730247293309e-6
Moderate Left,99.51859099804305,2.9221095757787245e-6
Moderate Left,99.67906066536203,2.51702669915247e-6
Moderate Left,99.83953033268101,2.158132116197975e-6
Moderate Left,100,1.841640318491443e-6
Nationalist Right,18,0.00483001225452142
Nationalist Right,18.16046966731898,0.005062458364706043
Nationalist Right,18.320939334637966,0.0052911205598802965
Nationalist Right,18.481409001956948,0.005515489703742197
Nationalist Right,18.64187866927593,0.005735292033021775
Nationalist Right,18.80234833659491,0.005950104193605922
Nationalist Right,18.962818003913895,0.006159582886541972
Nationalist Right,19.123287671232877,0.006362895905173963
Nationalist Right,19.283757338551858,0.006559353195994736
Nationalist Right,19.444227005870843,0.006750128055571914
Nationalist Right,19.604696673189824,0.006935383280035617
Nationalist Right,19.765166340508806,0.007115354167037525
Nationalist Right,19.925636007827787,0.007290346031137899
Nationalist Right,20.086105675146772,0.007459714316012768
Nationalist Right,20.246575342465754,0.007625270900049466
Nationalist Right,20.407045009784735,0.0077876453984562985
Nationalist Right,20.567514677103716,0.007947390488659462
Nationalist Right,20.7279843444227,0.008105068261091634
Nationalist Right,20.888454011741683,0.008261148138136585
Nationalist Right,21.048923679060664,0.00841650161167207
Nationalist Right,21.20939334637965,0.008571786328157117
Nationalist Right,21.36986301369863,0.008727414023945867
Nationalist Right,21.53033268101761,0.008883743207043965
Nationalist Right,21.690802348336593,0.00904111697270973
Nationalist Right,21.851272015655578,0.009200095221379314
Nationalist Right,22.01174168297456,0.009360431651254539
Nationalist Right,22.17221135029354,0.009522068946207121
Nationalist Right,22.332681017612526,0.009684877034087021
Nationalist Right,22.493150684931507,0.009848653948770398
Nationalist Right,22.65362035225049,0.010013123927148562
Nationalist Right,22.81409001956947,0.010177585055751727
Nationalist Right,22.974559686888455,0.01034147149143812
Nationalist Right,23.135029354207436,0.010504226640701346
Nationalist Right,23.295499021526417,0.01066525638486265
Nationalist Right,23.455968688845402,0.010823643723505236
Nationalist Right,23.616438356164384,0.01097795313400411
Nationalist Right,23.776908023483365,0.01112800894382321
Nationalist Right,23.937377690802347,0.011273140173395391
Nationalist Right,24.09784735812133,0.011412689072265055
Nationalist Right,24.258317025440313,0.011546014150998497
Nationalist Right,24.418786692759294,0.0116704723197949
Nationalist Right,24.57925636007828,0.011786843882340874
Nationalist Right,24.73972602739726,0.011894897335834298
Nationalist Right,24.900195694716242,0.011994200404777562
Nationalist Right,25.060665362035223,0.012084364575681607
Nationalist Right,25.22113502935421,0.012163676926471568
Nationalist Right,25.38160469667319,0.012231575145585063
Nationalist Right,25.54207436399217,0.012289379169263922
Nationalist Right,25.702544031311156,0.01233697697902323
Nationalist Right,25.863013698630137,0.012374298684351998
Nationalist Right,26.02348336594912,0.012401127074313316
Nationalist Right,26.1839530332681,0.012414890976050391
Nationalist Right,26.344422700587085,0.01241854762118144
Nationalist Right,26.504892367906066,0.012412254316009702
Nationalist Right,26.665362035225048,0.0123962004185123
Nationalist Right,26.82583170254403,0.012370606981543568
Nationalist Right,26.986301369863014,0.01233404943742961
Nationalist Right,27.146771037181995,0.012287850997781524
Nationalist Right,27.307240704500977,0.012233325374066656
Nationalist Right,27.467710371819962,0.01217088195968703
Nationalist Right,27.628180039138943,0.012100961866689576
Nationalist Right,27.788649706457925,0.012023595571202673
Nationalist Right,27.949119373776906,0.011938663557869558
Nationalist Right,28.10958904109589,0.011848317572231863
Nationalist Right,28.270058708414872,0.011753201002480847
Nationalist Right,28.430528375733854,0.011653989504463322
Nationalist Right,28.59099804305284,0.01155139052020192
Nationalist Right,28.75146771037182,0.011445839829095321
Nationalist Right,28.9119373776908,0.011338988011651688
Nationalist Right,29.072407045009783,0.01123178751128335
Nationalist Right,29.232876712328768,0.011125088901036589
Nationalist Right,29.39334637964775,0.0110197538043792
Nationalist Right,29.55381604696673,0.010917102756724691
Nationalist Right,29.714285714285715,0.010818673129506384
Nationalist Right,29.874755381604697,0.010724902354129208
Nationalist Right,30.035225048923678,0.0106366044884057
Nationalist Right,30.19569471624266,0.01055456453140111
Nationalist Right,30.356164383561644,0.010479570790125304
Nationalist Right,30.516634050880626,0.010414861462785018
Nationalist Right,30.677103718199607,0.010358970011751381
Nationalist Right,30.83757338551859,0.010312393045631125
Nationalist Right,30.998043052837573,0.01027556303828494
Nationalist Right,31.158512720156555,0.010248847006834563
Nationalist Right,31.318982387475536,0.010234437276699053
Nationalist Right,31.47945205479452,0.010231918788804596
Nationalist Right,31.639921722113503,0.010240085778906189
Nationalist Right,31.800391389432484,0.0102588707823361
Nationalist Right,31.960861056751465,0.010288136881174397
Nationalist Right,32.12133072407045,0.010328241085460179
Nationalist Right,32.28180039138943,0.01038044522806402
Nationalist Right,32.44227005870842,0.010441876896516107
Nationalist Right,32.602739726027394,0.01051203384850132
Nationalist Right,32.76320939334638,0.01059037003779649
Nationalist Right,32.923679060665364,0.010676298067843997
Nationalist Right,33.08414872798434,0.010770524023582645
Nationalist Right,33.24461839530333,0.010870889064545574
Nationalist Right,33.40508806262231,0.01097626036429506
Nationalist Right,33.56555772994129,0.011085923287452554
Nationalist Right,33.726027397260275,0.01119916172372635
Nationalist Right,33.88649706457925,0.011315457330928905
Nationalist Right,34.04696673189824,0.011433854744850274
Nationalist Right,34.20743639921722,0.011553206744504557
Nationalist Right,34.3679060665362,0.011672901509462572
Nationalist Right,34.528375733855185,0.011792361119746941
Nationalist Right,34.68884540117417,0.011911043523538776
Nationalist Right,34.84931506849315,0.012027879117942716
Nationalist Right,35.00978473581213,0.012142700929524042
Nationalist Right,35.17025440313112,0.012255215702240701
Nationalist Right,35.330724070450096,0.01236516796394782
Nationalist Right,35.49119373776908,0.012472353898712004
Nationalist Right,35.65166340508806,0.012576132788081586
Nationalist Right,35.81213307240704,0.012676532812256362
Nationalist Right,35.97260273972603,0.012773986522000352
Nationalist Right,36.133072407045006,0.012868589122124312
Nationalist Right,36.29354207436399,0.012960476085436785
Nationalist Right,36.454011741682976,0.013049725893209687
Nationalist Right,36.614481409001954,0.013136224124031872
Nationalist Right,36.77495107632094,0.013220884477339026
Nationalist Right,36.935420743639924,0.013303997089386356
Nationalist Right,37.0958904109589,0.013385856662873147
Nationalist Right,37.256360078277886,0.0134667595610558
Nationalist Right,37.41682974559687,0.013546953706521826
Nationalist Right,37.57729941291585,0.013626913634520753
Nationalist Right,37.737769080234834,0.01370689223008122
Nationalist Right,37.89823874755381,0.013787061019430053
Nationalist Right,38.0587084148728,0.013867552776088664
Nationalist Right,38.21917808219178,0.013948498352249199
Nationalist Right,38.37964774951076,0.014029932443204145
Nationalist Right,38.540117416829744,0.014111652044724709
Nationalist Right,38.70058708414873,0.014193477613537198
Nationalist Right,38.86105675146771,0.014275172319530398
Nationalist Right,39.02152641878669,0.014356441909807574
Nationalist Right,39.18199608610568,0.014436492212950038
Nationalist Right,39.342465753424655,0.014514866881334697
Nationalist Right,39.50293542074364,0.014591025295903254
Nationalist Right,39.66340508806262,0.014664363287681212
Nationalist Right,39.8238747553816,0.01473423830872928
Nationalist Right,39.98434442270059,0.014799174863820022
Nationalist Right,40.144814090019565,0.014858021653509546
Nationalist Right,40.30528375733855,0.014910643219184718
Nationalist Right,40.465753424657535,0.014956289665932827
Nationalist Right,40.62622309197651,0.014994217523350206
Nationalist Right,40.7866927592955,0.015023414244868616
Nationalist Right,40.94716242661448,0.015040652016191714
Nationalist Right,41.10763209393346,0.015047554524455706
Nationalist Right,41.268101761252446,0.01504355974637318
Nationalist Right,41.42857142857143,0.015028159698963964
Nationalist Right,41.58904109589041,0.015000903049459132
Nationalist Right,41.74951076320939,0.014958834854472504
Nationalist Right,41.90998043052837,0.014902970310267903
Nationalist Right,42.070450097847356,0.014834336606208276
Nationalist Right,42.23091976516634,0.014752925320823779
Nationalist Right,42.39138943248532,0.014658808835195112
Nationalist Right,42.551859099804304,0.014551144495652089
Nationalist Right,42.71232876712329,0.014428858111493205
Nationalist Right,42.87279843444227,0.014295073080510572
Nationalist Right,43.03326810176125,0.014150348426874196
Nationalist Right,43.193737769080236,0.013995313876247176
Nationalist Right,43.354207436399214,0.01383066803761302
Nationalist Right,43.5146771037182,0.01365532009439539
Nationalist Right,43.67514677103718,0.013472437130997179
Nationalist Right,43.83561643835616,0.013283309427692775
Nationalist Right,43.99608610567515,0.013088939519985538
Nationalist Right,44.156555772994125,0.012890359341980955
Nationalist Right,44.31702544031311,0.012688435556118193
Nationalist Right,44.477495107632095,0.012484876257490753
Nationalist Right,44.63796477495107,0.012281230918643613
Nationalist Right,44.79843444227006,0.012078572137177014
Nationalist Right,44.95890410958904,0.011877957605959584
Nationalist Right,45.11937377690802,0.011680497244591642
Nationalist Right,45.279843444227005,0.011488804093607977
Nationalist Right,45.44031311154599,0.011302930909558622
Nationalist Right,45.60078277886497,0.011123750721397797
Nationalist Right,45.76125244618395,0.01095209347525249
Nationalist Right,45.92172211350293,0.010788745063568759
Nationalist Right,46.082191780821915,0.010636354649971607
Nationalist Right,46.2426614481409,0.010495141059564917
Nationalist Right,46.40313111545988,0.010364678050276622
Nationalist Right,46.56360078277886,0.010245454474229948
Nationalist Right,46.72407045009785,0.010137909921180558
Nationalist Right,46.884540117416826,0.010043293086662896
Nationalist Right,47.04500978473581,0.009964014800121424
Nationalist Right,47.205479452054796,0.009897551212573987
Nationalist Right,47.365949119373774,0.009844053512046312
Nationalist Right,47.52641878669276,0.00980362913287869
Nationalist Right,47.68688845401174,0.009776342215554689
Nationalist Right,47.84735812133072,0.00976536440520546
Nationalist Right,48.007827788649706,0.009768092416596841
Nationalist Right,48.168297455968684,0.009783706105832745
Nationalist Right,48.32876712328767,0.009812025722486982
Nationalist Right,48.489236790606654,0.009852834869481108
Nationalist Right,48.64970645792563,0.009907306997866551
Nationalist Right,48.81017612524462,0.009975521365063567
Nationalist Right,48.9706457925636,0.010054998735261892
Nationalist Right,49.13111545988258,0.010145323571423327
Nationalist Right,49.291585127201564,0.010246053504354943
Nationalist Right,49.45205479452055,0.010356733819138248
Nationalist Right,49.61252446183953,0.010479323619718752
Nationalist Right,49.77299412915851,0.0106103735257169
Nationalist Right,49.93346379647749,0.010749323768580754
Nationalist Right,50.093933463796475,0.010895606618520287
Nationalist Right,50.25440313111546,0.011048648030038653
Nationalist Right,50.41487279843444,0.011208782700928219
Nationalist Right,50.57534246575342,0.011374768532821971
Nationalist Right,50.73581213307241,0.01154533734008897
Nationalist Right,50.896281800391385,0.011719954705348874
Nationalist Right,51.05675146771037,0.01189810511309131
Nationalist Right,51.217221135029355,0.012079423045424939
Nationalist Right,51.37769080234833,0.012263680142599093
Nationalist Right,51.53816046966732,0.012449784718564715
Nationalist Right,51.6986301369863,0.012637399742404081
Nationalist Right,51.85909980430528,0.012826226075817612
Nationalist Right,52.019569471624266,0.013016003226575902
Nationalist Right,52.18003913894324,0.013206626730021646
Nationalist Right,52.34050880626223,0.013397794012962165
Nationalist Right,52.50097847358121,0.013589411359050558
Nationalist Right,52.66144814090019,0.013781470988290283
Nationalist Right,52.821917808219176,0.013974005113594347
Nationalist Right,52.98238747553816,0.014167168494534678
Nationalist Right,53.14285714285714,0.014361245010259547
Nationalist Right,53.303326810176124,0.014556341101735981
Nationalist Right,53.46379647749511,0.014752693807886887
Nationalist Right,53.62426614481409,0.01495056326809473
Nationalist Right,53.78473581213307,0.015150231070329291
Nationalist Right,53.945205479452056,0.01535275210914831
Nationalist Right,54.105675146771034,0.015557989779278917
Nationalist Right,54.26614481409002,0.01576623984711764
Nationalist Right,54.426614481409,0.015977819303333148
Nationalist Right,54.58708414872798,0.016193036237727252
Nationalist Right,54.74755381604697,0.016412886029311707
Nationalist Right,54.908023483365945,0.016637660357881872
Nationalist Right,55.06849315068493,0.01686702345284677
Nationalist Right,55.228962818003914,0.017101131970410365
Nationalist Right,55.38943248532289,0.017340104205678046
Nationalist Right,55.54990215264188,0.01758421850394664
Nationalist Right,55.71037181996086,0.017834518445035173
Nationalist Right,55.87084148727984,0.018089640574657714
Nationalist Right,56.031311154598825,0.018349419906870515
Nationalist Right,56.1917808219178,0.018613641757577952
Nationalist Right,56.35225048923679,0.018882042030093804
Nationalist Right,56.51272015655577,0.019154980673569202
Nationalist Right,56.67318982387475,0.019431323260671877
Nationalist Right,56.833659491193735,0.01971028063283935
Nationalist Right,56.99412915851272,0.01999132746632731
Nationalist Right,57.1545988258317,0.02027390681963548
Nationalist Right,57.31506849315068,0.02055742966106406
Nationalist Right,57.47553816046967,0.020840923343912483
Nationalist Right,57.636007827788646,0.021123560222169685
Nationalist Right,57.79647749510763,0.021404683406477942
Nationalist Right,57.956947162426616,0.021683636417611788
Nationalist Right,58.11741682974559,0.02195976527309758
Nationalist Right,58.27788649706458,0.0222312004121528
Nationalist Right,58.438356164383556,0.022497938463610232
Nationalist Right,58.59882583170254,0.02275949595575417
Nationalist Right,58.759295499021526,0.023015313271663073
Nationalist Right,58.919765166340504,0.023264853379881725
Nationalist Right,59.08023483365949,0.02350649670978764
Nationalist Right,59.240704500978474,0.02373949131058807
Nationalist Right,59.40117416829745,0.023964432345854433
Nationalist Right,59.56164383561644,0.024180926494396116
Nationalist Right,59.72211350293542,0.024388601023540984
Nationalist Right,59.8825831702544,0.024586847423048425
Nationalist Right,60.043052837573384,0.02477288197712795
Nationalist Right,60.20352250489236,0.024948867780499238
Nationalist Right,60.36399217221135,0.025114529394060944
Nationalist Right,60.52446183953033,0.02526960303038132
Nationalist Right,60.68493150684931,0.025413836398782138
Nationalist Right,60.845401174168295,0.02554470211123808
Nationalist Right,61.00587084148728,0.025663049968563247
Nationalist Right,61.16634050880626,0.025769735276029604
Nationalist Right,61.32681017612524,0.02586458873638447
Nationalist Right,61.48727984344423,0.025947460771547488
Nationalist Right,61.647749510763205,0.026017249411961974
Nationalist Right,61.80821917808219,0.026072196486456135
Nationalist Right,61.968688845401175,0.026114887494124963
Nationalist Right,62.12915851272015,0.026145359650203096
Nationalist Right,62.28962818003914,0.02616369319160442
Nationalist Right,62.450097847358116,0.026170012893078146
Nationalist Right,62.6105675146771,0.026161627963557012
Nationalist Right,62.771037181996086,0.02614146032799159
Nationalist Right,62.93150684931506,0.02611037586476446
Nationalist Right,63.09197651663405,0.026068818478637432
Nationalist Right,63.25244618395303,0.026017284930521835
Nationalist Right,63.41291585127201,0.025955211516621036
Nationalist Right,63.573385518590996,0.025883396210583626
Nationalist Right,63.73385518590998,0.025804062044322687
Nationalist Right,63.89432485322896,0.025717964530395217
Nationalist Right,64.05479452054794,0.025625882795679168
Nationalist Right,64.21526418786692,0.02552856617118965
Nationalist Right,64.37573385518591,0.02542610285183266
Nationalist Right,64.53620352250489,0.02532074725781349
Nationalist Right,64.69667318982387,0.025213275706239595
Nationalist Right,64.85714285714286,0.02510443458722598
Nationalist Right,65.01761252446184,0.024994936938857557
Nationalist Right,65.17808219178082,0.02488563732655903
Nationalist Right,65.3385518590998,0.02477740500783109
Nationalist Right,65.49902152641879,0.024670665943370595
Nationalist Right,65.65949119373776,0.02456579613485251
Nationalist Right,65.81996086105674,0.024463103307817962
Nationalist Right,65.98043052837573,0.02436299437611272
Nationalist Right,66.14090019569471,0.024266046617407562
Nationalist Right,66.30136986301369,0.024171657899820873
Nationalist Right,66.46183953033268,0.02407971545624771
Nationalist Right,66.62230919765166,0.023990046603329797
Nationalist Right,66.78277886497064,0.023902420715509763
Nationalist Right,66.94324853228963,0.023816809344212764
Nationalist Right,67.10371819960861,0.023732340032392912
Nationalist Right,67.26418786692759,0.023648479937064818
Nationalist Right,67.42465753424658,0.023564763383287064
Nationalist Right,67.58512720156556,0.023480705990310616
Nationalist Right,67.74559686888453,0.02339561250708337
Nationalist Right,67.90606653620353,0.0233085869298968
Nationalist Right,68.0665362035225,0.023219292702935886
Nationalist Right,68.22700587084148,0.023127246380064206
Nationalist Right,68.38747553816047,0.023031980676135794
Nationalist Right,68.54794520547945,0.02293304624675736
Nationalist Right,68.70841487279843,0.02282862350891144
Nationalist Right,68.86888454011742,0.022719429083411565
Nationalist Right,69.0293542074364,0.02260515483464214
Nationalist Right,69.18982387475538,0.022485517650274314
Nationalist Right,69.35029354207435,0.022360266037549304
Nationalist Right,69.51076320939335,0.02222813658542369
Nationalist Right,69.67123287671232,0.022089186930464716
Nationalist Right,69.8317025440313,0.021944048631990728
Nationalist Right,69.9921722113503,0.021792672950956802
Nationalist Right,70.15264187866927,0.021635044522901874
Nationalist Right,70.31311154598825,0.02147086578028228
Nationalist Right,70.47358121330724,0.021299090947444782
Nationalist Right,70.63405088062622,0.021121379897915966
Nationalist Right,70.7945205479452,0.020937919076062808
Nationalist Right,70.95499021526419,0.020748926750798456
Nationalist Right,71.11545988258317,0.020554652750557515
Nationalist Right,71.27592954990214,0.020354389671592314
Nationalist Right,71.43639921722114,0.02014942597983897
Nationalist Right,71.59686888454011,0.019940494157352953
Nationalist Right,71.75733855185909,0.01972801507048748
Nationalist Right,71.91780821917808,0.019512431891946368
Nationalist Right,72.07827788649706,0.019294014090087696
Nationalist Right,72.23874755381604,0.01907337965531344
Nationalist Right,72.39921722113503,0.018851531000720435
Nationalist Right,72.55968688845401,0.018628988203525747
Nationalist Right,72.72015655577299,0.018406270935894975
Nationalist Right,72.88062622309198,0.01818389654329078
Nationalist Right,73.04109589041096,0.01796285439671391
Nationalist Right,73.20156555772994,0.017743553058767663
Nationalist Right,73.36203522504893,0.017526410601682158
Nationalist Right,73.5225048923679,0.017311831117895936
Nationalist Right,73.68297455968688,0.01710018684167485
Nationalist Right,73.84344422700586,0.016892397441544228
Nationalist Right,74.00391389432485,0.01668879456643157
Nationalist Right,74.16438356164383,0.016489086632452573
Nationalist Right,74.32485322896281,0.016293384448837177
Nationalist Right,74.4853228962818,0.01610174976845588
Nationalist Right,74.64579256360078,0.01591434380439015
Nationalist Right,74.80626223091976,0.015731918583395274
Nationalist Right,74.96673189823875,0.015553243163227594
Nationalist Right,75.12720156555773,0.015378085739340139
Nationalist Right,75.2876712328767,0.015206173642829392
Nationalist Right,75.4481409001957,0.015037194884576928
Nationalist Right,75.60861056751467,0.014871194816541257
Nationalist Right,75.76908023483365,0.014707226370403254
Nationalist Right,75.92954990215264,0.014544635139909022
Nationalist Right,76.09001956947162,0.014382959051097533
Nationalist Right,76.2504892367906,0.014221727793914986
Nationalist Right,76.41095890410959,0.014060397000100283
Nationalist Right,76.57142857142857,0.013898160527934203
Nationalist Right,76.73189823874755,0.01373459639487298
Nationalist Right,76.89236790606654,0.013569287577861909
Nationalist Right,77.05283757338552,0.013401842028659518
Nationalist Right,77.2133072407045,0.013231894523186802
Nationalist Right,77.37377690802349,0.013058242157229992
Nationalist Right,77.53424657534246,0.012881207033719548
Nationalist Right,77.69471624266144,0.012700695590171182
Nationalist Right,77.85518590998042,0.012516569388015835
Nationalist Right,78.01565557729941,0.012328731568350024
Nationalist Right,78.17612524461839,0.012136593159996795
Nationalist Right,78.33659491193737,0.011940180551031826
Nationalist Right,78.49706457925636,0.011740167142281538
Nationalist Right,78.65753424657534,0.01153669884514978
Nationalist Right,78.81800391389432,0.011329955145374654
Nationalist Right,78.97847358121331,0.011120084678303381
Nationalist Right,79.13894324853229,0.010906804171827078
Nationalist Right,79.29941291585126,0.01069125170395124
Nationalist Right,79.45988258317026,0.010473755252716339
Nationalist Right,79.62035225048923,0.010254654980707083
Nationalist Right,79.78082191780821,0.010034301695083353
Nationalist Right,79.9412915851272,0.00981300047738052
Nationalist Right,80.10176125244618,0.009591394408668932
Nationalist Right,80.26223091976516,0.009369917503030444
Nationalist Right,80.42270058708415,0.009148919382939559
Nationalist Right,80.58317025440313,0.008928740896374698
Nationalist Right,80.7436399217221,0.008709836917880147
Nationalist Right,80.9041095890411,0.00849290008122246
Nationalist Right,81.06457925636008,0.008277945980758155
Nationalist Right,81.22504892367905,0.008065229331723912
Nationalist Right,81.38551859099805,0.007854987605659319
Nationalist Right,81.54598825831702,0.0076474408667333476
Nationalist Right,81.706457925636,0.007443586910162679
Nationalist Right,81.86692759295498,0.007243055729367407
Nationalist Right,82.02739726027397,0.007045851106013461
Nationalist Right,82.18786692759295,0.006852089863806388
Nationalist Right,82.34833659491193,0.006661873800470952
Nationalist Right,82.50880626223092,0.006475773782763516
Nationalist Right,82.6692759295499,0.00629401393115663
Nationalist Right,82.82974559686888,0.006116035354794662
Nationalist Right,82.99021526418787,0.005941865881484454
Nationalist Right,83.15068493150685,0.005771524367714189
Nationalist Right,83.31115459882582,0.00560505784243223
Nationalist Right,83.47162426614481,0.005443514224955544
Nationalist Right,83.63209393346379,0.005285787332994718
Nationalist Right,83.79256360078277,0.005131855224407776
Nationalist Right,83.95303326810176,0.004981691305426533
Nationalist Right,84.11350293542074,0.004835264477250808
Nationalist Right,84.27397260273972,0.004693202521726085
Nationalist Right,84.43444227005871,0.004555170326394611
Nationalist Right,84.59491193737769,0.004420708994762189
Nationalist Right,84.75538160469667,0.004289763873112279
Nationalist Right,84.91585127201566,0.0041622765733737195
Nationalist Right,85.07632093933464,0.00403839112313895
Nationalist Right,85.23679060665361,0.003918556174313429
Nationalist Right,85.3972602739726,0.0038019113667176604
Nationalist Right,85.55772994129158,0.0036883739624314032
Nationalist Right,85.71819960861056,0.003577857069705303
Nationalist Right,85.87866927592954,0.003470269652597805
Nationalist Right,86.03913894324853,0.0033661419616660237
Nationalist Right,86.19960861056751,0.0032648191744225276
Nationalist Right,86.36007827788649,0.003166030086587102
Nationalist Right,86.52054794520548,0.003069661650779186
Nationalist Right,86.68101761252446,0.0029755983093684405
Nationalist Right,86.84148727984343,0.0028839532762214184
Nationalist Right,87.00195694716243,0.0027946605248781804
Nationalist Right,87.1624266144814,0.0027072149025119947
Nationalist Right,87.32289628180038,0.002621497933623248
Nationalist Right,87.48336594911937,0.002537393298368844
Nationalist Right,87.64383561643835,0.002454787218008346
Nationalist Right,87.80430528375733,0.0023739180256645283
Nationalist Right,87.96477495107632,0.002294262909634955
Nationalist Right,88.1252446183953,0.0022157291081876885
Nationalist Right,88.28571428571428,0.002138237625529863
Nationalist Right,88.44618395303327,0.0020617175750309237
Nationalist Right,88.60665362035225,0.0019862482744784304
Nationalist Right,88.76712328767123,0.00191172325638994
Nationalist Right,88.92759295499022,0.0018380091972866473
Nationalist Right,89.0880626223092,0.0017650953237867341
Nationalist Right,89.24853228962817,0.0016929813407905179
Nationalist Right,89.40900195694717,0.001621718926578957
Nationalist Right,89.56947162426614,0.0015515177196383208
Nationalist Right,89.72994129158512,0.0014822293212139923
Nationalist Right,89.89041095890411,0.0014139118189180045
Nationalist Right,90.05088062622309,0.0013466305728003177
Nationalist Right,90.21135029354207,0.0012804578035079766
Nationalist Right,90.37181996086105,0.0012157691587862422
Nationalist Right,90.53228962818004,0.0011525147402679059
Nationalist Right,90.69275929549902,0.0010906991964131903
Nationalist Right,90.853228962818,0.001030413898466009
Nationalist Right,91.01369863013699,9.717495741731626e-4
Nationalist Right,91.17416829745596,9.14982826524602e-4
Nationalist Right,91.33463796477494,8.604081426045946e-4
Nationalist Right,91.49510763209393,8.077672956494697e-4
Nationalist Right,91.65557729941291,7.571248729792233e-4
Nationalist Right,91.81604696673189,7.085380271793775e-4
Nationalist Right,91.97651663405088,6.620561383340783e-4
Nationalist Right,92.13698630136986,6.183197185842495e-4
Nationalist Right,92.29745596868884,5.768040328257577e-4
Nationalist Right,92.45792563600783,5.374717071271212e-4
Nationalist Right,92.6183953033268,5.00315465513476e-4
Nationalist Right,92.77886497064578,4.6531856070425114e-4
Nationalist Right,92.93933463796478,4.327736599528226e-4
Nationalist Right,93.09980430528375,4.0257493183781557e-4
Nationalist Right,93.26027397260273,3.7436782414589765e-4
Nationalist Right,93.42074363992172,3.480854802175784e-4
Nationalist Right,93.5812133072407,3.2365495832326595e-4
Nationalist Right,93.74168297455968,3.010545944192987e-4
Nationalist Right,93.90215264187867,2.805265935136458e-4
Nationalist Right,94.06262230919765,2.6151986976183486e-4
Nationalist Right,94.22309197651663,2.4394004063176797e-4
Nationalist Right,94.3835616438356,2.2769223979606006e-4
Nationalist Right,94.5440313111546,2.1268147698289808e-4
Nationalist Right,94.70450097847358,1.9901832653958075e-4
Nationalist Right,94.86497064579255,1.8642740424391785e-4
Nationalist Right,95.02544031311155,1.7472841482363714e-4
Nationalist Right,95.18590998043052,1.6384024527494985e-4
Nationalist Right,95.3463796477495,1.5368572204435844e-4
Nationalist Right,95.5068493150685,1.4424110132381932e-4
Nationalist Right,95.66731898238747,1.354739598854355e-4
Nationalist Right,95.82778864970645,1.2719670095971304e-4
Nationalist Right,95.98825831702544,1.1936082781958395e-4
Nationalist Right,96.14872798434442,1.1192264197886679e-4
Nationalist Right,96.3091976516634,1.0484319782841791e-4
Nationalist Right,96.46966731898239,9.81615638393916e-5
Nationalist Right,96.63013698630137,9.176988029667923e-5
Nationalist Right,96.79060665362034,8.564001485701982e-5
Nationalist Right,96.95107632093934,7.975719349178184e-5
Nationalist Right,97.11154598825831,7.410960831860017e-5
Nationalist Right,97.27201565557729,6.871901915708228e-5
Nationalist Right,97.43248532289628,6.358029784457383e-5
Nationalist Right,97.59295499021526,5.865746601470026e-5
Nationalist Right,97.75342465753424,5.394973872462973e-5
Nationalist Right,97.91389432485323,4.9457045710745116e-5
Nationalist Right,98.07436399217221,4.518436781136861e-5
Nationalist Right,98.23483365949119,4.1187481359443676e-5
Nationalist Right,98.39530332681016,3.7408047422325064e-5
Nationalist Right,98.55577299412916,3.384593404006984e-5
Nationalist Right,98.71624266144813,3.0500435810253377e-5
Nationalist Right,98.87671232876711,2.737023866635667e-5
Nationalist Right,99.0371819960861,2.449352557068515e-5
Nationalist Right,99.19765166340508,2.1844675429822115e-5
Nationalist Right,99.35812133072406,1.9397538966131752e-5
Nationalist Right,99.51859099804305,1.7146417625562518e-5
Nationalist Right,99.67906066536203,1.508497239660652e-5
Nationalist Right,99.83953033268101,1.321882490593034e-5
Nationalist Right,100,1.1560892416758665e-5
Progressive Left,18,0.0064089212288474945
Progressive Left,18.16046966731898,0.006738806423754798
Progressive Left,18.320939334637966,0.007072048667985285
Progressive Left,18.481409001956948,0.007408137600852276
Progressive Left,18.64187866927593,0.007746566346584568
Progressive Left,18.80234833659491,0.008086978596128393
Progressive Left,18.962818003913895,0.008428576813851906
Progressive Left,19.123287671232877,0.008770575176569484
Progressive Left,19.283757338551858,0.009112517146412837
Progressive Left,19.444227005870843,0.009453956028860745
Progressive Left,19.604696673189824,0.009794224706862564
Progressive Left,19.765166340508806,0.010132539667082658
Progressive Left,19.925636007827787,0.010468713745940855
Progressive Left,20.086105675146772,0.010802375129436409
Progressive Left,20.246575342465754,0.011133163075860937
Progressive Left,20.407045009784735,0.011460221789410013
Progressive Left,20.567514677103716,0.01178276532243669
Progressive Left,20.7279843444227,0.01210114573671392
Progressive Left,20.888454011741683,0.012415077727139037
Progressive Left,21.048923679060664,0.012724286554931007
Progressive Left,21.20939334637965,0.013027818207587595
Progressive Left,21.36986301369863,0.01332486200533822
Progressive Left,21.53033268101761,0.013616227748293627
Progressive Left,21.690802348336593,0.013901711705521985
Progressive Left,21.851272015655578,0.014181119820255557
Progressive Left,22.01174168297456,0.014453472580876548
Progressive Left,22.17221135029354,0.01471792211550695
Progressive Left,22.332681017612526,0.014975644687174366
Progressive Left,22.493150684931507,0.015226505119576362
Progressive Left,22.65362035225049,0.01547037465850796
Progressive Left,22.81409001956947,0.015706288233400163
Progressive Left,22.974559686888455,0.01593332637975918
Progressive Left,23.135029354207436,0.016152922845189207
Progressive Left,23.295499021526417,0.016364971303708387
Progressive Left,23.455968688845402,0.016569364389575056
Progressive Left,23.616438356164384,0.016765124454466953
Progressive Left,23.776908023483365,0.016951157707136535
Progressive Left,23.937377690802347,0.01712905743151891
Progressive Left,24.09784735812133,0.017298678846295466
Progressive Left,24.258317025440313,0.017459867490640987
Progressive Left,24.418786692759294,0.017611541518621106
Progressive Left,24.57925636007828,0.01775226980549022
Progressive Left,24.73972602739726,0.017883799232681262
Progressive Left,24.900195694716242,0.018005895816099054
Progressive Left,25.060665362035223,0.018118314713611035
Progressive Left,25.22113502935421,0.01821979567681895
Progressive Left,25.38160469667319,0.018308457325913897
Progressive Left,25.54207436399217,0.01838635141374119
Progressive Left,25.702544031311156,0.01845319338583942
Progressive Left,25.863013698630137,0.01850870232824896
Progressive Left,26.02348336594912,0.01855151339875946
Progressive Left,26.1839530332681,0.01857941023510827
Progressive Left,26.344422700587085,0.018594996203774413
Progressive Left,26.504892367906066,0.01859810284392077
Progressive Left,26.665362035225048,0.018588593935301077
Progressive Left,26.82583170254403,0.018565293071921972
Progressive Left,26.986301369863014,0.018526110672141622
Progressive Left,27.146771037181995,0.018474312873637835
Progressive Left,27.307240704500977,0.018410083755312754
Progressive Left,27.467710371819962,0.018333666906780465
Progressive Left,27.628180039138943,0.018244495267412106
Progressive Left,27.788649706457925,0.018141330553421618
Progressive Left,27.949119373776906,0.01802779638848611
Progressive Left,28.10958904109589,0.017904585304365433
Progressive Left,28.270058708414872,0.017772453858061314
Progressive Left,28.430528375733854,0.017631751301020578
Progressive Left,28.59099804305284,0.017482764933703272
Progressive Left,28.75146771037182,0.017328662975629888
Progressive Left,28.9119373776908,0.017170574231715512
Progressive Left,29.072407045009783,0.017009662009144996
Progressive Left,29.232876712328768,0.016847147271992883
Progressive Left,29.39334637964775,0.016685078316485236
Progressive Left,29.55381604696673,0.016525114479287114
Progressive Left,29.714285714285715,0.016368496894916505
Progressive Left,29.874755381604697,0.016216447809807234
Progressive Left,30.035225048923678,0.016070617835120416
Progressive Left,30.19569471624266,0.01593439868766127
Progressive Left,30.356164383561644,0.015807184064589197
Progressive Left,30.516634050880626,0.01568989475257341
Progressive Left,30.677103718199607,0.015583382722875117
Progressive Left,30.83757338551859,0.015489094456603054
Progressive Left,30.998043052837573,0.015410819383734547
Progressive Left,31.158512720156555,0.015345704732995296
Progressive Left,31.318982387475536,0.015294037565129068
Progressive Left,31.47945205479452,0.015256016685671892
Progressive Left,31.639921722113503,0.015232389970968084
Progressive Left,31.800391389432484,0.015226286680622442
Progressive Left,31.960861056751465,0.015233489819917111
Progressive Left,32.12133072407045,0.015253625146076288
Progressive Left,32.28180039138943,0.015286250687224638
Progressive Left,32.44227005870842,0.01533130234828244
Progressive Left,32.602739726027394,0.015390557499274522
Progressive Left,32.76320939334638,0.015459790227989146
Progressive Left,32.923679060665364,0.015538226065736483
Progressive Left,33.08414872798434,0.01562507027884904
Progressive Left,33.24461839530333,0.015719724421486773
Progressive Left,33.40508806262231,0.01582256928128505
Progressive Left,33.56555772994129,0.015930554841861594
Progressive Left,33.726027397260275,0.016042902388781883
Progressive Left,33.88649706457925,0.016158860862885937
Progressive Left,34.04696673189824,0.016277760259364355
Progressive Left,34.20743639921722,0.016399129539371962
Progressive Left,34.3679060665362,0.016521583211321814
Progressive Left,34.528375733855185,0.01664465700255431
Progressive Left,34.68884540117417,0.01676793849277771
Progressive Left,34.84931506849315,0.01689105558831283
Progressive Left,35.00978473581213,0.017013467693639754
Progressive Left,35.17025440313112,0.017135121033837873
Progressive Left,35.330724070450096,0.01725595699039817
Progressive Left,35.49119373776908,0.01737596019824915
Progressive Left,35.65166340508806,0.01749514842548386
Progressive Left,35.81213307240704,0.017613480492050974
Progressive Left,35.97260273972603,0.017731394578077365
Progressive Left,36.133072407045006,0.017849087242251788
Progressive Left,36.29354207436399,0.017966766145932695
Progressive Left,36.454011741682976,0.01808465488031717
Progressive Left,36.614481409001954,0.018203255771096473
Progressive Left,36.77495107632094,0.01832269988605671
Progressive Left,36.935420743639924,0.018443160263614693
Progressive Left,37.0958904109589,0.018564785553369784
Progressive Left,37.256360078277886,0.018687704031855056
Progressive Left,37.41682974559687,0.018812456677968915
Progressive Left,37.57729941291585,0.018938571305645715
Progressive Left,37.737769080234834,0.019065952864110353
Progressive Left,37.89823874755381,0.019194461583431063
Progressive Left,38.0587084148728,0.01932391293298625
Progressive Left,38.21917808219178,0.01945407018695672
Progressive Left,38.37964774951076,0.019584209068041165
Progressive Left,38.540117416829744,0.019713870331316097
Progressive Left,38.70058708414873,0.019842553919125143
Progressive Left,38.86105675146771,0.019969717326699526
Progressive Left,39.02152641878669,0.02009366075346227
Progressive Left,39.18199608610568,0.02021410954821773
Progressive Left,39.342465753424655,0.020330343473796295
Progressive Left,39.50293542074364,0.020441597142659026
Progressive Left,39.66340508806262,0.02054708323073016
Progressive Left,39.8238747553816,0.020643399611101475
Progressive Left,39.98434442270059,0.020731370239006824
Progressive Left,40.144814090019565,0.020810269749260875
Progressive Left,40.30528375733855,0.020879270474030834
Progressive Left,40.465753424657535,0.02093755213957445
Progressive Left,40.62622309197651,0.020980282164470343
Progressive Left,40.7866927592955,0.021009729394927304
Progressive Left,40.94716242661448,0.021025466488393093
Progressive Left,41.10763209393346,0.021026842292403564
Progressive Left,41.268101761252446,0.021013242824193555
Progressive Left,41.42857142857143,0.02097912311227628
Progressive Left,41.58904109589041,0.020928144719265473
Progressive Left,41.74951076320939,0.020860432467464895
Progressive Left,41.90998043052837,0.02077572751147064
Progressive Left,42.070450097847356,0.020673831586232955
Progressive Left,42.23091976516634,0.020549497356407775
Progressive Left,42.39138943248532,0.020407350625922513
Progressive Left,42.551859099804304,0.02024818810075283
Progressive Left,42.71232876712329,0.02007228056844441
Progressive Left,42.87279843444227,0.019879968939097173
Progressive Left,43.03326810176125,0.019667358165845604
Progressive Left,43.193737769080236,0.019439319477184705
Progressive Left,43.354207436399214,0.01919723357344518
Progressive Left,43.5146771037182,0.018941900180092876
Progressive Left,43.67514677103718,0.018674177976137647
Progressive Left,43.83561643835616,0.01839229763485645
Progressive Left,43.99608610567515,0.01810051908727291
Progressive Left,44.156555772994125,0.017800490237770892
Progressive Left,44.31702544031311,0.017493368883636645
Progressive Left,44.477495107632095,0.01718033999629253
Progressive Left,44.63796477495107,0.016861967145035208
Progressive Left,44.79843444227006,0.01654113722709143
Progressive Left,44.95890410958904,0.016219304701076083
Progressive Left,45.11937377690802,0.015897687967796358
Progressive Left,45.279843444227005,0.015577491700071774
Progressive Left,45.44031311154599,0.015261186951151223
Progressive Left,45.60078277886497,0.014949874978108568
Progressive Left,45.76125244618395,0.01464439697172027
Progressive Left,45.92172211350293,0.014345730319946301
Progressive Left,46.082191780821915,0.014054806890094421
Progressive Left,46.2426614481409,0.013775174146656338
Progressive Left,46.40313111545988,0.01350622540076153
Progressive Left,46.56360078277886,0.013247993369911308
Progressive Left,46.72407045009785,0.013001041348825354
Progressive Left,46.884540117416826,0.012765877479900208
Progressive Left,47.04500978473581,0.012546278644393113
Progressive Left,47.205479452054796,0.012340423525077185
Progressive Left,47.365949119373774,0.012147624473584208
Progressive Left,47.52641878669276,0.011968039048748692
Progressive Left,47.68688845401174,0.011801781142974959
Progressive Left,47.84735812133072,0.011652299190384484
Progressive Left,48.007827788649706,0.011517210264844983
Progressive Left,48.168297455968684,0.011395375565786578
Progressive Left,48.32876712328767,0.011286678970172067
Progressive Left,48.489236790606654,0.011190980384000529
Progressive Left,48.64970645792563,0.011111188144901214
Progressive Left,48.81017612524462,0.011044892417723646
Progressive Left,48.9706457925636,0.01099077840438807
Progressive Left,49.13111545988258,0.01094859860979938
Progressive Left,49.291585127201564,0.010918095646532391
Progressive Left,49.45205479452055,0.010901620157486858
Progressive Left,49.61252446183953,0.010897010641762314
Progressive Left,49.77299412915851,0.010902941255780844
Progressive Left,49.93346379647749,0.010919105076375446
Progressive Left,50.093933463796475,0.01094518874724156
Progressive Left,50.25440313111546,0.010982975782379896
Progressive Left,50.41487279843444,0.011030607553455495
Progressive Left,50.57534246575342,0.011086808569911299
Progressive Left,50.73581213307241,0.011151213624542584
Progressive Left,50.896281800391385,0.011223448906387167
Progressive Left,51.05675146771037,0.011304660110827123
Progressive Left,51.217221135029355,0.011393263131094794
Progressive Left,51.37769080234833,0.011488076831632348
Progressive Left,51.53816046966732,0.011588666082740385
Progressive Left,51.6986301369863,0.011694587926992874
Progressive Left,51.85909980430528,0.011806285635627278
Progressive Left,52.019569471624266,0.011922456041345772
Progressive Left,52.18003913894324,0.012042109560621527
Progressive Left,52.34050880626223,0.012164774199729396
Progressive Left,52.50097847358121,0.012289978534958319
Progressive Left,52.66144814090019,0.012417519073102677
Progressive Left,52.821917808219176,0.012546443813129877
Progressive Left,52.98238747553816,0.012676096841594953
Progressive Left,53.14285714285714,0.012806058730772838
Progressive Left,53.303326810176124,0.012935924304506727
Progressive Left,53.46379647749511,0.013065072431282222
Progressive Left,53.62426614481409,0.013192985864080239
Progressive Left,53.78473581213307,0.013319451005717794
Progressive Left,53.945205479452056,0.013444208151255646
Progressive Left,54.105675146771034,0.01356702364599356
Progressive Left,54.26614481409002,0.013687205192177991
Progressive Left,54.426614481409,0.013804692158109963
Progressive Left,54.58708414872798,0.013919701044323062
Progressive Left,54.74755381604697,0.014032196972513305
Progressive Left,54.908023483365945,0.01414217393807661
Progressive Left,55.06849315068493,0.0142491963469192
Progressive Left,55.228962818003914,0.014353574417749685
Progressive Left,55.38943248532289,0.014455790156428592
Progressive Left,55.54990215264188,0.014556014149854345
Progressive Left,55.71037181996086,0.01465443703749993
Progressive Left,55.87084148727984,0.014751050254773733
Progressive Left,56.031311154598825,0.014846350187615594
Progressive Left,56.1917808219178,0.014940820149738845
Progressive Left,56.35225048923679,0.015034732774855649
Progressive Left,56.51272015655577,0.01512836365601153
Progressive Left,56.67318982387475,0.015222077944916064
Progressive Left,56.833659491193735,0.015316331623944326
Progressive Left,56.99412915851272,0.015411360385893283
Progressive Left,57.1545988258317,0.015507395413938904
Progressive Left,57.31506849315068,0.015604653150989972
Progressive Left,57.47553816046967,0.01570363601330816
Progressive Left,57.636007827788646,0.015804567929668778
Progressive Left,57.79647749510763,0.01590732054522171
Progressive Left,57.956947162426616,0.016011964213895804
Progressive Left,58.11741682974559,0.016118544062287722
Progressive Left,58.27788649706458,0.01622740177825314
Progressive Left,58.438356164383556,0.016338432796710028
Progressive Left,58.59882583170254,0.016451216624253983
Progressive Left,58.759295499021526,0.0165656176137939
Progressive Left,58.919765166340504,0.016681475496919087
Progressive Left,59.08023483365949,0.016798746788478754
Progressive Left,59.240704500978474,0.016917015052761407
Progressive Left,59.40117416829745,0.01703579319975218
Progressive Left,59.56164383561644,0.017154780334134895
Progressive Left,59.72211350293542,0.017273661146286902
Progressive Left,59.8825831702544,0.017391939017448458
Progressive Left,60.043052837573384,0.017508990129389716
Progressive Left,60.20352250489236,0.017624538044474617
Progressive Left,60.36399217221135,0.017738217237865745
Progressive Left,60.52446183953033,0.017849662535495497
Progressive Left,60.68493150684931,0.017958018723530738
Progressive Left,60.845401174168295,0.018062601218074452
Progressive Left,61.00587084148728,0.018163559824231984
Progressive Left,61.16634050880626,0.018260581387246722
Progressive Left,61.32681017612524,0.018353366839357392
Progressive Left,61.48727984344423,0.01844090655293269
Progressive Left,61.647749510763205,0.01852260164685661
Progressive Left,61.80821917808219,0.0185991047961542
Progressive Left,61.968688845401175,0.01867024808429422
Progressive Left,62.12915851272015,0.018735886014567257
Progressive Left,62.28962818003914,0.018795088292649496
Progressive Left,62.450097847358116,0.0188474549394427
Progressive Left,62.6105675146771,0.018894055361493016
Progressive Left,62.771037181996086,0.01893490645403378
Progressive Left,62.93150684931506,0.018970047717429224
Progressive Left,63.09197651663405,0.01899880784365155
Progressive Left,63.25244618395303,0.019021034782036948
Progressive Left,63.41291585127201,0.01903799480542011
Progressive Left,63.573385518590996,0.0190498613715575
Progressive Left,63.73385518590998,0.019056822183479476
Progressive Left,63.89432485322896,0.019058525166293642
Progressive Left,64.05479452054794,0.019055026157127578
Progressive Left,64.21526418786692,0.019047513337147746
Progressive Left,64.37573385518591,0.01903622888208223
Progressive Left,64.53620352250489,0.019021415464065206
Progressive Left,64.69667318982387,0.01900296319235428
Progressive Left,64.85714285714286,0.018981009368977873
Progressive Left,65.01761252446184,0.01895644573837714
Progressive Left,65.17808219178082,0.01892947248086654
Progressive Left,65.3385518590998,0.018900277435864747
Progressive Left,65.49902152641879,0.018868826126218163
Progressive Left,65.65949119373776,0.018835170145689698
Progressive Left,65.81996086105674,0.01879984077986977
Progressive Left,65.98043052837573,0.01876291482825684
Progressive Left,66.14090019569471,0.018724450994796207
Progressive Left,66.30136986301369,0.01868432566188399
Progressive Left,66.46183953033268,0.01864236855789097
Progressive Left,66.62230919765166,0.018598865595808815
Progressive Left,66.78277886497064,0.01855375549345302
Progressive Left,66.94324853228963,0.018506962346922846
Progressive Left,67.10371819960861,0.018458192530781178
Progressive Left,67.26418786692759,0.01840700596410841
Progressive Left,67.42465753424658,0.01835366862354467
Progressive Left,67.58512720156556,0.01829803290113255
Progressive Left,67.74559686888453,0.018239946431125365
Progressive Left,67.90606653620353,0.01817897403566473
Progressive Left,68.0665362035225,0.018114459839973007
Progressive Left,68.22700587084148,0.01804686557251085
Progressive Left,68.38747553816047,0.01797604274111383
Progressive Left,68.54794520547945,0.017901849069160265
Progressive Left,68.70841487279843,0.017823813595591303
Progressive Left,68.86888454011742,0.017741194445609076
Progressive Left,69.0293542074364,0.017654753827312214
Progressive Left,69.18982387475538,0.01756442047269302
Progressive Left,69.35029354207435,0.01747013682080311
Progressive Left,69.51076320939335,0.01737152051185852
Progressive Left,69.67123287671232,0.017267903198573093
Progressive Left,69.8317025440313,0.017160302232153084
Progressive Left,69.9921722113503,0.017048764181716004
Progressive Left,70.15264187866927,0.016933350659664136
Progressive Left,70.31311154598825,0.016813855032570303
Progressive Left,70.47358121330724,0.016689817269903852
Progressive Left,70.63405088062622,0.01656233826311005
Progressive Left,70.7945205479452,0.016431570503996608
Progressive Left,70.95499021526419,0.016297675920139348
Progressive Left,71.11545988258317,0.016160634726867122
Progressive Left,71.27592954990214,0.016020246559203633
Progressive Left,71.43639921722114,0.015877468816477378
Progressive Left,71.59686888454011,0.015732496340694558
Progressive Left,71.75733855185909,0.015585522486207768
Progressive Left,71.91780821917808,0.01543663910023776
Progressive Left,72.07827788649706,0.015285829668894229
Progressive Left,72.23874755381604,0.015133727981872737
Progressive Left,72.39921722113503,0.014980478865521993
Progressive Left,72.55968688845401,0.014826214225953897
Progressive Left,72.72015655577299,0.014671007686134559
Progressive Left,72.88062622309198,0.014514833086727567
Progressive Left,73.04109589041096,0.014357970253551181
Progressive Left,73.20156555772994,0.014200438668850988
Progressive Left,73.36203522504893,0.014042239654827645
Progressive Left,73.5225048923679,0.013883315245423125
Progressive Left,73.68297455968688,0.01372340546990058
Progressive Left,73.84344422700586,0.013562600175033615
Progressive Left,74.00391389432485,0.013400784420124337
Progressive Left,74.16438356164383,0.013237830575503266
Progressive Left,74.32485322896281,0.013073526515220549
Progressive Left,74.4853228962818,0.012907259038786718
Progressive Left,74.64579256360078,0.012739218877243937
Progressive Left,74.80626223091976,0.01256923160104688
Progressive Left,74.96673189823875,0.012397124518760579
Progressive Left,75.12720156555773,0.012222623545624605
Progressive Left,75.2876712328767,0.012044850298509402
Progressive Left,75.4481409001957,0.011864345422223203
Progressive Left,75.60861056751467,0.011680998567394832
Progressive Left,75.76908023483365,0.011494716413413803
Progressive Left,75.92954990215264,0.01130531720005438
Progressive Left,76.09001956947162,0.011111944034284815
Progressive Left,76.2504892367906,0.010915520325546211
Progressive Left,76.41095890410959,0.010716099652033457
Progressive Left,76.57142857142857,0.010513759365310129
Progressive Left,76.73189823874755,0.010308527648416603
Progressive Left,76.89236790606654,0.010099923059908707
Progressive Left,77.05283757338552,0.00988901128564966
Progressive Left,77.2133072407045,0.009676024304658465
Progressive Left,77.37377690802349,0.009461211925022445
Progressive Left,77.53424657534246,0.009244817530429434
Progressive Left,77.69471624266144,0.009026978085325398
Progressive Left,77.85518590998042,0.008808500856557258
Progressive Left,78.01565557729941,0.008589717714952047
Progressive Left,78.17612524461839,0.00837096373884522
Progressive Left,78.33659491193737,0.008152590937550858
Progressive Left,78.49706457925636,0.007935373137908264
Progressive Left,78.65753424657534,0.007719514210774436
Progressive Left,78.81800391389432,0.007505325022836963
Progressive Left,78.97847358121331,0.0072931053770854135
Progressive Left,79.13894324853229,0.0070831690639946605
Progressive Left,79.29941291585126,0.006876738724970429
Progressive Left,79.45988258317026,0.006673302026738649
Progressive Left,79.62035225048923,0.006473056444244182
Progressive Left,79.78082191780821,0.006276182009180494
Progressive Left,79.9412915851272,0.006082853306078145
Progressive Left,80.10176125244618,0.005894471973041711
Progressive Left,80.26223091976516,0.00570995629742344
Progressive Left,80.42270058708415,0.005529368961670441
Progressive Left,80.58317025440313,0.005352758107709295
Progressive Left,80.7436399217221,0.005180157366008255
Progressive Left,80.9041095890411,0.005012899583971295
Progressive Left,81.06457925636008,0.004849656877666832
Progressive Left,81.22504892367905,0.0046903864127585135
Progressive Left,81.38551859099805,0.004535050761320771
Progressive Left,81.54598825831702,0.004383605783819143
Progressive Left,81.706457925636,0.004237199416935965
Progressive Left,81.86692759295498,0.0040945501022610405
Progressive Left,82.02739726027397,0.003955560315120235
Progressive Left,82.18786692759295,0.0038201678345817186
Progressive Left,82.34833659491193,0.003688310432353145
Progressive Left,82.50880626223092,0.003560987423498797
Progressive Left,82.6692759295499,0.00343707773079786
Progressive Left,82.82974559686888,0.0033164753554731892
Progressive Left,82.99021526418787,0.0031991300890845667
Progressive Left,83.15068493150685,0.003084994035825474
Progressive Left,83.31115459882582,0.0029749768563280374
Progressive Left,83.47162426614481,0.0028681127051006865
Progressive Left,83.63209393346379,0.002764296329900857
Progressive Left,83.79256360078277,0.0026634917697606637
Progressive Left,83.95303326810176,0.0025656638952493574
Progressive Left,84.11350293542074,0.002471649696202833
Progressive Left,84.27397260273972,0.0023805891661862625
Progressive Left,84.43444227005871,0.002292362673903234
Progressive Left,84.59491193737769,0.002206930875904206
Progressive Left,84.75538160469667,0.002124252762136546
Progressive Left,84.91585127201566,0.0020450620145335274
Progressive Left,85.07632093933464,0.0019685752228367124
Progressive Left,85.23679060665361,0.0018946450560812923
Progressive Left,85.3972602739726,0.0018232135875663863
Progressive Left,85.55772994129158,0.0017542202144279848
Progressive Left,85.71819960861056,0.0016882526518988805
Progressive Left,85.87866927592954,0.0016246151973903504
Progressive Left,86.03913894324853,0.0015631386586202846
Progressive Left,86.19960861056751,0.0015037473393061471
Progressive Left,86.36007827788649,0.0014463641231877008
Progressive Left,86.52054794520548,0.001391416004912215
Progressive Left,86.68101761252446,0.0013383279744912996
Progressive Left,86.84148727984343,0.001286932834126428
Progressive Left,87.00195694716243,0.0012371531617871038
Progressive Left,87.1624266144814,0.001188912704591389
Progressive Left,87.32289628180038,0.0011425074371800921
Progressive Left,87.48336594911937,0.0010975061311858715
Progressive Left,87.64383561643835,0.0010537703966140522
Progressive Left,87.80430528375733,0.0010112413203081955
Progressive Left,87.96477495107632,9.698633764223787e-4
Progressive Left,88.1252446183953,9.298621795652503e-4
Progressive Left,88.28571428571428,8.909421613197885e-4
Progressive Left,88.44618395303327,8.530065655325666e-4
Progressive Left,88.60665362035225,8.160266738507387e-4
Progressive Left,88.76712328767123,7.799776661228482e-4
Progressive Left,88.92759295499022,7.450749380361936e-4
Progressive Left,89.0880626223092,7.11119266661148e-4
Progressive Left,89.24853228962817,6.780468730681921e-4
Progressive Left,89.40900195694717,6.45855803214913e-4
Progressive Left,89.56947162426614,6.14546603509257e-4
Progressive Left,89.72994129158512,5.843555094260752e-4
Progressive Left,89.89041095890411,5.551273009945816e-4
Progressive Left,90.05088062622309,5.268074128676663e-4
Progressive Left,90.21135029354207,4.994051120436608e-4
Progressive Left,90.37181996086105,4.729298170328348e-4
Progressive Left,90.53228962818004,4.476317120135355e-4
Progressive Left,90.69275929549902,4.2335788868333603e-4
Progressive Left,90.853228962818,4.0003956026865356e-4
Progressive Left,91.01369863013699,3.7767942882566537e-4
Progressive Left,91.17416829745596,3.5627845887964486e-4
Progressive Left,91.33463796477494,3.3606944861972447e-4
Progressive Left,91.49510763209393,3.168859245183817e-4
Progressive Left,91.65557729941291,2.986356613120686e-4
Progressive Left,91.81604696673189,2.813046803317814e-4
Progressive Left,91.97651663405088,2.6487677128736757e-4
Progressive Left,92.13698630136986,2.495357581834026e-4
Progressive Left,92.29745596868884,2.3511102969342096e-4
Progressive Left,92.45792563600783,2.2149550473532704e-4
Progressive Left,92.6183953033268,2.0865996651701576e-4
Progressive Left,92.77886497064578,1.9657383181928583e-4
Progressive Left,92.93933463796478,1.853586800694185e-4
Progressive Left,93.09980430528375,1.7486149285413064e-4
Progressive Left,93.26027397260273,1.6497911736537853e-4
Progressive Left,93.42074363992172,1.5567670138823836e-4
Progressive Left,93.5812133072407,1.4691946093846824e-4
Progressive Left,93.74168297455968,1.3877539191374004e-4
Progressive Left,93.90215264187867,1.3112743005328615e-4
Progressive Left,94.06262230919765,1.2389317013051807e-4
Progressive Left,94.22309197651663,1.1704278937271916e-4
Progressive Left,94.3835616438356,1.1054763638410105e-4
Progressive Left,94.5440313111546,1.0444342586799076e-4
Progressive Left,94.70450097847358,9.86547070930187e-5
Progressive Left,94.86497064579255,9.312621478778734e-5
Progressive Left,95.02544031311155,8.783911349454275e-5
Progressive Left,95.18590998043052,8.277604582333563e-5
Progressive Left,95.3463796477495,7.796128726044966e-5
Progressive Left,95.5068493150685,7.335395482350374e-5
Progressive Left,95.66731898238747,6.89212160353985e-5
Progressive Left,95.82778864970645,6.465491768918538e-5
Progressive Left,95.98825831702544,6.054799700459669e-5
Progressive Left,96.14872798434442,5.662518939383568e-5
Progressive Left,96.3091976516634,5.2866732669369e-5
Progressive Left,96.46966731898239,4.925184315020748e-5
Progressive Left,96.63013698630137,4.5778698907072015e-5
Progressive Left,96.79060665362034,4.2445915359109465e-5
Progressive Left,96.95107632093934,3.928071101537225e-5
Progressive Left,97.11154598825831,3.627183032529426e-5
Progressive Left,97.27201565557729,3.340116786405941e-5
Progressive Left,97.43248532289628,3.066835747081587e-5
Progressive Left,97.59295499021526,2.8072960164970672e-5
Progressive Left,97.75342465753424,2.5641067042804292e-5
Progressive Left,97.91389432485323,2.3362369069070546e-5
Progressive Left,98.07436399217221,2.1216961196173295e-5
Progressive Left,98.23483365949119,1.920299599874586e-5
Progressive Left,98.39530332681016,1.731836159532236e-5
Progressive Left,98.55577299412916,1.5583859059001052e-5
Progressive Left,98.71624266144813,1.3987933439393473e-5
Progressive Left,98.87671232876711,1.250924838840437e-5
Progressive Left,99.0371819960861,1.1143973966260295e-5
Progressive Left,99.19765166340508,9.888084627596261e-6
Progressive Left,99.35812133072406,8.755276290438331e-6
Progressive Left,99.51859099804305,7.733794132378726e-6
Progressive Left,99.67906066536203,6.803620470051223e-6
Progressive Left,99.83953033268101,5.959950997144781e-6
Progressive Left,100,5.197953746409425e-6
Religious Moderates,18,0.007858543151498514
Religious Moderates,18.16046966731898,0.008205657726966138
Religious Moderates,18.320939334637966,0.008547529988340638
Religious Moderates,18.481409001956948,0.00888324358307824
Religious Moderates,18.64187866927593,0.009210353927331251
Religious Moderates,18.80234833659491,0.009528365955558692
Religious Moderates,18.962818003913895,0.009837586911521267
Religious Moderates,19.123287671232877,0.01013759797789278
Religious Moderates,19.283757338551858,0.010428064841521601
Religious Moderates,19.444227005870843,0.010707577631877109
Religious Moderates,19.604696673189824,0.010975281901730761
Religious Moderates,19.765166340508806,0.011233139150073106
Religious Moderates,19.925636007827787,0.011481306992343617
Religious Moderates,20.086105675146772,0.01172000346372975
Religious Moderates,20.246575342465754,0.01194916518952563
Religious Moderates,20.407045009784735,0.012167360328056938
Religious Moderates,20.567514677103716,0.012377498311291485
Religious Moderates,20.7279843444227,0.012580042245350639
Religious Moderates,20.888454011741683,0.012775466407947396
Religious Moderates,21.048923679060664,0.01296425390395723
Religious Moderates,21.20939334637965,0.013145466629345582
Religious Moderates,21.36986301369863,0.013321171597788955
Religious Moderates,21.53033268101761,0.013492020596168334
Religious Moderates,21.690802348336593,0.013658408692878618
Religious Moderates,21.851272015655578,0.013820702613279699
Religious Moderates,22.01174168297456,0.013978604160322849
Religious Moderates,22.17221135029354,0.01413280337081777
Religious Moderates,22.332681017612526,0.01428390816393995
Religious Moderates,22.493150684931507,0.014432062411363073
Religious Moderates,22.65362035225049,0.014577374811568936
Religious Moderates,22.81409001956947,0.014719605805843526
Religious Moderates,22.974559686888455,0.014858546630411298
Religious Moderates,23.135029354207436,0.014994677242833774
Religious Moderates,23.295499021526417,0.015127919674494242
Religious Moderates,23.455968688845402,0.015258175288207044
Religious Moderates,23.616438356164384,0.015385206286592262
Religious Moderates,23.776908023483365,0.015508008662450756
Religious Moderates,23.937377690802347,0.01562725141987125
Religious Moderates,24.09784735812133,0.01574275206832969
Religious Moderates,24.258317025440313,0.01585432184957973
Religious Moderates,24.418786692759294,0.01596176613593685
Religious Moderates,24.57925636007828,0.016063635251825217
Religious Moderates,24.73972602739726,0.016160601365175598
Religious Moderates,24.900195694716242,0.01625263380162738
Religious Moderates,25.060665362035223,0.01633951405151975
Religious Moderates,25.22113502935421,0.016421019852116202
Religious Moderates,25.38160469667319,0.016495796465282882
Religious Moderates,25.54207436399217,0.016563848613133116
Religious Moderates,25.702544031311156,0.01662560649219534
Religious Moderates,25.863013698630137,0.016680818714853413
Religious Moderates,26.02348336594912,0.016729229872633047
Religious Moderates,26.1839530332681,0.01676975611197544
Religious Moderates,26.344422700587085,0.01680132521328323
Religious Moderates,26.504892367906066,0.01682507917252797
Religious Moderates,26.665362035225048,0.01684076706581887
Religious Moderates,26.82583170254403,0.016848147530820923
Religious Moderates,26.986301369863014,0.016846702864003
Religious Moderates,27.146771037181995,0.01683399532993444
Religious Moderates,27.307240704500977,0.016812237339743543
Religious Moderates,27.467710371819962,0.01678132767118921
Religious Moderates,27.628180039138943,0.016741203132600777
Religious Moderates,27.788649706457925,0.016691839986533688
Religious Moderates,27.949119373776906,0.016630907823118837
Religious Moderates,28.10958904109589,0.016560615097507832
Religious Moderates,28.270058708414872,0.01648163050280326
Religious Moderates,28.430528375733854,0.016394268456693267
Religious Moderates,28.59099804305284,0.016298903827229348
Religious Moderates,28.75146771037182,0.016194759037952748
Religious Moderates,28.9119373776908,0.016083223427542103
Religious Moderates,29.072407045009783,0.01596590754833606
Religious Moderates,29.232876712328768,0.015843562652407942
Religious Moderates,29.39334637964775,0.015716990039068377
Religious Moderates,29.55381604696673,0.015586838214713614
Religious Moderates,29.714285714285715,0.015454415138425411
Religious Moderates,29.874755381604697,0.015321364139325958
Religious Moderates,30.035225048923678,0.015188690297732158
Religious Moderates,30.19569471624266,0.015057406536053674
Religious Moderates,30.356164383561644,0.014928644508481961
Religious Moderates,30.516634050880626,0.014804867508906758
Religious Moderates,30.677103718199607,0.014686346076431092
Religious Moderates,30.83757338551859,0.014573992644760076
Religious Moderates,30.998043052837573,0.014468677925488324
Religious Moderates,31.158512720156555,0.014371228914200812
Religious Moderates,31.318982387475536,0.014284960915919874
Religious Moderates,31.47945205479452,0.014208965634842315
Religious Moderates,31.639921722113503,0.01414331701596791
Religious Moderates,31.800391389432484,0.014088450679131226
Religious Moderates,31.960861056751465,0.014044731531725144
Religious Moderates,32.12133072407045,0.014014563369640272
Religious Moderates,32.28180039138943,0.013997527122428894
Religious Moderates,32.44227005870842,0.013992149794276893
Religious Moderates,32.602739726027394,0.013998341197804
Religious Moderates,32.76320939334638,0.01401594547224178
Religious Moderates,32.923679060665364,0.01404584232531604
Religious Moderates,33.08414872798434,0.014088562326655328
Religious Moderates,33.24461839530333,0.014141372800592092
Religious Moderates,33.40508806262231,0.014203775264738521
Religious Moderates,33.56555772994129,0.014275233634059496
Religious Moderates,33.726027397260275,0.014355369686075294
Religious Moderates,33.88649706457925,0.014445197944849072
Religious Moderates,34.04696673189824,0.014541663410805719
Religious Moderates,34.20743639921722,0.014644090135572156
Religious Moderates,34.3679060665362,0.01475179826741084
Religious Moderates,34.528375733855185,0.014864105496017018
Religious Moderates,34.68884540117417,0.014981024042220991
Religious Moderates,34.84931506849315,0.015100806343052492
Religious Moderates,35.00978473581213,0.015222631427126668
Religious Moderates,35.17025440313112,0.015345889641528086
Religious Moderates,35.330724070450096,0.01546999191393123
Religious Moderates,35.49119373776908,0.015594265855974981
Religious Moderates,35.65166340508806,0.015717871760013193
Religious Moderates,35.81213307240704,0.01584033693089409
Religious Moderates,35.97260273972603,0.01596123477098363
Religious Moderates,36.133072407045006,0.01608016551232477
Religious Moderates,36.29354207436399,0.016196471685193996
Religious Moderates,36.454011741682976,0.016309338466597868
Religious Moderates,36.614481409001954,0.016418996860512566
Religious Moderates,36.77495107632094,0.01652520356191766
Religious Moderates,36.935420743639924,0.016627735442662727
Religious Moderates,37.0958904109589,0.016726297279730004
Religious Moderates,37.256360078277886,0.01681954900464004
Religious Moderates,37.41682974559687,0.01690846348937979
Religious Moderates,37.57729941291585,0.016992916186497824
Religious Moderates,37.737769080234834,0.017072792442768242
Religious Moderates,37.89823874755381,0.01714798705649556
Religious Moderates,38.0587084148728,0.017217162444072304
Religious Moderates,38.21917808219178,0.017281137520986763
Religious Moderates,38.37964774951076,0.017340104289009957
Religious Moderates,38.540117416829744,0.017393990036872493
Religious Moderates,38.70058708414873,0.017442723862429618
Religious Moderates,38.86105675146771,0.017485305778112196
Religious Moderates,39.02152641878669,0.017521835126758627
Religious Moderates,39.18199608610568,0.017552935158598876
Religious Moderates,39.342465753424655,0.017578527676939498
Religious Moderates,39.50293542074364,0.01759853068428528
Religious Moderates,39.66340508806262,0.017612295477968033
Religious Moderates,39.8238747553816,0.017619001138934904
Religious Moderates,39.98434442270059,0.017619735282533213
Religious Moderates,40.144814090019565,0.017614378132470212
Religious Moderates,40.30528375733855,0.017602802599786343
Religious Moderates,40.465753424657535,0.01758475066818899
Religious Moderates,40.62622309197651,0.01755823221438113
Religious Moderates,40.7866927592955,0.017524918191032673
Religious Moderates,40.94716242661448,0.01748464126604977
Religious Moderates,41.10763209393346,0.01743723170421284
Religious Moderates,41.268101761252446,0.017382517989334927
Religious Moderates,41.42857142857143,0.017318396730491036
Religious Moderates,41.58904109589041,0.01724605105947818
Religious Moderates,41.74951076320939,0.01716578385234695
Religious Moderates,41.90998043052837,0.01707747050214008
Religious Moderates,42.070450097847356,0.016981004064247483
Religious Moderates,42.23091976516634,0.016874881109755272
Religious Moderates,42.39138943248532,0.016759340303466277
Religious Moderates,42.551859099804304,0.016635554167708847
Religious Moderates,42.71232876712329,0.016503609233991166
Religious Moderates,42.87279843444227,0.016363633512161652
Religious Moderates,43.03326810176125,0.016215105132379087
Religious Moderates,43.193737769080236,0.016057542962601385
Religious Moderates,43.354207436399214,0.015893006293437446
Religious Moderates,43.5146771037182,0.015721927303081345
Religious Moderates,43.67514677103718,0.015544786846380559
Religious Moderates,43.83561643835616,0.015362042993024677
Religious Moderates,43.99608610567515,0.01517331205399293
Religious Moderates,44.156555772994125,0.01498092219733997
Religious Moderates,44.31702544031311,0.01478561937664554
Religious Moderates,44.477495107632095,0.014588176403547136
Religious Moderates,44.63796477495107,0.014389391222082906
Religious Moderates,44.79843444227006,0.014190329053865119
Religious Moderates,44.95890410958904,0.013992322137905754
Religious Moderates,45.11937377690802,0.013796223542727243
Religious Moderates,45.279843444227005,0.013602859793948131
Religious Moderates,45.44031311154599,0.013413042966918292
Religious Moderates,45.60078277886497,0.013228501709396953
Religious Moderates,45.76125244618395,0.013050316540969475
Religious Moderates,45.92172211350293,0.012878508704207276
Religious Moderates,46.082191780821915,0.012713688630387777
Religious Moderates,46.2426614481409,0.012556422796215995
Religious Moderates,46.40313111545988,0.012408016371273232
Religious Moderates,46.56360078277886,0.012270254553216878
Religious Moderates,46.72407045009785,0.012141673543202697
Religious Moderates,46.884540117416826,0.012022531668485334
Religious Moderates,47.04500978473581,0.011913040209819955
Religious Moderates,47.205479452054796,0.011813482709074825
Religious Moderates,47.365949119373774,0.011726802024723145
Religious Moderates,47.52641878669276,0.011650083228151413
Religious Moderates,47.68688845401174,0.011583281733243059
Religious Moderates,47.84735812133072,0.011526324325582114
Religious Moderates,48.007827788649706,0.011479110302541359
Religious Moderates,48.168297455968684,0.011443763696797036
Religious Moderates,48.32876712328767,0.01141834353372512
Religious Moderates,48.489236790606654,0.011402029576527228
Religious Moderates,48.64970645792563,0.011394623888086708
Religious Moderates,48.81017612524462,0.011395923207344023
Religious Moderates,48.9706457925636,0.011407056870305424
Religious Moderates,49.13111545988258,0.011427512489987026
Religious Moderates,49.291585127201564,0.011455880609173894
Religious Moderates,49.45205479452055,0.011491970233444417
Religious Moderates,49.61252446183953,0.011535596683673837
Religious Moderates,49.77299412915851,0.011587194657702153
Religious Moderates,49.93346379647749,0.011647466116691903
Religious Moderates,50.093933463796475,0.011714640967546017
Religious Moderates,50.25440313111546,0.011788577639765763
Religious Moderates,50.41487279843444,0.011869139434585297
Religious Moderates,50.57534246575342,0.011956248153541175
Religious Moderates,50.73581213307241,0.012051550042688656
Religious Moderates,50.896281800391385,0.012152979360998458
Religious Moderates,51.05675146771037,0.01226040715952174
Religious Moderates,51.217221135029355,0.012373700614913625
Religious Moderates,51.37769080234833,0.012492722585419605
Religious Moderates,51.53816046966732,0.012618593254698173
Religious Moderates,51.6986301369863,0.012750127899361705
Religious Moderates,51.85909980430528,0.012886763090951577
Religious Moderates,52.019569471624266,0.013028306729976256
Religious Moderates,52.18003913894324,0.013174555434654412
Religious Moderates,52.34050880626223,0.013325950064163917
Religious Moderates,52.50097847358121,0.013482030055270879
Religious Moderates,52.66144814090019,0.01364187744037386
Religious Moderates,52.821917808219176,0.013805215307268939
Religious Moderates,52.98238747553816,0.013971757071561813
Religious Moderates,53.14285714285714,0.014141407406714232
Religious Moderates,53.303326810176124,0.014314025047752893
Religious Moderates,53.46379647749511,0.014488644702074135
Religious Moderates,53.62426614481409,0.014664945940628555
Religious Moderates,53.78473581213307,0.01484260919819433
Religious Moderates,53.945205479452056,0.015021319441905937
Religious Moderates,54.105675146771034,0.015200803991499288
Religious Moderates,54.26614481409002,0.015380458234946165
Religious Moderates,54.426614481409,0.015560005144074282
Religious Moderates,54.58708414872798,0.0157391805511159
Religious Moderates,54.74755381604697,0.015917733530856463
Religious Moderates,54.908023483365945,0.016095142251785963
Religious Moderates,55.06849315068493,0.01627124972387822
Religious Moderates,55.228962818003914,0.01644595751552645
Religious Moderates,55.38943248532289,0.01661911617379453
Religious Moderates,55.54990215264188,0.01679059216233583
Religious Moderates,55.71037181996086,0.016959962185719775
Religious Moderates,55.87084148727984,0.01712709392894896
Religious Moderates,56.031311154598825,0.017292199262514307
Religious Moderates,56.1917808219178,0.017455224649052917
Religious Moderates,56.35225048923679,0.01761612402926642
Religious Moderates,56.51272015655577,0.01777468234867963
Religious Moderates,56.67318982387475,0.017930520513387768
Religious Moderates,56.833659491193735,0.01808410299932152
Religious Moderates,56.99412915851272,0.018235396856794935
Religious Moderates,57.1545988258317,0.018384366116902907
Religious Moderates,57.31506849315068,0.018530967248548285
Religious Moderates,57.47553816046967,0.018674391340754402
Religious Moderates,57.636007827788646,0.01881529953612103
Religious Moderates,57.79647749510763,0.01895362510713607
Religious Moderates,57.956947162426616,0.019089296919059768
Religious Moderates,58.11741682974559,0.019222239714999652
Religious Moderates,58.27788649706458,0.01935169045722276
Religious Moderates,58.438356164383556,0.019477962660077282
Religious Moderates,58.59882583170254,0.019601192453677696
Religious Moderates,58.759295499021526,0.019721304644439885
Religious Moderates,58.919765166340504,0.01983822872998219
Religious Moderates,59.08023483365949,0.019951387405943058
Religious Moderates,59.240704500978474,0.020060702677301315
Religious Moderates,59.40117416829745,0.020166651800265358
Religious Moderates,59.56164383561644,0.02026922228387511
Religious Moderates,59.72211350293542,0.020368413410502408
Religious Moderates,59.8825831702544,0.020463984633971446
Religious Moderates,60.043052837573384,0.020555475030534825
Religious Moderates,60.20352250489236,0.020643723899823364
Religious Moderates,60.36399217221135,0.020728799938983206
Religious Moderates,60.52446183953033,0.02081077890307905
Religious Moderates,60.68493150684931,0.02088974310782233
Religious Moderates,60.845401174168295,0.02096493781277616
Religious Moderates,61.00587084148728,0.021037369296783133
Religious Moderates,61.16634050880626,0.021107125088844172
Religious Moderates,61.32681017612524,0.021174280584651133
Religious Moderates,61.48727984344423,0.02123890327794196
Religious Moderates,61.647749510763205,0.021300498108759832
Religious Moderates,61.80821917808219,0.021359471511506353
Religious Moderates,61.968688845401175,0.021416012204930838
Religious Moderates,62.12915851272015,0.021470094407246038
Religious Moderates,62.28962818003914,0.021521673591420258
Religious Moderates,62.450097847358116,0.021570273433832672
Religious Moderates,62.6105675146771,0.02161569742947919
Religious Moderates,62.771037181996086,0.021658203147501668
Religious Moderates,62.93150684931506,0.021697623803442177
Religious Moderates,63.09197651663405,0.021733775951757985
Religious Moderates,63.25244618395303,0.02176618262500444
Religious Moderates,63.41291585127201,0.021793874166648453
Religious Moderates,63.573385518590996,0.021817420393289832
Religious Moderates,63.73385518590998,0.02183656660319473
Religious Moderates,63.89432485322896,0.021851054515885975
Religious Moderates,64.05479452054794,0.02186062301530815
Religious Moderates,64.21526418786692,0.021863299254679794
Religious Moderates,64.37573385518591,0.021860290792166087
Religious Moderates,64.53620352250489,0.021851387313825035
Religious Moderates,64.69667318982387,0.02183636228279374
Religious Moderates,64.85714285714286,0.021815000601750487
Religious Moderates,65.01761252446184,0.021785564965600194
Religious Moderates,65.17808219178082,0.021748731094140224
Religious Moderates,65.3385518590998,0.021704914444433843
Religious Moderates,65.49902152641879,0.021654002990279933
Religious Moderates,65.65949119373776,0.02159590342427327
Religious Moderates,65.81996086105674,0.021529466934821488
Religious Moderates,65.98043052837573,0.02145454007120405
Religious Moderates,66.14090019569471,0.021372299871490648
Religious Moderates,66.30136986301369,0.021282774514192724
Religious Moderates,66.46183953033268,0.021186010108127613
Religious Moderates,66.62230919765166,0.02108158458943218
Religious Moderates,66.78277886497064,0.020968458885198625
Religious Moderates,66.94324853228963,0.02084847365613046
Religious Moderates,67.10371819960861,0.020721775349987363
Religious Moderates,67.26418786692759,0.020588523181031344
Religious Moderates,67.42465753424658,0.02044888885189399
Religious Moderates,67.58512720156556,0.02030132095102198
Religious Moderates,67.74559686888453,0.02014789754753125
Religious Moderates,67.90606653620353,0.019988895806935005
Religious Moderates,68.0665362035225,0.019824548216568625
Religious Moderates,68.22700587084148,0.019655094592580535
Religious Moderates,68.38747553816047,0.019479808684771727
Religious Moderates,68.54794520547945,0.01929974336622249
Religious Moderates,68.70841487279843,0.01911558117442605
Religious Moderates,68.86888454011742,0.018927596887821353
Religious Moderates,69.0293542074364,0.018736069387839626
Religious Moderates,69.18982387475538,0.018540882449214407
Religious Moderates,69.35029354207435,0.018342457500816187
Religious Moderates,69.51076320939335,0.01814161491860095
Religious Moderates,69.67123287671232,0.017938651986578433
Religious Moderates,69.8317025440313,0.017733867444259012
Religious Moderates,69.9921722113503,0.01752749172022481
Religious Moderates,70.15264187866927,0.01731980086792206
Religious Moderates,70.31311154598825,0.01711145393170245
Religious Moderates,70.47358121330724,0.016902745933861426
Religious Moderates,70.63405088062622,0.016693968231462342
Religious Moderates,70.7945205479452,0.01648540818147452
Religious Moderates,70.95499021526419,0.016277642212017142
Religious Moderates,71.11545988258317,0.016070880724177478
Religious Moderates,71.27592954990214,0.015865360758752334
Religious Moderates,71.43639921722114,0.015661314100024935
Religious Moderates,71.59686888454011,0.015458959452274443
Religious Moderates,71.75733855185909,0.015258977896182826
Religious Moderates,71.91780821917808,0.015061378193202751
Religious Moderates,72.07827788649706,0.014866110119339386
Religious Moderates,72.23874755381604,0.014673276255400575
Religious Moderates,72.39921722113503,0.014482956993276327
Religious Moderates,72.55968688845401,0.014295571505138372
Religious Moderates,72.72015655577299,0.014111199198078352
Religious Moderates,72.88062622309198,0.013929359358706027
Religious Moderates,73.04109589041096,0.013749977386228412
Religious Moderates,73.20156555772994,0.013572954501832166
Religious Moderates,73.36203522504893,0.013398291226218833
Religious Moderates,73.5225048923679,0.01322609375757749
Religious Moderates,73.68297455968688,0.013055602030016546
Religious Moderates,73.84344422700586,0.012886585169259503
Religious Moderates,74.00391389432485,0.01271879822915062
Religious Moderates,74.16438356164383,0.0125519829460196
Religious Moderates,74.32485322896281,0.01238591865685076
Religious Moderates,74.4853228962818,0.012220029616212972
Religious Moderates,74.64579256360078,0.012054024306484017
Religious Moderates,74.80626223091976,0.011887625636031877
Religious Moderates,74.96673189823875,0.011720563002555286
Religious Moderates,75.12720156555773,0.011552289226216343
Religious Moderates,75.2876712328767,0.011382566012076593
Religious Moderates,75.4481409001957,0.011211298100997517
Religious Moderates,75.60861056751467,0.01103832137852606
Religious Moderates,75.76908023483365,0.010863496146778609
Religious Moderates,75.92954990215264,0.01068642782949919
Religious Moderates,76.09001956947162,0.01050695821316571
Religious Moderates,76.2504892367906,0.010325436425009795
Religious Moderates,76.41095890410959,0.010141903976830234
Religious Moderates,76.57142857142857,0.009956431191898547
Religious Moderates,76.73189823874755,0.009769022287536941
Religious Moderates,76.89236790606654,0.009579602492310739
Religious Moderates,77.05283757338552,0.009388834720428608
Religious Moderates,77.2133072407045,0.009196944963068948
Religious Moderates,77.37377690802349,0.009004175361331647
Religious Moderates,77.53424657534246,0.00881078329444739
Religious Moderates,77.69471624266144,0.008617092812084995
Religious Moderates,77.85518590998042,0.00842358662548935
Religious Moderates,78.01565557729941,0.0082305551413886
Religious Moderates,78.17612524461839,0.008038279327717888
Religious Moderates,78.33659491193737,0.007847034145368853
Religious Moderates,78.49706457925636,0.0076574480928423335
Religious Moderates,78.65753424657534,0.00746973779227607
Religious Moderates,78.81800391389432,0.00728397215658524
Religious Moderates,78.97847358121331,0.007100332330631451
Religious Moderates,79.13894324853229,0.006918979389634477
Religious Moderates,79.29941291585126,0.006740397596893041
Religious Moderates,79.45988258317026,0.0065648474161312705
Religious Moderates,79.62035225048923,0.006391950119037985
Religious Moderates,79.78082191780821,0.006221734095901038
Religious Moderates,79.9412915851272,0.006054209611977338
Religious Moderates,80.10176125244618,0.005889515077298067
Religious Moderates,80.26223091976516,0.005728112681967515
Religious Moderates,80.42270058708415,0.0055692639027011045
Religious Moderates,80.58317025440313,0.005412900599307178
Religious Moderates,80.7436399217221,0.005258950353377586
Religious Moderates,80.9041095890411,0.0051073372211396535
Religious Moderates,81.06457925636008,0.004958589737767475
Religious Moderates,81.22504892367905,0.004812018014194437
Religious Moderates,81.38551859099805,0.004667513984028198
Religious Moderates,81.54598825831702,0.004525027880911695
Religious Moderates,81.706457925636,0.0043845189988259104
Religious Moderates,81.86692759295498,0.00424635864751685
Religious Moderates,82.02739726027397,0.00411033045981025
Religious Moderates,82.18786692759295,0.003976259317974508
Religious Moderates,82.34833659491193,0.003844175424883988
Religious Moderates,82.50880626223092,0.0037141195483238795
Religious Moderates,82.6692759295499,0.0035864274595942586
Religious Moderates,82.82974559686888,0.003461316651888174
Religious Moderates,82.99021526418787,0.0033384984859584615
Religious Moderates,83.15068493150685,0.003218058697422685
Religious Moderates,83.31115459882582,0.0031000851351290796
Religious Moderates,83.47162426614481,0.002984807205395494
Religious Moderates,83.63209393346379,0.0028729032988029915
Religious Moderates,83.79256360078277,0.0027637968168642574
Religious Moderates,83.95303326810176,0.0026575580335686613
Religious Moderates,84.11350293542074,0.002554249676626606
Religious Moderates,84.27397260273972,0.002453926582645452
Religious Moderates,84.43444227005871,0.0023575000630084
Religious Moderates,84.59491193737769,0.0022642218972865466
Religious Moderates,84.75538160469667,0.002174014895990278
Religious Moderates,84.91585127201566,0.0020868692141248423
Religious Moderates,85.07632093933464,0.0020027645411241643
Religious Moderates,85.23679060665361,0.0019222657197595834
Religious Moderates,85.3972602739726,0.0018449877359914516
Religious Moderates,85.55772994129158,0.0017705522854431998
Religious Moderates,85.71819960861056,0.0016988844845782457
Religious Moderates,85.87866927592954,0.001629903744537602
Religious Moderates,86.03913894324853,0.0015638337428740545
Religious Moderates,86.19960861056751,0.001500657931944074
Religious Moderates,86.36007827788649,0.0014398126532313411
Religious Moderates,86.52054794520548,0.0013812031101897006
Religious Moderates,86.68101761252446,0.0013247356795219798
Religious Moderates,86.84148727984343,0.0012704115886601338
Religious Moderates,87.00195694716243,0.001218502834491008
Religious Moderates,87.1624266144814,0.0011684032590828612
Religious Moderates,87.32289628180038,0.001120040509026578
Religious Moderates,87.48336594911937,0.0010733470032774828
Religious Moderates,87.64383561643835,0.0010282599848246187
Religious Moderates,87.80430528375733,9.851293008334412e-4
Religious Moderates,87.96477495107632,9.435053052848904e-4
Religious Moderates,88.1252446183953,9.033057751076791e-4
Religious Moderates,88.28571428571428,8.644966454553653e-4
Religious Moderates,88.44618395303327,8.270473908367113e-4
Religious Moderates,88.60665362035225,7.911907496465718e-4
Religious Moderates,88.76712328767123,7.567672280643589e-4
Religious Moderates,88.92759295499022,7.236163390952965e-4
Religious Moderates,89.0880626223092,6.91719679090041e-4
Religious Moderates,89.24853228962817,6.610591803068727e-4
Religious Moderates,89.40900195694717,6.31762879161658e-4
Religious Moderates,89.56947162426614,6.038725906649755e-4
Religious Moderates,89.72994129158512,5.771423948063435e-4
Religious Moderates,89.89041095890411,5.515488632512655e-4
Religious Moderates,90.05088062622309,5.27066975085715e-4
Religious Moderates,90.21135029354207,5.037170966640743e-4
Religious Moderates,90.37181996086105,4.816796200299129e-4
Religious Moderates,90.53228962818004,4.606365821525498e-4
Religious Moderates,90.69275929549902,4.405526528943857e-4
Religious Moderates,90.853228962818,4.2139129069366545e-4
Religious Moderates,91.01369863013699,4.0311480300215467e-4
Religious Moderates,91.17416829745596,3.8589678186692336e-4
Religious Moderates,91.33463796477494,3.694763219888333e-4
Religious Moderates,91.49510763209393,3.5378633292675174e-4
Religious Moderates,91.65557729941291,3.38787016964084e-4
Religious Moderates,91.81604696673189,3.2443897660935456e-4
Religious Moderates,91.97651663405088,3.1081158427602863e-4
Religious Moderates,92.13698630136986,2.97793635797393e-4
Religious Moderates,92.29745596868884,2.8528466270143075e-4
Religious Moderates,92.45792563600783,2.7325199569555673e-4
Religious Moderates,92.6183953033268,2.6166445126070425e-4
Religious Moderates,92.77886497064578,2.5053697735336007e-4
Religious Moderates,92.93933463796478,2.3985273887856947e-4
Religious Moderates,93.09980430528375,2.2951213479264235e-4
Religious Moderates,93.26027397260273,2.1949442309827187e-4
Religious Moderates,93.42074363992172,2.0978047395088918e-4
Religious Moderates,93.5812133072407,2.0036381023839618e-4
Religious Moderates,93.74168297455968,1.9128152823327755e-4
Religious Moderates,93.90215264187867,1.8244668366984256e-4
Religious Moderates,94.06262230919765,1.7384932803907722e-4
Religious Moderates,94.22309197651663,1.6548068515805366e-4
Religious Moderates,94.3835616438356,1.5733312541875454e-4
Religious Moderates,94.5440313111546,1.4945628365864772e-4
Religious Moderates,94.70450097847358,1.417936318087472e-4
Religious Moderates,94.86497064579255,1.3433474957928068e-4
Religious Moderates,95.02544031311155,1.2707750773740368e-4
Religious Moderates,95.18590998043052,1.2002040366696116e-4
Religious Moderates,95.3463796477495,1.1320118855141857e-4
Religious Moderates,95.5068493150685,1.0660405096651413e-4
Religious Moderates,95.66731898238747,1.0020716197282732e-4
Religious Moderates,95.82778864970645,9.401153694187217e-5
Religious Moderates,95.98825831702544,8.801837965116495e-5
Religious Moderates,96.14872798434442,8.225300595918607e-5
Religious Moderates,96.3091976516634,7.673330204232382e-5
Religious Moderates,96.46966731898239,7.142161184780843e-5
Religious Moderates,96.63013698630137,6.631916584573446e-5
Religious Moderates,96.79060665362034,6.142702380452116e-5
Religious Moderates,96.95107632093934,5.675418991846157e-5
Religious Moderates,97.11154598825831,5.235006964883272e-5
Religious Moderates,97.27201565557729,4.815743369270571e-5
Religious Moderates,97.43248532289628,4.41754763752065e-5
Religious Moderates,97.59295499021526,4.0402998654090836e-5
Religious Moderates,97.75342465753424,3.683840260497071e-5
Religious Moderates,97.91389432485323,3.353336787475983e-5
Religious Moderates,98.07436399217221,3.0436453986721356e-5
Religious Moderates,98.23483365949119,2.753574682458279e-5
Religious Moderates,98.39530332681016,2.4826980094058204e-5
Religious Moderates,98.55577299412916,2.230549604124398e-5
Religious Moderates,98.71624266144813,1.9999045209822146e-5
Religious Moderates,98.87671232876711,1.7885010174582486e-5
Religious Moderates,99.0371819960861,1.5935855898722196e-5
Religious Moderates,99.19765166340508,1.414497674877793e-5
Religious Moderates,99.35812133072406,1.2505570409699137e-5
Religious Moderates,99.51859099804305,1.1025626030941711e-5
Religious Moderates,99.67906066536203,9.70446090735141e-6
Religious Moderates,99.83953033268101,8.50684705527833e-6
Religious Moderates,100,7.425504252288673e-6
Secular Moderates,18,0.0132506001193035
Secular Moderates,18.16046966731898,0.013774660471669978
Secular Moderates,18.320939334637966,0.01429708298495657
Secular Moderates,18.481409001956948,0.01481610330485745
Secular Moderates,18.64187866927593,0.015331028497208092
Secular Moderates,18.80234833659491,0.015840974994457455
Secular Moderates,18.962818003913895,0.016342896557298186
Secular Moderates,19.123287671232877,0.016835256112309294
Secular Moderates,19.283757338551858,0.01731853665493568
Secular Moderates,19.444227005870843,0.017791938977106812
Secular Moderates,19.604696673189824,0.018251887108547884
Secular Moderates,19.765166340508806,0.018696348466690584
Secular Moderates,19.925636007827787,0.019127455918807604
Secular Moderates,20.086105675146772,0.019544584728921535
Secular Moderates,20.246575342465754,0.019944321979295878
Secular Moderates,20.407045009784735,0.02032356871659185
Secular Moderates,20.567514677103716,0.02068634946291876
Secular Moderates,20.7279843444227,0.021032276656372608
Secular Moderates,20.888454011741683,0.02135865842782749
Secular Moderates,21.048923679060664,0.021661033238585613
Secular Moderates,21.20939334637965,0.021945265929378434
Secular Moderates,21.36986301369863,0.022211230691216655
Secular Moderates,21.53033268101761,0.022457293752366828
Secular Moderates,21.690802348336593,0.022677661917306143
Secular Moderates,21.851272015655578,0.022879697956963065
Secular Moderates,22.01174168297456,0.023063521612771958
Secular Moderates,22.17221135029354,0.023228643356391736
Secular Moderates,22.332681017612526,0.02336826639353568
Secular Moderates,22.493150684931507,0.02349068404016179
Secular Moderates,22.65362035225049,0.023596210380078593
Secular Moderates,22.81409001956947,0.02368516428805636
Secular Moderates,22.974559686888455,0.023750867425933207
Secular Moderates,23.135029354207436,0.023801267207047443
Secular Moderates,23.295499021526417,0.023836997883019566
Secular Moderates,23.455968688845402,0.02385849602917463
Secular Moderates,23.616438356164384,0.023860995218484643
Secular Moderates,23.776908023483365,0.023850226287193077
Secular Moderates,23.937377690802347,0.02382746928012754
Secular Moderates,24.09784735812133,0.02379319894024484
Secular Moderates,24.258317025440313,0.02374427188338368
Secular Moderates,24.418786692759294,0.0236844712944717
Secular Moderates,24.57925636007828,0.023615393698678808
Secular Moderates,24.73972602739726,0.023537483326342486
Secular Moderates,24.900195694716242,0.023448817966862875
Secular Moderates,25.060665362035223,0.023351651081918525
Secular Moderates,25.22113502935421,0.02324761355102325
Secular Moderates,25.38160469667319,0.023137073499459232
Secular Moderates,25.54207436399217,0.023018928143576277
Secular Moderates,25.702544031311156,0.022894341484578543
Secular Moderates,25.863013698630137,0.022764798013455437
Secular Moderates,26.02348336594912,0.022630573147840827
Secular Moderates,26.1839530332681,0.022491062364461856
Secular Moderates,26.344422700587085,0.022346720841001706
Secular Moderates,26.504892367906066,0.022198818256358433
Secular Moderates,26.665362035225048,0.022047548351748696
Secular Moderates,26.82583170254403,0.021892598582729395
Secular Moderates,26.986301369863014,0.021734010777518485
Secular Moderates,27.146771037181995,0.021572853158750314
Secular Moderates,27.307240704500977,0.02140926869177548
Secular Moderates,27.467710371819962,0.021243134525212787
Secular Moderates,27.628180039138943,0.021074312546180776
Secular Moderates,27.788649706457925,0.020903706924823535
Secular Moderates,27.949119373776906,0.020731448866479523
Secular Moderates,28.10958904109589,0.020557564418226315
Secular Moderates,28.270058708414872,0.020381956033750037
Secular Moderates,28.430528375733854,0.02020536239372149
Secular Moderates,28.59099804305284,0.020027937678002
Secular Moderates,28.75146771037182,0.019849824241073524
Secular Moderates,28.9119373776908,0.019671219654295063
Secular Moderates,29.072407045009783,0.01949261137847099
Secular Moderates,29.232876712328768,0.019314197304498692
Secular Moderates,29.39334637964775,0.019136176717255756
Secular Moderates,29.55381604696673,0.01895932725981615
Secular Moderates,29.714285714285715,0.018783727561471546
Secular Moderates,29.874755381604697,0.01860961303852292
Secular Moderates,30.035225048923678,0.01843722838165446
Secular Moderates,30.19569471624266,0.01826794998123843
Secular Moderates,30.356164383561644,0.0181015236441793
Secular Moderates,30.516634050880626,0.017938096689243458
Secular Moderates,30.677103718199607,0.017777942789198444
Secular Moderates,30.83757338551859,0.017622926407232915
Secular Moderates,30.998043052837573,0.017472637612322484
Secular Moderates,31.158512720156555,0.017326958314103472
Secular Moderates,31.318982387475536,0.017186162903735615
Secular Moderates,31.47945205479452,0.017052412097629508
Secular Moderates,31.639921722113503,0.016925369016261
Secular Moderates,31.800391389432484,0.016804467440955054
Secular Moderates,31.960861056751465,0.016689950223601663
Secular Moderates,32.12133072407045,0.016584036912422252
Secular Moderates,32.28180039138943,0.016486703465671434
Secular Moderates,32.44227005870842,0.01639678800365297
Secular Moderates,32.602739726027394,0.0163144729524033
Secular Moderates,32.76320939334638,0.01624179928185371
Secular Moderates,32.923679060665364,0.016179254495109943
Secular Moderates,33.08414872798434,0.016125003302713707
Secular Moderates,33.24461839530333,0.0160791471002868
Secular Moderates,33.40508806262231,0.016043352125004958
Secular Moderates,33.56555772994129,0.016018728385251372
Secular Moderates,33.726027397260275,0.01600277934453095
Secular Moderates,33.88649706457925,0.0159955146877234
Secular Moderates,34.04696673189824,0.015998098768950943
Secular Moderates,34.20743639921722,0.016012256301665508
Secular Moderates,34.3679060665362,0.016034935359840723
Secular Moderates,34.528375733855185,0.016066051939059352
Secular Moderates,34.68884540117417,0.016106222344010542
Secular Moderates,34.84931506849315,0.01615764633863597
Secular Moderates,35.00978473581213,0.016216907523938756
Secular Moderates,35.17025440313112,0.01628383211785403
Secular Moderates,35.330724070450096,0.01635852268290733
Secular Moderates,35.49119373776908,0.016443383830077082
Secular Moderates,35.65166340508806,0.016534896398436406
Secular Moderates,35.81213307240704,0.01663280381475855
Secular Moderates,35.97260273972603,0.016736847180381008
Secular Moderates,36.133072407045006,0.016849111614750275
Secular Moderates,36.29354207436399,0.0169664280131793
Secular Moderates,36.454011741682976,0.017088420843927594
Secular Moderates,36.614481409001954,0.01721475734983304
Secular Moderates,36.77495107632094,0.017346362829697516
Secular Moderates,36.935420743639924,0.017481130194131108
Secular Moderates,37.0958904109589,0.01761845967325966
Secular Moderates,37.256360078277886,0.01775795545280359
Secular Moderates,37.41682974559687,0.01789946162712916
Secular Moderates,37.57729941291585,0.018041684573587565
Secular Moderates,37.737769080234834,0.018184030872889154
Secular Moderates,37.89823874755381,0.018326056945290527
Secular Moderates,38.0587084148728,0.01846668577351059
Secular Moderates,38.21917808219178,0.01860508984598955
Secular Moderates,38.37964774951076,0.018740958165067188
Secular Moderates,38.540117416829744,0.018873822138564415
Secular Moderates,38.70058708414873,0.019001922687073163
Secular Moderates,38.86105675146771,0.01912448734378401
Secular Moderates,39.02152641878669,0.01924178846238471
Secular Moderates,39.18199608610568,0.019353364693877394
Secular Moderates,39.342465753424655,0.019457081153750305
Secular Moderates,39.50293542074364,0.019551796101150033
Secular Moderates,39.66340508806262,0.019638656296933347
Secular Moderates,39.8238747553816,0.01971724895202345
Secular Moderates,39.98434442270059,0.01978540949603624
Secular Moderates,40.144814090019565,0.019841256655759646
Secular Moderates,40.30528375733855,0.019887043114997068
Secular Moderates,40.465753424657535,0.01992245115135899
Secular Moderates,40.62622309197651,0.019945627864789275
Secular Moderates,40.7866927592955,0.01995371441937326
Secular Moderates,40.94716242661448,0.01995018260105781
Secular Moderates,41.10763209393346,0.019934854296265347
Secular Moderates,41.268101761252446,0.019906468317805084
Secular Moderates,41.42857142857143,0.019861156879538464
Secular Moderates,41.58904109589041,0.01980355045996576
Secular Moderates,41.74951076320939,0.019733644101634362
Secular Moderates,41.90998043052837,0.01965093068998932
Secular Moderates,42.070450097847356,0.019550759015485343
Secular Moderates,42.23091976516634,0.019438649320837706
Secular Moderates,42.39138943248532,0.019314783825511272
Secular Moderates,42.551859099804304,0.019179350221158326
Secular Moderates,42.71232876712329,0.01902759265751145
Secular Moderates,42.87279843444227,0.01886525460401778
Secular Moderates,43.03326810176125,0.01869275787951807
Secular Moderates,43.193737769080236,0.01851046546457483
Secular Moderates,43.354207436399214,0.018315282403950642
Secular Moderates,43.5146771037182,0.018111473585428042
Secular Moderates,43.67514677103718,0.017900018463668385
Secular Moderates,43.83561643835616,0.017681417963395778
Secular Moderates,43.99608610567515,0.017454236318729267
Secular Moderates,44.156555772994125,0.01722136028977184
Secular Moderates,44.31702544031311,0.01698399857988925
Secular Moderates,44.477495107632095,0.0167427328785941
Secular Moderates,44.63796477495107,0.016497560055176455
Secular Moderates,44.79843444227006,0.016250322609569334
Secular Moderates,44.95890410958904,0.01600205329363323
Secular Moderates,45.11937377690802,0.01575334709840979
Secular Moderates,45.279843444227005,0.015505242881166073
Secular Moderates,45.44031311154599,0.015259014086821373
Secular Moderates,45.60078277886497,0.015015115469670362
Secular Moderates,45.76125244618395,0.014774088827122568
Secular Moderates,45.92172211350293,0.014537545382527328
Secular Moderates,46.082191780821915,0.014306691433282307
Secular Moderates,46.2426614481409,0.014081083979348399
Secular Moderates,46.40313111545988,0.01386115632505728
Secular Moderates,46.56360078277886,0.013648632490374504
Secular Moderates,46.72407045009785,0.013445070015746675
Secular Moderates,46.884540117416826,0.013248951656464619
Secular Moderates,47.04500978473581,0.013060565265092269
Secular Moderates,47.205479452054796,0.012881372659662518
Secular Moderates,47.365949119373774,0.01271353503615158
Secular Moderates,47.52641878669276,0.01255445913581269
Secular Moderates,47.68688845401174,0.012404271954038064
Secular Moderates,47.84735812133072,0.012263930727314734
Secular Moderates,48.007827788649706,0.012136246492313544
Secular Moderates,48.168297455968684,0.012017721359206906
Secular Moderates,48.32876712328767,0.01190832721639551
Secular Moderates,48.489236790606654,0.011808424331220242
Secular Moderates,48.64970645792563,0.011721319537364454
Secular Moderates,48.81017612524462,0.011642923586512493
Secular Moderates,48.9706457925636,0.011573077154327416
Secular Moderates,49.13111545988258,0.011511617452202914
Secular Moderates,49.291585127201564,0.011461957875612185
Secular Moderates,49.45205479452055,0.01141990180649891
Secular Moderates,49.61252446183953,0.011385168729371176
Secular Moderates,49.77299412915851,0.011357503716632529
Secular Moderates,49.93346379647749,0.011339206975603238
Secular Moderates,50.093933463796475,0.011327235469276794
Secular Moderates,50.25440313111546,0.0113209538888981
Secular Moderates,50.41487279843444,0.011320060928798946
Secular Moderates,50.57534246575342,0.011325867870669812
Secular Moderates,50.73581213307241,0.011336371013105946
Secular Moderates,50.896281800391385,0.011350790952613023
Secular Moderates,51.05675146771037,0.01136882750501709
Secular Moderates,51.217221135029355,0.01139103857141011
Secular Moderates,51.37769080234833,0.011416229310604625
Secular Moderates,51.53816046966732,0.01144368383298736
Secular Moderates,51.6986301369863,0.011473145978720749
Secular Moderates,51.85909980430528,0.011504703703653744
Secular Moderates,52.019569471624266,0.011537709976623423
Secular Moderates,52.18003913894324,0.011571666350999744
Secular Moderates,52.34050880626223,0.011606392928083012
Secular Moderates,52.50097847358121,0.011641776475948475
Secular Moderates,52.66144814090019,0.011677500529508
Secular Moderates,52.821917808219176,0.011713347463226196
Secular Moderates,52.98238747553816,0.011749230352873584
Secular Moderates,53.14285714285714,0.011785037995971706
Secular Moderates,53.303326810176124,0.011820659557242383
Secular Moderates,53.46379647749511,0.011856116364496402
Secular Moderates,53.62426614481409,0.011891413135394328
Secular Moderates,53.78473581213307,0.011926548616424875
Secular Moderates,53.945205479452056,0.011961598166648817
Secular Moderates,54.105675146771034,0.011996687058432962
Secular Moderates,54.26614481409002,0.012031892958436635
Secular Moderates,54.426614481409,0.012067333822166022
Secular Moderates,54.58708414872798,0.012103333763165587
Secular Moderates,54.74755381604697,0.01213993139355235
Secular Moderates,54.908023483365945,0.01217724537882147
Secular Moderates,55.06849315068493,0.012215445704045782
Secular Moderates,55.228962818003914,0.012255197570002272
Secular Moderates,55.38943248532289,0.01229626165542799
Secular Moderates,55.54990215264188,0.012338759285945905
Secular Moderates,55.71037181996086,0.01238281143513446
Secular Moderates,55.87084148727984,0.012429475595782944
Secular Moderates,56.031311154598825,0.012478107534570772
Secular Moderates,56.1917808219178,0.012528792710521213
Secular Moderates,56.35225048923679,0.012581617023127158
Secular Moderates,56.51272015655577,0.012637677378832774
Secular Moderates,56.67318982387475,0.012696215075400351
Secular Moderates,56.833659491193735,0.012757146796754123
Secular Moderates,56.99412915851272,0.012820497056579797
Secular Moderates,57.1545988258317,0.012887199558895699
Secular Moderates,57.31506849315068,0.012956526278744449
Secular Moderates,57.47553816046967,0.013028198280710016
Secular Moderates,57.636007827788646,0.013102167613808544
Secular Moderates,57.79647749510763,0.013179057769389445
Secular Moderates,57.956947162426616,0.013258263112763527
Secular Moderates,58.11741682974559,0.013339356079554013
Secular Moderates,58.27788649706458,0.01342222207748103
Secular Moderates,58.438356164383556,0.013507116186495107
Secular Moderates,58.59882583170254,0.013593564416361871
Secular Moderates,58.759295499021526,0.013681104803317268
Secular Moderates,58.919765166340504,0.013769576472471044
Secular Moderates,59.08023483365949,0.013858901208887015
Secular Moderates,59.240704500978474,0.013948668165947904
Secular Moderates,59.40117416829745,0.014038533749620411
Secular Moderates,59.56164383561644,0.014128319868822169
Secular Moderates,59.72211350293542,0.01421772156112471
Secular Moderates,59.8825831702544,0.014306276362649795
Secular Moderates,60.043052837573384,0.014393908937363992
Secular Moderates,60.20352250489236,0.014480453965693424
Secular Moderates,60.36399217221135,0.014565519110355226
Secular Moderates,60.52446183953033,0.014648472408691417
Secular Moderates,60.68493150684931,0.014729613310312487
Secular Moderates,60.845401174168295,0.014808812541829577
Secular Moderates,61.00587084148728,0.014885721136822273
Secular Moderates,61.16634050880626,0.014959453604622502
Secular Moderates,61.32681017612524,0.015030721444112
Secular Moderates,61.48727984344423,0.01509944267245054
Secular Moderates,61.647749510763205,0.015165403036325189
Secular Moderates,61.80821917808219,0.015227430268801464
Secular Moderates,61.968688845401175,0.015286613444384459
Secular Moderates,62.12915851272015,0.01534291562476942
Secular Moderates,62.28962818003914,0.015396297711796408
Secular Moderates,62.450097847358116,0.015445310412146872
Secular Moderates,62.6105675146771,0.015491335663373693
Secular Moderates,62.771037181996086,0.015534368568818777
Secular Moderates,62.93150684931506,0.015574404828010703
Secular Moderates,63.09197651663405,0.015610160094311338
Secular Moderates,63.25244618395303,0.01564279576236454
Secular Moderates,63.41291585127201,0.015672459543040515
Secular Moderates,63.573385518590996,0.015699160598311297
Secular Moderates,63.73385518590998,0.015721789146439867
Secular Moderates,63.89432485322896,0.015741216042362897
Secular Moderates,64.05479452054794,0.01575772442510166
Secular Moderates,64.21526418786692,0.015771321118914033
Secular Moderates,64.37573385518591,0.015781040415078617
Secular Moderates,64.53620352250489,0.015787448783407855
Secular Moderates,64.69667318982387,0.01579095205547366
Secular Moderates,64.85714285714286,0.015791546039134605
Secular Moderates,65.01761252446184,0.01578837982672808
Secular Moderates,65.17808219178082,0.015781719471121777
Secular Moderates,65.3385518590998,0.015772100008026823
Secular Moderates,65.49902152641879,0.015759506176089715
Secular Moderates,65.65949119373776,0.01574319246816357
Secular Moderates,65.81996086105674,0.01572312831597069
Secular Moderates,65.98043052837573,0.015700000711615494
Secular Moderates,66.14090019569471,0.015673789717292098
Secular Moderates,66.30136986301369,0.01564386746244178
Secular Moderates,66.46183953033268,0.015609905987774743
Secular Moderates,66.62230919765166,0.01557276960573558
Secular Moderates,66.78277886497064,0.0155324420364057
Secular Moderates,66.94324853228963,0.015488435942478503
Secular Moderates,67.10371819960861,0.015440125173712719
Secular Moderates,67.26418786692759,0.015388564173069226
Secular Moderates,67.42465753424658,0.015333746071326095
Secular Moderates,67.58512720156556,0.015275343221191118
Secular Moderates,67.74559686888453,0.01521243574611366
Secular Moderates,67.90606653620353,0.015146260983959938
Secular Moderates,68.0665362035225,0.015076822259577289
Secular Moderates,68.22700587084148,0.015003958164129024
Secular Moderates,68.38747553816047,0.014926465146628574
Secular Moderates,68.54794520547945,0.014845740453149747
Secular Moderates,68.70841487279843,0.01476179414137369
Secular Moderates,68.86888454011742,0.01467462549374368
Secular Moderates,69.0293542074364,0.014582758753268865
Secular Moderates,69.18982387475538,0.01448772503709518
Secular Moderates,69.35029354207435,0.014389536624575941
Secular Moderates,69.51076320939335,0.014288205806851337
Secular Moderates,69.67123287671232,0.014182406467866783
Secular Moderates,69.8317025440313,0.014073375024967057
Secular Moderates,69.9921722113503,0.0139612613905861
Secular Moderates,70.15264187866927,0.013846078355236107
Secular Moderates,70.31311154598825,0.013726676260297891
Secular Moderates,70.47358121330724,0.013603979139904658
Secular Moderates,70.63405088062622,0.013478281672693205
Secular Moderates,70.7945205479452,0.013349600523333527
Secular Moderates,70.95499021526419,0.013216969344081198
Secular Moderates,71.11545988258317,0.01308102266406398
Secular Moderates,71.27592954990214,0.012942197695024252
Secular Moderates,71.43639921722114,0.01280052251813646
Secular Moderates,71.59686888454011,0.012655233325152235
Secular Moderates,71.75733855185909,0.012506706443723412
Secular Moderates,71.91780821917808,0.012355510410560062
Secular Moderates,72.07827788649706,0.012201693119871859
Secular Moderates,72.23874755381604,0.012044713068992453
Secular Moderates,72.39921722113503,0.011884735042904443
Secular Moderates,72.55968688845401,0.011722425535998242
Secular Moderates,72.72015655577299,0.011557857308980783
Secular Moderates,72.88062622309198,0.011390714881581226
Secular Moderates,73.04109589041096,0.011221020634170185
Secular Moderates,73.20156555772994,0.011049475790900029
Secular Moderates,73.36203522504893,0.01087617667237354
Secular Moderates,73.5225048923679,0.010701009310938021
Secular Moderates,73.68297455968688,0.010523945473166567
Secular Moderates,73.84344422700586,0.010345631922404647
Secular Moderates,74.00391389432485,0.010166180484681596
Secular Moderates,74.16438356164383,0.009985624746344693
Secular Moderates,74.32485322896281,0.009803990238173462
Secular Moderates,74.4853228962818,0.0096217700460519
Secular Moderates,74.64579256360078,0.009439079099094645
Secular Moderates,74.80626223091976,0.009256025537989787
Secular Moderates,74.96673189823875,0.009072788190016811
Secular Moderates,75.12720156555773,0.008889619418741392
Secular Moderates,75.2876712328767,0.008706624567077282
Secular Moderates,75.4481409001957,0.008523911266626608
Secular Moderates,75.60861056751467,0.008341889028421581
Secular Moderates,75.76908023483365,0.008160513911677623
Secular Moderates,75.92954990215264,0.00797987262944036
Secular Moderates,76.09001956947162,0.0078000512633513795
Secular Moderates,76.2504892367906,0.007621615181479771
Secular Moderates,76.41095890410959,0.0074443291951452545
Secular Moderates,76.57142857142857,0.007268217955884178
Secular Moderates,76.73189823874755,0.007093345786472506
Secular Moderates,76.89236790606654,0.006920334134318644
Secular Moderates,77.05283757338552,0.0067488921366783226
Secular Moderates,77.2133072407045,0.006578945945689734
Secular Moderates,77.37377690802349,0.006410540856028555
Secular Moderates,77.53424657534246,0.006244292241272224
Secular Moderates,77.69471624266144,0.006079953385372603
Secular Moderates,77.85518590998042,0.005917337043251027
Secular Moderates,78.01565557729941,0.005756475585560674
Secular Moderates,78.17612524461839,0.00559794345022741
Secular Moderates,78.33659491193737,0.00544160869260506
Secular Moderates,78.49706457925636,0.005287165701200165
Secular Moderates,78.65753424657534,0.005134640379470315
Secular Moderates,78.81800391389432,0.004984548668129879
Secular Moderates,78.97847358121331,0.004836921244202093
Secular Moderates,79.13894324853229,0.004691329673990087
Secular Moderates,79.29941291585126,0.004547797688480479
Secular Moderates,79.45988258317026,0.0044067711249523595
Secular Moderates,79.62035225048923,0.004268476434203955
Secular Moderates,79.78082191780821,0.0041323532269034935
Secular Moderates,79.9412915851272,0.003998424029667327
Secular Moderates,80.10176125244618,0.0038670514050226576
Secular Moderates,80.26223091976516,0.0037386808181874543
Secular Moderates,80.42270058708415,0.0036126071044699204
Secular Moderates,80.58317025440313,0.0034888495732085002
Secular Moderates,80.7436399217221,0.003367671219409521
Secular Moderates,80.9041095890411,0.0032497497092092357
Secular Moderates,81.06457925636008,0.0031342245359453776
Secular Moderates,81.22504892367905,0.0030211082122122137
Secular Moderates,81.38551859099805,0.002910548154581055
Secular Moderates,81.54598825831702,0.0028034539031402805
Secular Moderates,81.706457925636,0.0026988088291500178
Secular Moderates,81.86692759295498,0.0025966152493238736
Secular Moderates,82.02739726027397,0.0024968947306413594
Secular Moderates,82.18786692759295,0.002400771372748093
Secular Moderates,82.34833659491193,0.0023070868845116
Secular Moderates,82.50880626223092,0.0022158315618399354
Secular Moderates,82.6692759295499,0.002126995345759595
Secular Moderates,82.82974559686888,0.0020415990666253978
Secular Moderates,82.99021526418787,0.001958656487900492
Secular Moderates,83.15068493150685,0.0018780519242237702
Secular Moderates,83.31115459882582,0.0017997637588114254
Secular Moderates,83.47162426614481,0.001724635079148527
Secular Moderates,83.63209393346379,0.0016519207452338766
Secular Moderates,83.79256360078277,0.0015813928369120488
Secular Moderates,83.95303326810176,0.0015130206942620234
Secular Moderates,84.11350293542074,0.0014474700115078088
Secular Moderates,84.27397260273972,0.0013842297449343699
Secular Moderates,84.43444227005871,0.0013229817775328313
Secular Moderates,84.59491193737769,0.0012636901729861955
Secular Moderates,84.75538160469667,0.0012068574391557426
Secular Moderates,84.91585127201566,0.0011521850594038974
Secular Moderates,85.07632093933464,0.0010992907707611797
Secular Moderates,85.23679060665361,0.0010481373869363898
Secular Moderates,85.3972602739726,9.990873496080034e-4
Secular Moderates,85.55772994129158,9.520242073466752e-4
Secular Moderates,85.71819960861056,9.065265001204748e-4
Secular Moderates,85.87866927592954,8.625591829065254e-4
Secular Moderates,86.03913894324853,8.203709256320447e-4
Secular Moderates,86.19960861056751,7.799943098028923e-4
Secular Moderates,86.36007827788649,7.409885585753805e-4
Secular Moderates,86.52054794520548,7.033229426892087e-4
Secular Moderates,86.68101761252446,6.671569806950916e-4
Secular Moderates,86.84148727984343,6.326416605606709e-4
Secular Moderates,87.00195694716243,5.993298402850989e-4
Secular Moderates,87.1624266144814,5.671958809245919e-4
Secular Moderates,87.32289628180038,5.363301651545284e-4
Secular Moderates,87.48336594911937,5.069763995669684e-4
Secular Moderates,87.64383561643835,4.7868751745364405e-4
Secular Moderates,87.80430528375733,4.514425270971991e-4
Secular Moderates,87.96477495107632,4.2527731073468793e-4
Secular Moderates,88.1252446183953,4.0050758643014943e-4
Secular Moderates,88.28571428571428,3.7668845234220424e-4
Secular Moderates,88.44618395303327,0.00035380233458262214
Secular Moderates,88.60665362035225,3.3184082074569094e-4
Secular Moderates,88.76712328767123,3.1117424831900614e-4
Secular Moderates,88.92759295499022,2.913605531135457e-4
Secular Moderates,89.0880626223092,2.723840876155415e-4
Secular Moderates,89.24853228962817,2.542292362236011e-4
Secular Moderates,89.40900195694717,2.3721630238401851e-4
Secular Moderates,89.56947162426614,2.2099635196864257e-4
Secular Moderates,89.72994129158512,2.055249171231501e-4
Secular Moderates,89.89041095890411,1.9078698496698295e-4
Secular Moderates,90.05088062622309,1.7703342502610974e-4
Secular Moderates,90.21135029354207,1.6401577007411477e-4
Secular Moderates,90.37181996086105,1.51659082346375e-4
Secular Moderates,90.53228962818004,1.3994819698722981e-4
Secular Moderates,90.69275929549902,1.290715304876614e-4
Secular Moderates,90.853228962818,1.1886406175020892e-4
Secular Moderates,91.01369863013699,1.0922844386996263e-4
Secular Moderates,91.17416829745596,1.00149199390713e-4
Secular Moderates,91.33463796477494,9.176001010263665e-5
Secular Moderates,91.49510763209393,8.396329746821146e-5
Secular Moderates,91.65557729941291,7.664815816922636e-5
Secular Moderates,91.81604696673189,6.979913472466517e-5
Secular Moderates,91.97651663405088,6.350413949877319e-5
Secular Moderates,92.13698630136986,5.7717376317138634e-5
Secular Moderates,92.29745596868884,5.2323434666270784e-5
Secular Moderates,92.45792563600783,4.7307492763517754e-5
Secular Moderates,92.6183953033268,4.272152176331988e-5
Secular Moderates,92.77886497064578,3.855650574316895e-5
Secular Moderates,92.93933463796478,3.470079699687931e-5
Secular Moderates,93.09980430528375,3.1140874499319384e-5
Secular Moderates,93.26027397260273,2.7902582404112165e-5
Secular Moderates,93.42074363992172,2.5000176334476383e-5
Secular Moderates,93.5812133072407,2.2332325716308894e-5
Secular Moderates,93.74168297455968,1.9887337270552196e-5
Secular Moderates,93.90215264187867,1.7673789117787033e-5
Secular Moderates,94.06262230919765,1.571804601526719e-5
Secular Moderates,94.22309197651663,1.3933349073275938e-5
Secular Moderates,94.3835616438356,1.2310118297724302e-5
Secular Moderates,94.5440313111546,1.084688762548195e-5
Secular Moderates,94.70450097847358,9.573829144112397e-6
Secular Moderates,94.86497064579255,8.420607151605683e-6
Secular Moderates,95.02544031311155,7.379782487177128e-6
Secular Moderates,95.18590998043052,6.445133966426914e-6
Secular Moderates,95.3463796477495,5.645239738356784e-6
Secular Moderates,95.5068493150685,4.925963361185268e-6
Secular Moderates,95.66731898238747,4.281823998114741e-6
Secular Moderates,95.82778864970645,3.707393141628623e-6
Secular Moderates,95.98825831702544,3.220434486852037e-6
Secular Moderates,96.14872798434442,2.7876503656687137e-6
Secular Moderates,96.3091976516634,2.4030908162124893e-6
Secular Moderates,96.46966731898239,2.062959218558125e-6
Secular Moderates,96.63013698630137,1.7764288159014424e-6
Secular Moderates,96.79060665362034,1.5253264087069056e-6
Secular Moderates,96.95107632093934,1.3039375888632355e-6
Secular Moderates,97.11154598825831,1.1097356761416955e-6
Secular Moderates,97.27201565557729,9.47069419847381e-7
Secular Moderates,97.43248532289628,8.066308263508945e-7
Secular Moderates,97.59295499021526,6.837677600111469e-7
Secular Moderates,97.75342465753424,5.768784561806144e-7
Secular Moderates,97.91389432485323,4.878021628842975e-7
Secular Moderates,98.07436399217221,4.121082591290639e-7
Secular Moderates,98.23483365949119,3.463946855405691e-7
Secular Moderates,98.39530332681016,2.8969329710611633e-7
Secular Moderates,98.55577299412916,2.4265197374890553e-7
Secular Moderates,98.71624266144813,2.0334404225813042e-7
Secular Moderates,98.87671232876711,1.6947729142343696e-7
Secular Moderates,99.0371819960861,1.404933631121767e-7
Secular Moderates,99.19765166340508,1.1653905060927927e-7
Secular Moderates,99.35812133072406,9.687523851917388e-8
Secular Moderates,99.51859099804305,8.0059728673872e-8
Secular Moderates,99.67906066536203,6.578505572544432e-8
Secular Moderates,99.83953033268101,5.4024617903554936e-8
Secular Moderates,100,4.455004354216871e-8
Traditional Right,18,0.008321600493054984
Traditional Right,18.16046966731898,0.008712023241893218
Traditional Right,18.320939334637966,0.009101240762730506
Traditional Right,18.481409001956948,0.009488431424488972
Traditional Right,18.64187866927593,0.009872829031616254
Traditional Right,18.80234833659491,0.010253698302428994
Traditional Right,18.962818003913895,0.010629477364226142
Traditional Right,19.123287671232877,0.010999108469615194
Traditional Right,19.283757338551858,0.01136275429819599
Traditional Right,19.444227005870843,0.01171990893620926
Traditional Right,19.604696673189824,0.012070099638784956
Traditional Right,19.765166340508806,0.012411851134279513
Traditional Right,19.925636007827787,0.012744029359437772
Traditional Right,20.086105675146772,0.013067772621625319
Traditional Right,20.246575342465754,0.01338279651824778
Traditional Right,20.407045009784735,0.013688838088069874
Traditional Right,20.567514677103716,0.013984736320351049
Traditional Right,20.7279843444227,0.014268919107495517
Traditional Right,20.888454011741683,0.014543312747132595
Traditional Right,21.048923679060664,0.014807762552607056
Traditional Right,21.20939334637965,0.015062125949921009
Traditional Right,21.36986301369863,0.015305615017435032
Traditional Right,21.53033268101761,0.015536028478050268
Traditional Right,21.690802348336593,0.01575593935007221
Traditional Right,21.851272015655578,0.015965283924332774
Traditional Right,22.01174168297456,0.016164011782320423
Traditional Right,22.17221135029354,0.016351761947275462
Traditional Right,22.332681017612526,0.016525733172972113
Traditional Right,22.493150684931507,0.016689073552041134
Traditional Right,22.65362035225049,0.01684183887409705
Traditional Right,22.81409001956947,0.016984103255457874
Traditional Right,22.974559686888455,0.01711595921317764
Traditional Right,23.135029354207436,0.01723432656805721
Traditional Right,23.295499021526417,0.01734268897258875
Traditional Right,23.455968688845402,0.01744126795070364
Traditional Right,23.616438356164384,0.017530274191505324
Traditional Right,23.776908023483365,0.017609933215953416
Traditional Right,23.937377690802347,0.017678017164590873
Traditional Right,24.09784735812133,0.01773719247827189
Traditional Right,24.258317025440313,0.017788052635615274
Traditional Right,24.418786692759294,0.017830872365517576
Traditional Right,24.57925636007828,0.0178659260491963
Traditional Right,24.73972602739726,0.017891702289653887
Traditional Right,24.900195694716242,0.01790997086965615
Traditional Right,25.060665362035223,0.01792146252312738
Traditional Right,25.22113502935421,0.017926385436901605
Traditional Right,25.38160469667319,0.017924930888916717
Traditional Right,25.54207436399217,0.017915949038458744
Traditional Right,25.702544031311156,0.017900375550171786
Traditional Right,25.863013698630137,0.017878909227504736
Traditional Right,26.02348336594912,0.01785160403673751
Traditional Right,26.1839530332681,0.017818493911548935
Traditional Right,26.344422700587085,0.01777849413086365
Traditional Right,26.504892367906066,0.01773187578463944
Traditional Right,26.665362035225048,0.017679365366019297
Traditional Right,26.82583170254403,0.017620906945313108
Traditional Right,26.986301369863014,0.017556441083619697
Traditional Right,27.146771037181995,0.017484949962858314
Traditional Right,27.307240704500977,0.017406279104412104
Traditional Right,27.467710371819962,0.017321427823213636
Traditional Right,27.628180039138943,0.017230402425303507
Traditional Right,27.788649706457925,0.017133232737622767
Traditional Right,27.949119373776906,0.017029253384446455
Traditional Right,28.10958904109589,0.016918217179930112
Traditional Right,28.270058708414872,0.016801555203561823
Traditional Right,28.430528375733854,0.016679527565290553
Traditional Right,28.59099804305284,0.0165524362975696
Traditional Right,28.75146771037182,0.01642026683398811
Traditional Right,28.9119373776908,0.016283147415638397
Traditional Right,29.072407045009783,0.016142710167383247
Traditional Right,29.232876712328768,0.01599953944965053
Traditional Right,29.39334637964775,0.015854256115525878
Traditional Right,29.55381604696673,0.015707498416641225
Traditional Right,29.714285714285715,0.015560316804104165
Traditional Right,29.874755381604697,0.015413861568562517
Traditional Right,30.035225048923678,0.01526892100240504
Traditional Right,30.19569471624266,0.015126290998336697
Traditional Right,30.356164383561644,0.014986876266439155
Traditional Right,30.516634050880626,0.014853068484443
Traditional Right,30.677103718199607,0.014724692998938547
Traditional Right,30.83757338551859,0.014602484766709924
Traditional Right,30.998043052837573,0.014487149620846726
Traditional Right,31.158512720156555,0.014379363499616216
Traditional Right,31.318982387475536,0.014282652129229047
Traditional Right,31.47945205479452,0.014195229363587048
Traditional Right,31.639921722113503,0.014117441572973318
Traditional Right,31.800391389432484,0.014049659247745398
Traditional Right,31.960861056751465,0.013992198446369784
Traditional Right,32.12133072407045,0.013948338549416722
Traditional Right,32.28180039138943,0.013915709828321627
Traditional Right,32.44227005870842,0.01389384914249225
Traditional Right,32.602739726027394,0.013882685215151031
Traditional Right,32.76320939334638,0.013882090731520377
Traditional Right,32.923679060665364,0.013894307041224211
Traditional Right,33.08414872798434,0.013917068989817715
Traditional Right,33.24461839530333,0.013949197510284249
Traditional Right,33.40508806262231,0.013990247819037216
Traditional Right,33.56555772994129,0.014039738728505698
Traditional Right,33.726027397260275,0.014098629033431322
Traditional Right,33.88649706457925,0.014165149690471744
Traditional Right,34.04696673189824,0.014237848670432115
Traditional Right,34.20743639921722,0.014316103123470748
Traditional Right,34.3679060665362,0.01439928391222815
Traditional Right,34.528375733855185,0.014487338513661031
Traditional Right,34.68884540117417,0.014579053199642733
Traditional Right,34.84931506849315,0.014673252348407497
Traditional Right,35.00978473581213,0.014769361768690361
Traditional Right,35.17025440313112,0.014866827412509826
Traditional Right,35.330724070450096,0.0149651199096661
Traditional Right,35.49119373776908,0.015063441291879129
Traditional Right,35.65166340508806,0.015161265763309855
Traditional Right,35.81213307240704,0.01525822462795375
Traditional Right,35.97260273972603,0.015353980621609222
Traditional Right,36.133072407045006,0.01544800903083805
Traditional Right,36.29354207436399,0.015539748394476312
Traditional Right,36.454011741682976,0.015629356224230142
Traditional Right,36.614481409001954,0.01571669533305504
Traditional Right,36.77495107632094,0.01580165325387983
Traditional Right,36.935420743639924,0.01588393185554847
Traditional Right,37.0958904109589,0.015963059214389598
Traditional Right,37.256360078277886,0.016039622717602467
Traditional Right,37.41682974559687,0.01611362458539317
Traditional Right,37.57729941291585,0.01618507453856207
Traditional Right,37.737769080234834,0.016253864769724565
Traditional Right,37.89823874755381,0.016319470432428478
Traditional Right,38.0587084148728,0.016382598122083647
Traditional Right,38.21917808219178,0.0164432556621334
Traditional Right,38.37964774951076,0.016501442860578922
Traditional Right,38.540117416829744,0.016557108624911263
Traditional Right,38.70058708414873,0.016609480325703332
Traditional Right,38.86105675146771,0.01665925143262573
Traditional Right,39.02152641878669,0.01670634364648768
Traditional Right,39.18199608610568,0.016750664924002165
Traditional Right,39.342465753424655,0.016792109475584332
Traditional Right,39.50293542074364,0.01682954785564908
Traditional Right,39.66340508806262,0.016863638055639348
Traditional Right,39.8238747553816,0.01689425242579028
Traditional Right,39.98434442270059,0.01692120479653865
Traditional Right,40.144814090019565,0.016944299878862763
Traditional Right,40.30528375733855,0.01696211113857312
Traditional Right,40.465753424657535,0.016975233917993725
Traditional Right,40.62622309197651,0.016983650248831816
Traditional Right,40.7866927592955,0.01698714052172762
Traditional Right,40.94716242661448,0.01698548690393716
Traditional Right,41.10763209393346,0.016977098010791173
Traditional Right,41.268101761252446,0.01696252152070917
Traditional Right,41.42857142857143,0.01694202860008493
Traditional Right,41.58904109589041,0.01691546094472364
Traditional Right,41.74951076320939,0.01688267552189553
Traditional Right,41.90998043052837,0.016842199672494975
Traditional Right,42.070450097847356,0.01679449961590344
Traditional Right,42.23091976516634,0.016740282833800177
Traditional Right,42.39138943248532,0.016679552806044422
Traditional Right,42.551859099804304,0.016612339955279533
Traditional Right,42.71232876712329,0.016537618852843876
Traditional Right,42.87279843444227,0.016455780488382928
Traditional Right,43.03326810176125,0.016367968499566656
Traditional Right,43.193737769080236,0.01627441306673583
Traditional Right,43.354207436399214,0.01617537442920157
Traditional Right,43.5146771037182,0.016070491815790053
Traditional Right,43.67514677103718,0.01596018511031424
Traditional Right,43.83561643835616,0.015845795037557977
Traditional Right,43.99608610567515,0.015727758232074486
Traditional Right,44.156555772994125,0.01560653081210419
Traditional Right,44.31702544031311,0.015482382443718324
Traditional Right,44.477495107632095,0.015355940577427079
Traditional Right,44.63796477495107,0.015228291576148781
Traditional Right,44.79843444227006,0.015099958449216293
Traditional Right,44.95890410958904,0.014971462728749073
Traditional Right,45.11937377690802,0.014843411496326637
Traditional Right,45.279843444227005,0.014716797552854752
Traditional Right,45.44031311154599,0.01459198564065193
Traditional Right,45.60078277886497,0.014469421568765092
Traditional Right,45.76125244618395,0.014349530639845367
Traditional Right,45.92172211350293,0.014232873236273317
Traditional Right,46.082191780821915,0.014120853971583953
Traditional Right,46.2426614481409,0.014012894478279725
Traditional Right,46.40313111545988,0.013909256061385378
Traditional Right,46.56360078277886,0.01381017463748543
Traditional Right,46.72407045009785,0.013715911512930511
Traditional Right,46.884540117416826,0.013628226422153658
Traditional Right,47.04500978473581,0.013545735101587634
Traditional Right,47.205479452054796,0.013468527239103401
Traditional Right,47.365949119373774,0.013396677894860685
Traditional Right,47.52641878669276,0.013330247860580055
Traditional Right,47.68688845401174,0.013270938118378315
Traditional Right,47.84735812133072,0.01321727586050539
Traditional Right,48.007827788649706,0.01316916011276459
Traditional Right,48.168297455968684,0.013126615963678702
Traditional Right,48.32876712328767,0.01308966996582838
Traditional Right,48.489236790606654,0.013059874252990633
Traditional Right,48.64970645792563,0.013036109212070912
Traditional Right,48.81017612524462,0.013018122579750832
Traditional Right,48.9706457925636,0.013005985260520821
Traditional Right,49.13111545988258,0.012999776761424369
Traditional Right,49.291585127201564,0.01300103821183681
Traditional Right,49.45205479452055,0.013009063955571496
Traditional Right,49.61252446183953,0.013023437475145946
Traditional Right,49.77299412915851,0.013044281315909812
Traditional Right,49.93346379647749,0.013071720175503504
Traditional Right,50.093933463796475,0.0131072731523091
Traditional Right,50.25440313111546,0.013150600904960084
Traditional Right,50.41487279843444,0.013200985766583236
Traditional Right,50.57534246575342,0.013258519468245048
Traditional Right,50.73581213307241,0.013323281745118449
Traditional Right,50.896281800391385,0.013396572704589084
Traditional Right,51.05675146771037,0.013478338680463638
Traditional Right,51.217221135029355,0.013567431559517985
Traditional Right,51.37769080234833,0.01366380779560174
Traditional Right,51.53816046966732,0.013767400824805896
Traditional Right,51.6986301369863,0.013879049814927762
Traditional Right,51.85909980430528,0.013998869711997942
Traditional Right,52.019569471624266,0.014125324176555654
Traditional Right,52.18003913894324,0.01425818271811577
Traditional Right,52.34050880626223,0.014397191502377301
Traditional Right,52.50097847358121,0.014542619322433862
Traditional Right,52.66144814090019,0.014694572613036545
Traditional Right,52.821917808219176,0.014851399329742816
Traditional Right,52.98238747553816,0.015012716982438773
Traditional Right,53.14285714285714,0.01517813037907545
Traditional Right,53.303326810176124,0.015347440778553371
Traditional Right,53.46379647749511,0.015520534115910728
Traditional Right,53.62426614481409,0.01569605305560433
Traditional Right,53.78473581213307,0.015873565942316835
Traditional Right,53.945205479452056,0.016052644390509477
Traditional Right,54.105675146771034,0.01623288237050672
Traditional Right,54.26614481409002,0.016413783160705322
Traditional Right,54.426614481409,0.01659464842303869
Traditional Right,54.58708414872798,0.016775116886930074
Traditional Right,54.74755381604697,0.016954844108748895
Traditional Right,54.908023483365945,0.017133497663016438
Traditional Right,55.06849315068493,0.017310174180549632
Traditional Right,55.228962818003914,0.01748498228871449
Traditional Right,55.38943248532289,0.017657711415702465
Traditional Right,55.54990215264188,0.017828172506393437
Traditional Right,55.71037181996086,0.017996197972012257
Traditional Right,55.87084148727984,0.01816083490366814
Traditional Right,56.031311154598825,0.018322633491142395
Traditional Right,56.1917808219178,0.018481614182383588
Traditional Right,56.35225048923679,0.01863773490018673
Traditional Right,56.51272015655577,0.018790968135298826
Traditional Right,56.67318982387475,0.018940551853398838
Traditional Right,56.833659491193735,0.019087073521417336
Traditional Right,56.99412915851272,0.019230734236483114
Traditional Right,57.1545988258317,0.01937155470711317
Traditional Right,57.31506849315068,0.019509555798787444
Traditional Right,57.47553816046967,0.019644124711673615
Traditional Right,57.636007827788646,0.019775637507401952
Traditional Right,57.79647749510763,0.019904345279834777
Traditional Right,57.956947162426616,0.020030219449723455
Traditional Right,58.11741682974559,0.020153218456587848
Traditional Right,58.27788649706458,0.020272686250133024
Traditional Right,58.438356164383556,0.020388660770763213
Traditional Right,58.59882583170254,0.02050138939457313
Traditional Right,58.759295499021526,0.020610723482303164
Traditional Right,58.919765166340504,0.020716498050398886
Traditional Right,59.08023483365949,0.020817868936255274
Traditional Right,59.240704500978474,0.02091446651438743
Traditional Right,59.40117416829745,0.02100665729643201
Traditional Right,59.56164383561644,0.02109418816940083
Traditional Right,59.72211350293542,0.021176798163519524
Traditional Right,59.8825831702544,0.02125349417561532
Traditional Right,60.043052837573384,0.021323446121441762
Traditional Right,60.20352250489236,0.02138739799502673
Traditional Right,60.36399217221135,0.021445083000485476
Traditional Right,60.52446183953033,0.021496241215902257
Traditional Right,60.68493150684931,0.021539938479204886
Traditional Right,60.845401174168295,0.021574866648522217
Traditional Right,61.00587084148728,0.02160238257918482
Traditional Right,61.16634050880626,0.021622316374263064
Traditional Right,61.32681017612524,0.021634517537218227
Traditional Right,61.48727984344423,0.02163835588518811
Traditional Right,61.647749510763205,0.021632118732238362
Traditional Right,61.80821917808219,0.021617828107668192
Traditional Right,61.968688845401175,0.02159548483950906
Traditional Right,62.12915851272015,0.021565114064382267
Traditional Right,62.28962818003914,0.021526534035648238
Traditional Right,62.450097847358116,0.02147783153544871
Traditional Right,62.6105675146771,0.021421503173154922
Traditional Right,62.771037181996086,0.021357732021791417
Traditional Right,62.93150684931506,0.021286722051445824
Traditional Right,63.09197651663405,0.02120869798133298
Traditional Right,63.25244618395303,0.021121927637258196
Traditional Right,63.41291585127201,0.02102893620943486
Traditional Right,63.573385518590996,0.02093006476852447
Traditional Right,63.73385518590998,0.02082564302932157
Traditional Right,63.89432485322896,0.020716011439072642
Traditional Right,64.05479452054794,0.020600328461524462
Traditional Right,64.21526418786692,0.020480325468090217
Traditional Right,64.37573385518591,0.020356539152744737
Traditional Right,64.53620352250489,0.020229332753317692
Traditional Right,64.69667318982387,0.020099066458458707
Traditional Right,64.85714285714286,0.019965568199975005
Traditional Right,65.01761252446184,0.01982983649015073
Traditional Right,65.17808219178082,0.0196923551038203
Traditional Right,65.3385518590998,0.01955341285392142
Traditional Right,65.49902152641879,0.019413281855946447
Traditional Right,65.65949119373776,0.01927209127681143
Traditional Right,65.81996086105674,0.0191302715350598
Traditional Right,65.98043052837573,0.018988062361879228
Traditional Right,66.14090019569471,0.0188455901040427
Traditional Right,66.30136986301369,0.018702956509051745
Traditional Right,66.46183953033268,0.018560227632962677
Traditional Right,66.62230919765166,0.018417434151505173
Traditional Right,66.78277886497064,0.018274547141593888
Traditional Right,66.94324853228963,0.018131504555837466
Traditional Right,67.10371819960861,0.0179882225239548
Traditional Right,67.26418786692759,0.017844503108084695
Traditional Right,67.42465753424658,0.01770008670546546
Traditional Right,67.58512720156556,0.017554854785519238
Traditional Right,67.74559686888453,0.017408616386301302
Traditional Right,67.90606653620353,0.0172611722996046
Traditional Right,68.0665362035225,0.017112101148302885
Traditional Right,68.22700587084148,0.016960912935988212
Traditional Right,68.38747553816047,0.016807693775153256
Traditional Right,68.54794520547945,0.016652247903696207
Traditional Right,68.70841487279843,0.016494389323776285
Traditional Right,68.86888454011742,0.01633369252699721
Traditional Right,69.0293542074364,0.016169518229493054
Traditional Right,69.18982387475538,0.016002379837107672
Traditional Right,69.35029354207435,0.01583220431077182
Traditional Right,69.51076320939335,0.01565894135619575
Traditional Right,69.67123287671232,0.015482392297376746
Traditional Right,69.8317025440313,0.015301944520184357
Traditional Right,69.9921722113503,0.015118518684021984
Traditional Right,70.15264187866927,0.014932230331909938
Traditional Right,70.31311154598825,0.014743219320411281
Traditional Right,70.47358121330724,0.014551598659472875
Traditional Right,70.63405088062622,0.014357062402455531
Traditional Right,70.7945205479452,0.014160639911449249
Traditional Right,70.95499021526419,0.013962611706890012
Traditional Right,71.11545988258317,0.013763273203692541
Traditional Right,71.27592954990214,0.013562934416352099
Traditional Right,71.43639921722114,0.013361917970586773
Traditional Right,71.59686888454011,0.01316089552764909
Traditional Right,71.75733855185909,0.012960225955561781
Traditional Right,71.91780821917808,0.012760263064128672
Traditional Right,72.07827788649706,0.012561360499437362
Traditional Right,72.23874755381604,0.012364442535360516
Traditional Right,72.39921722113503,0.012169657687608871
Traditional Right,72.55968688845401,0.011977253383309919
Traditional Right,72.72015655577299,0.01178753040393524
Traditional Right,72.88062622309198,0.011600775918060116
Traditional Right,73.04109589041096,0.011418164322331474
Traditional Right,73.20156555772994,0.011239488306094033
Traditional Right,73.36203522504893,0.011064679533759334
Traditional Right,73.5225048923679,0.010893900393776846
Traditional Right,73.68297455968688,0.010727291549763986
Traditional Right,73.84344422700586,0.010565910424324787
Traditional Right,74.00391389432485,0.01040940526302615
Traditional Right,74.16438356164383,0.010257315879294833
Traditional Right,74.32485322896281,0.010109627903298429
Traditional Right,74.4853228962818,0.009966304007474648
Traditional Right,74.64579256360078,0.009828025539169519
Traditional Right,74.80626223091976,0.009694436866681184
Traditional Right,74.96673189823875,0.009564772924267727
Traditional Right,75.12720156555773,0.00943885676347206
Traditional Right,75.2876712328767,0.009316494003424295
Traditional Right,75.4481409001957,0.009197905304105669
Traditional Right,75.60861056751467,0.009082755982015632
Traditional Right,75.76908023483365,0.008970199977336118
Traditional Right,75.92954990215264,0.008859958432576922
Traditional Right,76.09001956947162,0.00875174560406303
Traditional Right,76.2504892367906,0.008645412065192027
Traditional Right,76.41095890410959,0.008540582660686202
Traditional Right,76.57142857142857,0.008436609952192933
Traditional Right,76.73189823874755,0.008333201466650867
Traditional Right,76.89236790606654,0.008230069921721872
Traditional Right,77.05283757338552,0.00812689874529156
Traditional Right,77.2133072407045,0.008023200433378636
Traditional Right,77.37377690802349,0.007918749377119994
Traditional Right,77.53424657534246,0.007813325765353808
Traditional Right,77.69471624266144,0.007706724329669327
Traditional Right,77.85518590998042,0.007598675675272582
Traditional Right,78.01565557729941,0.007488574854754848
Traditional Right,78.17612524461839,0.00737668835934704
Traditional Right,78.33659491193737,0.0072629238415912005
Traditional Right,78.49706457925636,0.007147207057574487
Traditional Right,78.65753424657534,0.007029449189613283
Traditional Right,78.81800391389432,0.006909026512092863
Traditional Right,78.97847358121331,0.0067865815909210914
Traditional Right,79.13894324853229,0.006662157429157635
Traditional Right,79.29941291585126,0.006535812477700573
Traditional Right,79.45988258317026,0.0064076205163199505
Traditional Right,79.62035225048923,0.006277206329591818
Traditional Right,79.78082191780821,0.006145246415576212
Traditional Right,79.9412915851272,0.006011913709034354
Traditional Right,80.10176125244618,0.005877361113233966
Traditional Right,80.26223091976516,0.005741750046048033
Traditional Right,80.42270058708415,0.005605101739202598
Traditional Right,80.58317025440313,0.005467881416634945
Traditional Right,80.7436399217221,0.005330319156020314
Traditional Right,80.9041095890411,0.005192605575768061
Traditional Right,81.06457925636008,0.005054932278759848
Traditional Right,81.22504892367905,0.004917629672635032
Traditional Right,81.38551859099805,0.004780950818565718
Traditional Right,81.54598825831702,0.0046450521323733816
Traditional Right,81.706457925636,0.004510110265644028
Traditional Right,81.86692759295498,0.0043762973350778426
Traditional Right,82.02739726027397,0.004244104946290071
Traditional Right,82.18786692759295,0.004113662010803226
Traditional Right,82.34833659491193,0.00398495146786395
Traditional Right,82.50880626223092,0.0038581045238100815
Traditional Right,82.6692759295499,0.003733245434165044
Traditional Right,82.82974559686888,0.003610887497305236
Traditional Right,82.99021526418787,0.003491146338182043
Traditional Right,83.15068493150685,0.0033737889920307366
Traditional Right,83.31115459882582,0.003258892013188009
Traditional Right,83.47162426614481,0.003146525065908441
Traditional Right,83.63209393346379,0.0030371276502404905
Traditional Right,83.79256360078277,0.0029308883225041735
Traditional Right,83.95303326810176,0.0028273673872708095
Traditional Right,84.11350293542074,0.002726591511811328
Traditional Right,84.27397260273972,0.002628581533872174
Traditional Right,84.43444227005871,0.0025336534130369483
Traditional Right,84.59491193737769,0.0024421081814259508
Traditional Right,84.75538160469667,0.0023533395254942274
Traditional Right,84.91585127201566,0.002267332445941087
Traditional Right,85.07632093933464,0.0021840670965594306
Traditional Right,85.23679060665361,0.002103718786037213
Traditional Right,85.3972602739726,0.002026691332092147
Traditional Right,85.55772994129158,0.0019522681610739617
Traditional Right,85.71819960861056,0.0018803996005697548
Traditional Right,85.87866927592954,0.0018110320677823632
Traditional Right,86.03913894324853,0.001744207007189269
Traditional Right,86.19960861056751,0.0016803828308165642
Traditional Right,86.36007827788649,0.001618802902096145
Traditional Right,86.52054794520548,0.0015593916765071628
Traditional Right,86.68101761252446,0.001502071332319096
Traditional Right,86.84148727984343,0.0014467793387695144
Traditional Right,87.00195694716243,0.001393964940008915
Traditional Right,87.1624266144814,0.0013429129107415648
Traditional Right,87.32289628180038,0.00129353749061972
Traditional Right,87.48336594911937,0.0012457532953122404
Traditional Right,87.64383561643835,0.0011994753839125966
Traditional Right,87.80430528375733,0.0011549986718202238
Traditional Right,87.96477495107632,0.0011118217542744112
Traditional Right,88.1252446183953,0.0010698375281380744
Traditional Right,88.28571428571428,0.0010289748586906568
Traditional Right,88.44618395303327,9.891658599353096e-4
Traditional Right,88.60665362035225,9.505824003464837e-4
Traditional Right,88.76712328767123,9.129384222771415e-4
Traditional Right,88.92759295499022,8.761348860611334e-4
Traditional Right,89.0880626223092,8.401321460236433e-4
Traditional Right,89.24853228962817,8.048951940168382e-4
Traditional Right,89.40900195694717,7.705571798342438e-4
Traditional Right,89.56947162426614,7.369835614067401e-4
Traditional Right,89.72994129158512,7.040997681954884e-4
Traditional Right,89.89041095890411,6.719002608252005e-4
Traditional Right,90.05088062622309,6.403832404843864e-4
Traditional Right,90.21135029354207,6.096907141657321e-4
Traditional Right,90.37181996086105,5.797841635080772e-4
Traditional Right,90.53228962818004,5.505934124164794e-4
Traditional Right,90.69275929549902,5.221336353059276e-4
Traditional Right,90.853228962818,4.944212218260184e-4
Traditional Right,91.01369863013699,4.676066704378057e-4
Traditional Right,91.17416829745596,4.417114398811908e-4
Traditional Right,91.33463796477494,4.16632934386905e-4
Traditional Right,91.49510763209393,3.923867608444385e-4
Traditional Right,91.65557729941291,3.6898727135320286e-4
Traditional Right,91.81604696673189,3.465648164607934e-4
Traditional Right,91.97651663405088,3.251813456574894e-4
Traditional Right,92.13698630136986,3.046784077529133e-4
Traditional Right,92.29745596868884,2.850573021351814e-4
Traditional Right,92.45792563600783,2.6631702049593055e-4
Traditional Right,92.6183953033268,2.4854169882062584e-4
Traditional Right,92.77886497064578,2.318212374548995e-4
Traditional Right,92.93933463796478,2.1594804352297896e-4
Traditional Right,93.09980430528375,2.009063887620285e-4
Traditional Right,93.26027397260273,1.8667873971507383e-4
Traditional Right,93.42074363992172,1.7329768600254133e-4
Traditional Right,93.5812133072407,1.6086893379745065e-4
Traditional Right,93.74168297455968,1.491658205205442e-4
Traditional Right,93.90215264187867,1.3816234736183227e-4
Traditional Right,94.06262230919765,1.2783192360979535e-4
Traditional Right,94.22309197651663,1.1816879482280674e-4
Traditional Right,94.3835616438356,1.0928250688737123e-4
Traditional Right,94.5440313111546,1.0096053425868408e-4
Traditional Right,94.70450097847358,9.317566952217235e-5
Traditional Right,94.86497064579255,8.590110832073678e-5
Traditional Right,95.02544031311155,7.911159973292014e-5
Traditional Right,95.18590998043052,7.291139480147943e-5
Traditional Right,95.3463796477495,6.712237145091842e-5
Traditional Right,95.5068493150685,6.172196880587847e-5
Traditional Right,95.66731898238747,5.668842206233181e-5
Traditional Right,95.82778864970645,5.200076396760485e-5
Traditional Right,95.98825831702544,4.772395675415018e-5
Traditional Right,96.14872798434442,4.3747492802066915e-5
Traditional Right,96.3091976516634,4.0045290375520436e-5
Traditional Right,96.46966731898239,3.66016554979351e-5
Traditional Right,96.63013698630137,3.3401617559982835e-5
Traditional Right,96.79060665362034,3.048428479945796e-5
Traditional Right,96.95107632093934,2.7785933215373775e-5
Traditional Right,97.11154598825831,2.5280947644063466e-5
Traditional Right,97.27201565557729,2.2958426514000783e-5
Traditional Right,97.43248532289628,2.080796760691096e-5
Traditional Right,97.59295499021526,1.8852705485605158e-5
Traditional Right,97.75342465753424,1.705760777246917e-5
Traditional Right,97.91389432485323,1.5399291190570076e-5
Traditional Right,98.07436399217221,1.387000157614069e-5
Traditional Right,98.23483365949119,1.246229826234597e-5
Traditional Right,98.39530332681016,1.118895806449479e-5
Traditional Right,98.55577299412916,1.0031943264652036e-5
Traditional Right,98.71624266144813,8.970764605858183e-6
Traditional Right,98.87671232876711,7.999679937722722e-6
Traditional Right,99.0371819960861,7.11315608048959e-6
Traditional Right,99.19765166340508,6.317228085729616e-6
Traditional Right,99.35812133072406,5.603642695127619e-6
Traditional Right,99.51859099804305,4.955272218722039e-6
Traditional Right,99.67906066536203,4.367799074308265e-6
Traditional Right,99.83953033268101,3.837065782009252e-6
Traditional Right,100,3.3650188354772012e-06
