party,variable,value,people,pct,question
Disillusioned Left,CC24_321a,1,2295.2794481567144,0.8401244562459841,"On the issue of gun regulation, do you support or oppose a proposal that would do the following? Ban assault rifles."
Disillusioned Left,CC24_321a,2,436.7912957577664,0.15987554375401594,"On the issue of gun regulation, do you support or oppose a proposal that would do the following? Ban assault rifles."
Disillusioned Left,CC24_321b,1,422.65262548455223,0.15470046902188933,"On the issue of gun regulation, do you support or oppose a proposal that would do the following? Make it easier for people to obtain concealed-carry permit."
Disillusioned Left,CC24_321b,2,2309.418118429928,0.8452995309781107,"On the issue of gun regulation, do you support or oppose a proposal that would do the following? Make it easier for people to obtain concealed-carry permit."
Disillusioned Left,CC24_321c,1,2658.1222837720716,0.9729331825293596,"On the issue of gun regulation, do you support or oppose a proposal that would do the following? Require criminal background checks on all gun sales."
Disillusioned Left,CC24_321c,2,73.94846014241013,0.02706681747064044,"On the issue of gun regulation, do you support or oppose a proposal that would do the following? Require criminal background checks on all gun sales."
Disillusioned Left,CC24_323a,1,2310.2054916357292,0.845587727470662,"What do you think the U.S. government should do about immigration? Grant legal status to all illegal immigrants who have held jobs and paid taxes for at least 3 years, and not been convicted of any felony crimes."
Disillusioned Left,CC24_323a,2,421.86525227875416,0.1544122725293379,"What do you think the U.S. government should do about immigration? Grant legal status to all illegal immigrants who have held jobs and paid taxes for at least 3 years, and not been convicted of any felony crimes."
Disillusioned Left,CC24_323b,1,1438.2351553511114,0.5264267620282868,What do you think the U.S. government should do about immigration? Increase the number of border patrols on the US-Mexican border.
Disillusioned Left,CC24_323b,2,1293.8355885633669,0.4735732379717133,What do you think the U.S. government should do about immigration? Increase the number of border patrols on the US-Mexican border.
Disillusioned Left,CC24_323c,1,395.8447687450037,0.14488818403649428,What do you think the U.S. government should do about immigration? Build a wall between the U.S. and Mexico.
Disillusioned Left,CC24_323c,2,2336.225975169481,0.8551118159635057,What do you think the U.S. government should do about immigration? Build a wall between the U.S. and Mexico.
Disillusioned Left,CC24_323d,1,2534.1975431296196,0.9275739102929108,What do you think the U.S. government should do about immigration? Provide permanent resident status to children of immigrants who were brought to the United States by their parents (also known as Dreamers).
Disillusioned Left,CC24_323d,2,197.87320078486457,0.07242608970708929,What do you think the U.S. government should do about immigration? Provide permanent resident status to children of immigrants who were brought to the United States by their parents (also known as Dreamers).
Disillusioned Left,CC24_324a,1,2511.5452547893974,0.9192826578095414,"On the topic of abortion, do you support or oppose each of the following proposals? Always allow a woman the right to obtain an abortion as a matter of choice."
Disillusioned Left,CC24_324a,2,220.52548912508615,0.0807173421904586,"On the topic of abortion, do you support or oppose each of the following proposals? Always allow a woman the right to obtain an abortion as a matter of choice."
Disillusioned Left,CC24_324c,1,125.6365918854791,0.04598584870663643,"On the topic of abortion, do you support or oppose each of the following proposals? Make abortions illegal in all circumstances."
Disillusioned Left,CC24_324c,2,2606.434152029005,0.9540141512933636,"On the topic of abortion, do you support or oppose each of the following proposals? Make abortions illegal in all circumstances."
Disillusioned Left,CC24_326a,1,2450.9601737562543,0.8971071408804525,Do you support or oppose each of the following proposals? Give the Environmental Protection Agency power to regulate carbon dioxide emissions.
Disillusioned Left,CC24_326a,2,281.11057015823064,0.10289285911954758,Do you support or oppose each of the following proposals? Give the Environmental Protection Agency power to regulate carbon dioxide emissions.
Disillusioned Left,CC24_326b,1,2568.706052553846,0.9402048092186044,"Do you support or oppose each of the following proposals? Require that at least 20 percent of electricity be generated with renewable sources such as wind, solar, or hydroelectric power."
Disillusioned Left,CC24_326b,2,163.3646913606359,0.05979519078139563,"Do you support or oppose each of the following proposals? Require that at least 20 percent of electricity be generated with renewable sources such as wind, solar, or hydroelectric power."
Disillusioned Left,CC24_326c,1,2444.19913030562,0.8946324452798016,Do you support or oppose each of the following proposals? Strengthen the Environmental Protection Agency enforcement of the Clean Air Act and Clean Water Act even if it costs U.S. jobs.
Disillusioned Left,CC24_326c,2,287.8716136088622,0.10536755472019832,Do you support or oppose each of the following proposals? Strengthen the Environmental Protection Agency enforcement of the Clean Air Act and Clean Water Act even if it costs U.S. jobs.
Disillusioned Left,CC24_326d,1,640.457851798669,0.23442213318423424,Do you support or oppose each of the following proposals? Increase fossil fuel production in the U.S.
Disillusioned Left,CC24_326d,2,2091.6128921158065,0.7655778668157659,Do you support or oppose each of the following proposals? Increase fossil fuel production in the U.S.
Disillusioned Left,CC24_328c,1,880.6740158622565,0.3223467100271487,Do you support or oppose each of the following proposals? Require able-bodied adults under 64 years of age who do not have dependents to have a job in order to receive Medicaid.
Disillusioned Left,CC24_328c,2,1851.396728052221,0.6776532899728513,Do you support or oppose each of the following proposals? Require able-bodied adults under 64 years of age who do not have dependents to have a job in order to receive Medicaid.
Disillusioned Left,CC24_328d,1,296.59443695315133,0.10856030635875612,Do you support or oppose each of the following proposals? Repeal the Affordable Care Act.
Disillusioned Left,CC24_328d,2,2435.4763069613346,0.8914396936412439,Do you support or oppose each of the following proposals? Repeal the Affordable Care Act.
Disillusioned Left,CC24_328e,1,2593.752388791601,0.9493723376559788,"Do you support or oppose each of the following proposals? Expand Medicaid to cover individuals making less than $25,000 and families making less than $40,000 a year."
Disillusioned Left,CC24_328e,2,138.31835512288143,0.05062766234402128,"Do you support or oppose each of the following proposals? Expand Medicaid to cover individuals making less than $25,000 and families making less than $40,000 a year."
Disillusioned Left,CC24_330a,1,974.1620271099246,0.35656544739180385,How would you rate each of the following individuals and groups? Yourself.
Disillusioned Left,CC24_330a,2,595.0047500544066,0.21778526466774092,How would you rate each of the following individuals and groups? Yourself.
Disillusioned Left,CC24_330a,3,349.00284133041237,0.12774297375270935,How would you rate each of the following individuals and groups? Yourself.
Disillusioned Left,CC24_330a,4,594.8238350196523,0.2177190456523083,How would you rate each of the following individuals and groups? Yourself.
Disillusioned Left,CC24_330a,5,93.23343031027684,0.0341255549542224,How would you rate each of the following individuals and groups? Yourself.
Disillusioned Left,CC24_330a,6,27.814893640335494,0.01018088338389167,How would you rate each of the following individuals and groups? Yourself.
Disillusioned Left,CC24_330a,7,8.591703312891495,0.00314475872633568,How would you rate each of the following individuals and groups? Yourself.
Disillusioned Left,CC24_330a,8,89.43726313657902,0.03273607147098774,How would you rate each of the following individuals and groups? Yourself.
Disillusioned Left,CC24_340c,1,2514.698139227733,0.9204366851879906,Do you support or oppose each of the following bills before Congress? Require that all federal agencies recognize same-sex marriages and interracial marriages.
Disillusioned Left,CC24_340c,2,217.37260468674856,0.07956331481200937,Do you support or oppose each of the following bills before Congress? Require that all federal agencies recognize same-sex marriages and interracial marriages.
Disillusioned Left,CC24_340f,1,802.6720062142598,0.29379620128877104,Do you support or oppose each of the following bills before Congress? Deny access to asylum for immigrants who cross the US-Mexico border illegally.
Disillusioned Left,CC24_340f,2,1929.398737700216,0.706203798711229,Do you support or oppose each of the following bills before Congress? Deny access to asylum for immigrants who cross the US-Mexico border illegally.
Disillusioned Left,CC24_341b,1,2302.367847441607,0.8427189715237016,Do you support or oppose each of the following proposals? Raise the corporate income tax rate from 21 percent to 28 percent.
Disillusioned Left,CC24_341b,2,429.7028964728754,0.15728102847629838,Do you support or oppose each of the following proposals? Raise the corporate income tax rate from 21 percent to 28 percent.
Disillusioned Left,CC24_341c,1,2387.2814129102317,0.8737992668117219,"Do you support or oppose each of the following proposals? Allow tax rates on those earning $400,000 or more a year to rise to 35 percent."
Disillusioned Left,CC24_341c,2,344.78933100425235,0.12620073318827812,"Do you support or oppose each of the following proposals? Allow tax rates on those earning $400,000 or more a year to rise to 35 percent."
Disillusioned Left,CC24_420_5,1,1602.2960092121075,0.5864767641105649,Would you approve of the use of U.S. military troops in order to protect American allies under attack by foreign nations?
Disillusioned Left,CC24_420_5,2,1129.7747347023717,0.4135232358894352,Would you approve of the use of U.S. military troops in order to protect American allies under attack by foreign nations?
Disillusioned Left,CC24_420_6,1,1442.7172746339986,0.5280673195771244,Would you approve of the use of U.S. military troops in order to help the United Nations uphold international law?
Disillusioned Left,CC24_420_6,2,1289.3534692804794,0.4719326804228756,Would you approve of the use of U.S. military troops in order to help the United Nations uphold international law?
Disillusioned Left,CC24_421_1,1,515.7500464268564,0.18877624145555483,Do you agree or disagree with the following statements? Elections in the U.S. are fair.
Disillusioned Left,CC24_421_1,2,593.4111927331667,0.2172019864620836,Do you agree or disagree with the following statements? Elections in the U.S. are fair.
Disillusioned Left,CC24_421_1,3,520.8521392166397,0.19064372340167493,Do you agree or disagree with the following statements? Elections in the U.S. are fair.
Disillusioned Left,CC24_421_1,4,530.0129037634181,0.1939967714759913,Do you agree or disagree with the following statements? Elections in the U.S. are fair.
Disillusioned Left,CC24_421_1,5,572.0444617743954,0.2093812772046954,Do you agree or disagree with the following statements? Elections in the U.S. are fair.
Disillusioned Left,CC24_423,8,2732.0707439144794,1,How much trust do you have in the federal government in Washington when it comes to handling the nation's problems?
Disillusioned Left,CC24_424,1,153.7466006629282,0.05627475093951695,How much trust do you have in the government of the state where you live when it comes to handling the state's problems?
Disillusioned Left,CC24_424,2,825.6580313176997,0.30220960901426225,How much trust do you have in the government of the state where you live when it comes to handling the state's problems?
Disillusioned Left,CC24_424,3,926.6085201820176,0.3391597828299217,How much trust do you have in the government of the state where you live when it comes to handling the state's problems?
Disillusioned Left,CC24_424,8,826.0575917518346,0.3023558572162991,How much trust do you have in the government of the state where you live when it comes to handling the state's problems?
Disillusioned Left,CC24_440a,1,1793.0649085472432,0.6563025179861057,Do you agree or disagree with the following statements? White people in the U.S. have certain advantages because of the color of their skin.
Disillusioned Left,CC24_440a,2,679.3518246802943,0.24865821142937455,Do you agree or disagree with the following statements? White people in the U.S. have certain advantages because of the color of their skin.
Disillusioned Left,CC24_440a,3,187.54985738340247,0.06864751134323978,Do you agree or disagree with the following statements? White people in the U.S. have certain advantages because of the color of their skin.
Disillusioned Left,CC24_440a,4,29.95228899112611,0.01096321867134774,Do you agree or disagree with the following statements? White people in the U.S. have certain advantages because of the color of their skin.
Disillusioned Left,CC24_440a,5,42.15186431240949,0.01542854056993225,Do you agree or disagree with the following statements? White people in the U.S. have certain advantages because of the color of their skin.
Disillusioned Left,CC24_440b,1,10.340662974709849,0.0037849177213815,"Do you agree or disagree with the following statements? Racial problems in the U.S. are rare, isolated situations."
Disillusioned Left,CC24_440b,2,28.05030280847392,0.01026704849094931,"Do you agree or disagree with the following statements? Racial problems in the U.S. are rare, isolated situations."
Disillusioned Left,CC24_440b,3,151.36894106330223,0.05540447347509846,"Do you agree or disagree with the following statements? Racial problems in the U.S. are rare, isolated situations."
Disillusioned Left,CC24_440b,4,621.6890515474903,0.227552325624168,"Do you agree or disagree with the following statements? Racial problems in the U.S. are rare, isolated situations."
Disillusioned Left,CC24_440b,5,1920.6217855205016,0.7029912346884027,"Do you agree or disagree with the following statements? Racial problems in the U.S. are rare, isolated situations."
Disillusioned Left,CC24_440c,1,19.271888199500413,0.00705394918576958,Do you agree or disagree with the following statements? Women seek to gain power by getting control over men.
Disillusioned Left,CC24_440c,2,70.82089295789828,0.02592205678262453,Do you agree or disagree with the following statements? Women seek to gain power by getting control over men.
Disillusioned Left,CC24_440c,3,328.7629400268425,0.12033470976516342,Do you agree or disagree with the following statements? Women seek to gain power by getting control over men.
Disillusioned Left,CC24_440c,4,425.2817179199342,0.1556627766199773,Do you agree or disagree with the following statements? Women seek to gain power by getting control over men.
Disillusioned Left,CC24_440c,5,1887.9333048102997,0.691026507646465,Do you agree or disagree with the following statements? Women seek to gain power by getting control over men.
Disillusioned Left,CC24_440d,1,45.01496149205444,0.0164764992240126,Do you agree or disagree with the following statements? Women are too easily offended.
Disillusioned Left,CC24_440d,2,164.7678268959695,0.06030877028458354,Do you agree or disagree with the following statements? Women are too easily offended.
Disillusioned Left,CC24_440d,3,384.1164465401762,0.14059535149145472,Do you agree or disagree with the following statements? Women are too easily offended.
Disillusioned Left,CC24_440d,4,348.2856219846039,0.12748045516771078,Do you agree or disagree with the following statements? Women are too easily offended.
Disillusioned Left,CC24_440d,5,1789.885887001674,0.6551389238322384,Do you agree or disagree with the following statements? Women are too easily offended.
Disillusioned Left,CC24_441a,1,62.332758938519106,0.02281520677213851,"How much do you agree or disagree with the following statements? Irish, Italians, Jewish and many other minorities overcame prejudice and worked their way up. Blacks should do the same without any special favors."
Disillusioned Left,CC24_441a,2,181.7868094122641,0.06653810477535518,"How much do you agree or disagree with the following statements? Irish, Italians, Jewish and many other minorities overcame prejudice and worked their way up. Blacks should do the same without any special favors."
Disillusioned Left,CC24_441a,3,477.6737902033349,0.17483946609630235,"How much do you agree or disagree with the following statements? Irish, Italians, Jewish and many other minorities overcame prejudice and worked their way up. Blacks should do the same without any special favors."
Disillusioned Left,CC24_441a,4,600.879839829871,0.2199356810830373,"How much do you agree or disagree with the following statements? Irish, Italians, Jewish and many other minorities overcame prejudice and worked their way up. Blacks should do the same without any special favors."
Disillusioned Left,CC24_441a,5,1409.3975455304883,0.5158715412731666,"How much do you agree or disagree with the following statements? Irish, Italians, Jewish and many other minorities overcame prejudice and worked their way up. Blacks should do the same without any special favors."
Disillusioned Left,CC24_441b,1,1563.3843325427088,0.5722342058766425,How much do you agree or disagree with the following statements? Generations of slavery and discrimination have created conditions that make it difficult for Blacks to work their way out of the lower class.
Disillusioned Left,CC24_441b,2,786.2857574639174,0.2877984617401733,How much do you agree or disagree with the following statements? Generations of slavery and discrimination have created conditions that make it difficult for Blacks to work their way out of the lower class.
Disillusioned Left,CC24_441b,3,261.7955658177169,0.09582312844601508,How much do you agree or disagree with the following statements? Generations of slavery and discrimination have created conditions that make it difficult for Blacks to work their way out of the lower class.
Disillusioned Left,CC24_441b,4,78.5805754116935,0.02876227696033384,How much do you agree or disagree with the following statements? Generations of slavery and discrimination have created conditions that make it difficult for Blacks to work their way out of the lower class.
Disillusioned Left,CC24_441b,5,42.02451267844038,0.01538192697683522,How much do you agree or disagree with the following statements? Generations of slavery and discrimination have created conditions that make it difficult for Blacks to work their way out of the lower class.
Disillusioned Left,CC24_443_1,1,986.7489765411294,0.3611725570207333,State legislatures must make choices when making spending decisions on important state programs. How would you like your legislature to spend money on each of the five areas below? Welfare.
Disillusioned Left,CC24_443_1,2,721.9618257033052,0.2642544404501352,State legislatures must make choices when making spending decisions on important state programs. How would you like your legislature to spend money on each of the five areas below? Welfare.
Disillusioned Left,CC24_443_1,3,892.8317755285333,0.326796726445412,State legislatures must make choices when making spending decisions on important state programs. How would you like your legislature to spend money on each of the five areas below? Welfare.
Disillusioned Left,CC24_443_1,4,92.73779809153064,0.03394414229503333,State legislatures must make choices when making spending decisions on important state programs. How would you like your legislature to spend money on each of the five areas below? Welfare.
Disillusioned Left,CC24_443_1,5,37.790368049980344,0.01383213378868614,State legislatures must make choices when making spending decisions on important state programs. How would you like your legislature to spend money on each of the five areas below? Welfare.
Disillusioned Left,CC24_444a,1,886.1785457222446,0.32436149308950146,"Some states are considering the following policies. If this came up in your state, would you support or oppose the proposal? Preventing gender transition surgery for minors experiencing gender dysphoria."
Disillusioned Left,CC24_444a,2,1845.892198192232,0.6756385069104985,"Some states are considering the following policies. If this came up in your state, would you support or oppose the proposal? Preventing gender transition surgery for minors experiencing gender dysphoria."
Disillusioned Left,CC24_444b,1,735.0858830183021,0.26905814377452086,"Some states are considering the following policies. If this came up in your state, would you support or oppose the proposal? Requiring parental consent before teachers could address their child using a name or pronoun other than the name or gender under which they are enrolled in school."
Disillusioned Left,CC24_444b,2,1996.9848608961695,0.7309418562254791,"Some states are considering the following policies. If this came up in your state, would you support or oppose the proposal? Requiring parental consent before teachers could address their child using a name or pronoun other than the name or gender under which they are enrolled in school."
Disillusioned Left,CC24_445a,1,1139.7593644350031,0.417177837350569,Do you agree or disagree with each of the following decisions of the Supreme Court of the United States? The use of race in university admissions violates Equal Protection under the Constitution and is illegal.
Disillusioned Left,CC24_445a,2,1592.3113794794767,0.5828221626494309,Do you agree or disagree with each of the following decisions of the Supreme Court of the United States? The use of race in university admissions violates Equal Protection under the Constitution and is illegal.
Disillusioned Left,comptype,1,1631.1845231909904,0.5970506169448047,NA
Disillusioned Left,comptype,2,148.7182639315901,0.0544342653874725,NA
Disillusioned Left,comptype,3,952.1679567918968,0.34851511766772275,NA
Disillusioned Left,educ,1,164.5677293139831,0.06023553002079018,NA
Disillusioned Left,educ,2,656.6181508461893,0.24033717000512028,NA
Disillusioned Left,educ,3,605.6363424916216,0.2216766691860523,NA
Disillusioned Left,educ,4,246.2229437004914,0.09012319474118234,NA
Disillusioned Left,educ,5,660.6735208590585,0.24182152761990836,NA
Disillusioned Left,educ,6,398.3520567031339,0.14580590842694646,NA
Disillusioned Left,gender4,1,1136.2519669842954,0.415894050150505,NA
Disillusioned Left,gender4,2,1509.2668318888989,0.5524259703928601,NA
Disillusioned Left,gender4,3,81.82303501476147,0.02994909088537232,NA
Disillusioned Left,gender4,4,4.728910026521971,0.00173088857126241,NA
Disillusioned Left,hispanic,1,411.71908356538904,0.15069854412901543,NA
Disillusioned Left,hispanic,2,2320.3516603490953,0.8493014558709845,NA
Disillusioned Left,inputstate,1,28.060285495244788,0.01027070238124227,NA
Disillusioned Left,inputstate,2,2.655935338717734,9.721327109240012e-4,NA
Disillusioned Left,inputstate,4,82.30062771968846,0.03012390067241419,NA
Disillusioned Left,inputstate,5,31.030071196356253,0.01135771145951248,NA
Disillusioned Left,inputstate,6,230.073391415899,0.08421209147983214,NA
Disillusioned Left,inputstate,8,100.02198368590372,0.03661031981280011,NA
Disillusioned Left,inputstate,9,45.27321064978587,0.01657102428647911,NA
Disillusioned Left,inputstate,10,12.931178166654393,0.00473310517140078,NA
Disillusioned Left,inputstate,11,8.027694186432008,0.00293831856452224,NA
Disillusioned Left,inputstate,12,188.81883292190977,0.06911198523775137,NA
Disillusioned Left,inputstate,13,55.58731233967624,0.02034621997380324,NA
Disillusioned Left,inputstate,15,5.8135733795130715,0.00212790001593569,NA
Disillusioned Left,inputstate,16,2.4844839609675757,9.09377609090692e-4,NA
Disillusioned Left,inputstate,17,120.54463609182562,0.04412207713154263,NA
Disillusioned Left,inputstate,18,46.10210433016903,0.01687441821660683,NA
Disillusioned Left,inputstate,19,24.41892092935446,0.00893788017156808,NA
Disillusioned Left,inputstate,20,23.03480143490109,0.00843126097163103,NA
Disillusioned Left,inputstate,21,48.4658704180209,0.01773961033987706,NA
Disillusioned Left,inputstate,22,23.307075992369523,0.00853091964923844,NA
Disillusioned Left,inputstate,23,23.035421613192774,0.0084314879709842,NA
Disillusioned Left,inputstate,24,68.95211252163854,0.02523804066026665,NA
Disillusioned Left,inputstate,25,86.9317592820643,0.03181900010301693,NA
Disillusioned Left,inputstate,26,109.07031315646172,0.03992221409325115,NA
Disillusioned Left,inputstate,27,43.038622534667546,0.01575311423781154,NA
Disillusioned Left,inputstate,28,16.478823002951884,0.00603162382952837,NA
Disillusioned Left,inputstate,29,43.999378191002855,0.01610477264873496,NA
Disillusioned Left,inputstate,30,11.696257125727069,0.00428109599715884,NA
Disillusioned Left,inputstate,31,17.444549543968524,0.00638510169724748,NA
Disillusioned Left,inputstate,32,36.32088809656308,0.01329427072028265,NA
Disillusioned Left,inputstate,33,16.567679472693452,0.0060641473174137,NA
Disillusioned Left,inputstate,34,53.3678068877122,0.01953383052272191,NA
Disillusioned Left,inputstate,35,30.758757206397263,0.01125840437144994,NA
Disillusioned Left,inputstate,36,163.62284757291863,0.05988968182371508,NA
Disillusioned Left,inputstate,37,61.640089069955295,0.02256167385389081,NA
Disillusioned Left,inputstate,38,3.5985709251538336,0.00131715876434365,NA
Disillusioned Left,inputstate,39,80.40171723755282,0.02942885626832423,NA
Disillusioned Left,inputstate,40,17.943365301335582,0.00656767960394266,NA
Disillusioned Left,inputstate,41,95.72334352351614,0.03503691979306689,NA
Disillusioned Left,inputstate,42,148.0273843298771,0.05418138774759004,NA
Disillusioned Left,inputstate,44,15.957818268148332,0.00584092425267296,NA
Disillusioned Left,inputstate,45,34.34200188417825,0.012569953380846,NA
Disillusioned Left,inputstate,46,6.26113255487701,0.00229171684841005,NA
Disillusioned Left,inputstate,47,54.686586155877585,0.02001653371446865,NA
Disillusioned Left,inputstate,48,187.4662454377117,0.0686169074703799,NA
Disillusioned Left,inputstate,49,25.660269614880654,0.00939224200985181,NA
Disillusioned Left,inputstate,50,7.536266128025923,0.00275844472359015,NA
Disillusioned Left,inputstate,51,71.52205135785962,0.02617869669633214,NA
Disillusioned Left,inputstate,53,60.57947994826281,0.02217346680469381,NA
Disillusioned Left,inputstate,54,11.887171068481427,0.00435097484022307,NA
Disillusioned Left,inputstate,55,46.575638793307625,0.01704774259489877,NA
Disillusioned Left,inputstate,56,2.024406454125624,7.409787827181515e-4,NA
Disillusioned Left,multrace_1,1,677.5377266502162,0.24799421031076568,NA
Disillusioned Left,multrace_1,2,2054.5330172642584,0.7520057896892344,NA
Disillusioned Left,multrace_2,1,193.57479307225063,0.07085277476925753,NA
Disillusioned Left,multrace_2,2,2538.495950842231,0.9291472252307426,NA
Disillusioned Left,multrace_3,1,140.54635794483778,0.05144316202568914,NA
Disillusioned Left,multrace_3,2,2591.5243859696448,0.9485568379743108,NA
Disillusioned Left,multrace_4,1,74.4013258261292,0.02723257660580478,NA
Disillusioned Left,multrace_4,2,2657.669418088353,0.9727674233941952,NA
Disillusioned Left,multrace_5,1,56.79922128737921,0.02078980619879479,NA
Disillusioned Left,multrace_5,2,2675.271522627103,0.9792101938012052,NA
Disillusioned Left,multrace_8,1,15.926687635977796,0.00582952973361085,NA
Disillusioned Left,multrace_8,2,2716.144056278503,0.994170470266389,NA
Disillusioned Left,multrace_97,2,2687.0523292339267,0.9835222368304958,NA
Disillusioned Left,multrace_97,NA,45.018414680554265,0.0164777631695043,NA
Disillusioned Left,multrace_98,1,17.411292343999346,0.00637292880602815,NA
Disillusioned Left,multrace_98,2,2714.6594515704805,0.993627071193972,NA
Disillusioned Left,newsint,1,1338.516415478333,0.4899274363446836,"Some people seem to follow what's going on in government and public affairs most of the time, whether there's an election going on or not. Others aren't that interested. Would you say you follow what's going on in government and public affairs..."
Disillusioned Left,newsint,2,801.0926770778469,0.2932181309222069,"Some people seem to follow what's going on in government and public affairs most of the time, whether there's an election going on or not. Others aren't that interested. Would you say you follow what's going on in government and public affairs..."
Disillusioned Left,newsint,3,356.96067967437233,0.13065572349086513,"Some people seem to follow what's going on in government and public affairs most of the time, whether there's an election going on or not. Others aren't that interested. Would you say you follow what's going on in government and public affairs..."
Disillusioned Left,newsint,4,235.5009716839264,0.08619870924224436,"Some people seem to follow what's going on in government and public affairs most of the time, whether there's an election going on or not. Others aren't that interested. Would you say you follow what's going on in government and public affairs..."
Disillusioned Left,pew_bornagain,1,402.11877734845353,0.14718461381139128,"Would you describe yourself as a 'born-again' or evangelical Christian, or not?"
Disillusioned Left,pew_bornagain,2,2329.9519665660287,0.8528153861886087,"Would you describe yourself as a 'born-again' or evangelical Christian, or not?"
Disillusioned Left,pew_churatd,1,65.99688062431674,0.02415635860503275,"Aside from weddings and funerals, how often do you attend religious services?"
Disillusioned Left,pew_churatd,2,184.6973069584672,0.06760341304114077,"Aside from weddings and funerals, how often do you attend religious services?"
Disillusioned Left,pew_churatd,3,103.34074565589204,0.03782506213870094,"Aside from weddings and funerals, how often do you attend religious services?"
Disillusioned Left,pew_churatd,4,268.26814575616714,0.09819223984361246,"Aside from weddings and funerals, how often do you attend religious services?"
Disillusioned Left,pew_churatd,5,499.81388275772497,0.18294324327839245,"Aside from weddings and funerals, how often do you attend religious services?"
Disillusioned Left,pew_churatd,6,1584.158228993036,0.5798379242271279,"Aside from weddings and funerals, how often do you attend religious services?"
Disillusioned Left,pew_churatd,7,25.795553168873987,0.00944175886599277,"Aside from weddings and funerals, how often do you attend religious services?"
Disillusioned Left,pew_religimp,1,482.3831113795262,0.17656318470303362,How important is religion in your life?
Disillusioned Left,pew_religimp,2,401.26742804966506,0.14687300061444752,How important is religion in your life?
Disillusioned Left,pew_religimp,3,435.8884469593139,0.1595450805694652,How important is religion in your life?
Disillusioned Left,pew_religimp,4,1412.5317575259714,0.5170187341130537,How important is religion in your life?
Disillusioned Left,pid3,1,1464.451198298157,0.5360224297120166,NA
Disillusioned Left,pid3,2,129.98292421411293,0.04757670514339422,NA
Disillusioned Left,pid3,3,807.5747717101527,0.2955907249140513,NA
Disillusioned Left,pid3,4,208.01763928221052,0.07613918480901603,NA
Disillusioned Left,pid3,5,122.04421040984758,0.04467095542152177,NA
Disillusioned Left,pid7,1,1079.4503003788695,0.39510334890971627,NA
Disillusioned Left,pid7,2,385.0008979192841,0.14091908080230003,NA
Disillusioned Left,pid7,3,589.7081266391153,0.21584658009045143,NA
Disillusioned Left,pid7,4,473.1480295469702,0.1731829348126797,NA
Disillusioned Left,pid7,5,34.9762994392139,0.01280212070537394,NA
Disillusioned Left,pid7,6,67.09172703258338,0.02455709727942666,NA
Disillusioned Left,pid7,7,62.891197181529584,0.02301960786396763,NA
Disillusioned Left,pid7,8,39.80416577691037,0.01456922953608421,NA
Disillusioned Left,race,1,1701.9117880455788,0.6229384037131852,NA
Disillusioned Left,race,2,393.6798031435902,0.14409575741056055,NA
Disillusioned Left,race,3,269.1310352098905,0.0985080769996032,NA
Disillusioned Left,race,4,135.73250695015378,0.04968118312913008,NA
Disillusioned Left,race,5,37.65738330735432,0.01378345834976413,NA
Disillusioned Left,race,6,152.31312552835533,0.05575006645330236,NA
Disillusioned Left,race,7,22.635098882179996,0.0082849607509609,NA
Disillusioned Left,race,8,19.01000284737417,0.00695809319349354,NA
Disillusioned Left,region,1,560.320194204418,0.20508992874818377,NA
Disillusioned Left,region,2,564.4903857232428,0.20661631364437047,NA
Disillusioned Left,region,3,921.146766516656,0.33716065682722673,NA
Disillusioned Left,region,4,686.1133974701629,0.251133100780219,NA
Disillusioned Left,votereg,1,1961.9107424787676,0.718103931550384,NA
Disillusioned Left,votereg,2,641.9940607263178,0.23498442057414548,NA
Disillusioned Left,votereg,3,128.16594070939087,0.04691164787547058,NA
Faith-Based Conservatives,CC24_321a,1,776.0157880597749,0.23365854798258712,"On the issue of gun regulation, do you support or oppose a proposal that would do the following? Ban assault rifles."
Faith-Based Conservatives,CC24_321a,2,2545.137213873652,0.7663414520174129,"On the issue of gun regulation, do you support or oppose a proposal that would do the following? Ban assault rifles."
Faith-Based Conservatives,CC24_321b,1,2336.313165209806,0.7034644787065549,"On the issue of gun regulation, do you support or oppose a proposal that would do the following? Make it easier for people to obtain concealed-carry permit."
Faith-Based Conservatives,CC24_321b,2,984.839836723618,0.29653552129344507,"On the issue of gun regulation, do you support or oppose a proposal that would do the following? Make it easier for people to obtain concealed-carry permit."
Faith-Based Conservatives,CC24_321c,1,2621.8828745481787,0.7894495896520984,"On the issue of gun regulation, do you support or oppose a proposal that would do the following? Require criminal background checks on all gun sales."
Faith-Based Conservatives,CC24_321c,2,699.2701273852483,0.2105504103479016,"On the issue of gun regulation, do you support or oppose a proposal that would do the following? Require criminal background checks on all gun sales."
Faith-Based Conservatives,CC24_323a,1,1046.4569147726238,0.31508843891366173,"What do you think the U.S. government should do about immigration? Grant legal status to all illegal immigrants who have held jobs and paid taxes for at least 3 years, and not been convicted of any felony crimes."
Faith-Based Conservatives,CC24_323a,2,2274.6960871608,0.6849115610863383,"What do you think the U.S. government should do about immigration? Grant legal status to all illegal immigrants who have held jobs and paid taxes for at least 3 years, and not been convicted of any felony crimes."
Faith-Based Conservatives,CC24_323b,1,3001.19053738742,0.9036592218546572,What do you think the U.S. government should do about immigration? Increase the number of border patrols on the US-Mexican border.
Faith-Based Conservatives,CC24_323b,2,319.9624645460072,0.09634077814534268,What do you think the U.S. government should do about immigration? Increase the number of border patrols on the US-Mexican border.
Faith-Based Conservatives,CC24_323c,1,2824.5081626662836,0.8504601146113949,What do you think the U.S. government should do about immigration? Build a wall between the U.S. and Mexico.
Faith-Based Conservatives,CC24_323c,2,496.6448392671467,0.14953988538860502,What do you think the U.S. government should do about immigration? Build a wall between the U.S. and Mexico.
Faith-Based Conservatives,CC24_323d,1,1468.9359158561278,0.44229697186518663,What do you think the U.S. government should do about immigration? Provide permanent resident status to children of immigrants who were brought to the United States by their parents (also known as Dreamers).
Faith-Based Conservatives,CC24_323d,2,1852.217086077296,0.5577030281348133,What do you think the U.S. government should do about immigration? Provide permanent resident status to children of immigrants who were brought to the United States by their parents (also known as Dreamers).
Faith-Based Conservatives,CC24_324a,1,1050.9733927081616,0.3164483515502998,"On the topic of abortion, do you support or oppose each of the following proposals? Always allow a woman the right to obtain an abortion as a matter of choice."
Faith-Based Conservatives,CC24_324a,2,2270.179609225262,0.6835516484497002,"On the topic of abortion, do you support or oppose each of the following proposals? Always allow a woman the right to obtain an abortion as a matter of choice."
Faith-Based Conservatives,CC24_324c,1,719.8121105410069,0.2167356066167276,"On the topic of abortion, do you support or oppose each of the following proposals? Make abortions illegal in all circumstances."
Faith-Based Conservatives,CC24_324c,2,2601.340891392419,0.7832643933832725,"On the topic of abortion, do you support or oppose each of the following proposals? Make abortions illegal in all circumstances."
Faith-Based Conservatives,CC24_326a,1,988.2321798209588,0.2975569566489875,Do you support or oppose each of the following proposals? Give the Environmental Protection Agency power to regulate carbon dioxide emissions.
Faith-Based Conservatives,CC24_326a,2,2332.920822112466,0.7024430433510125,Do you support or oppose each of the following proposals? Give the Environmental Protection Agency power to regulate carbon dioxide emissions.
Faith-Based Conservatives,CC24_326b,1,1197.213162128683,0.3604811827192907,"Do you support or oppose each of the following proposals? Require that at least 20 percent of electricity be generated with renewable sources such as wind, solar, or hydroelectric power."
Faith-Based Conservatives,CC24_326b,2,2123.9398398047397,0.6395188172807093,"Do you support or oppose each of the following proposals? Require that at least 20 percent of electricity be generated with renewable sources such as wind, solar, or hydroelectric power."
Faith-Based Conservatives,CC24_326c,1,835.4335981103777,0.2515492654581183,Do you support or oppose each of the following proposals? Strengthen the Environmental Protection Agency enforcement of the Clean Air Act and Clean Water Act even if it costs U.S. jobs.
Faith-Based Conservatives,CC24_326c,2,2485.719403823048,0.7484507345418817,Do you support or oppose each of the following proposals? Strengthen the Environmental Protection Agency enforcement of the Clean Air Act and Clean Water Act even if it costs U.S. jobs.
Faith-Based Conservatives,CC24_326d,1,2670.3444122059964,0.8040413707683575,Do you support or oppose each of the following proposals? Increase fossil fuel production in the U.S.
Faith-Based Conservatives,CC24_326d,2,650.8085897274289,0.19595862923164264,Do you support or oppose each of the following proposals? Increase fossil fuel production in the U.S.
Faith-Based Conservatives,CC24_328c,1,2149.511862374445,0.647218559675841,Do you support or oppose each of the following proposals? Require able-bodied adults under 64 years of age who do not have dependents to have a job in order to receive Medicaid.
Faith-Based Conservatives,CC24_328c,2,1171.6411395589769,0.3527814403241589,Do you support or oppose each of the following proposals? Require able-bodied adults under 64 years of age who do not have dependents to have a job in order to receive Medicaid.
Faith-Based Conservatives,CC24_328d,1,2332.705845021757,0.7023783136952022,Do you support or oppose each of the following proposals? Repeal the Affordable Care Act.
Faith-Based Conservatives,CC24_328d,2,988.4471569116674,0.2976216863047979,Do you support or oppose each of the following proposals? Repeal the Affordable Care Act.
Faith-Based Conservatives,CC24_328e,1,1979.137766391042,0.5959188767391567,"Do you support or oppose each of the following proposals? Expand Medicaid to cover individuals making less than $25,000 and families making less than $40,000 a year."
Faith-Based Conservatives,CC24_328e,2,1342.0152355423786,0.4040811232608434,"Do you support or oppose each of the following proposals? Expand Medicaid to cover individuals making less than $25,000 and families making less than $40,000 a year."
Faith-Based Conservatives,CC24_330a,1,9.413955665473402,0.00283454440671448,How would you rate each of the following individuals and groups? Yourself.
Faith-Based Conservatives,CC24_330a,2,41.72536798436498,0.01256351874185694,How would you rate each of the following individuals and groups? Yourself.
Faith-Based Conservatives,CC24_330a,3,64.6841289309501,0.01947640740829886,How would you rate each of the following individuals and groups? Yourself.
Faith-Based Conservatives,CC24_330a,4,559.0024389264111,0.1683157742509863,How would you rate each of the following individuals and groups? Yourself.
Faith-Based Conservatives,CC24_330a,5,449.8828235647355,0.13545983075842477,How would you rate each of the following individuals and groups? Yourself.
Faith-Based Conservatives,CC24_330a,6,861.1812501414639,0.2593018899280233,How would you rate each of the following individuals and groups? Yourself.
Faith-Based Conservatives,CC24_330a,7,925.3077909752118,0.27861040742071824,How would you rate each of the following individuals and groups? Yourself.
Faith-Based Conservatives,CC24_330a,8,409.9552457448093,0.12343762708497694,How would you rate each of the following individuals and groups? Yourself.
Faith-Based Conservatives,CC24_340c,1,1347.0420834644233,0.4055947084281384,Do you support or oppose each of the following bills before Congress? Require that all federal agencies recognize same-sex marriages and interracial marriages.
Faith-Based Conservatives,CC24_340c,2,1974.1109184689992,0.5944052915718616,Do you support or oppose each of the following bills before Congress? Require that all federal agencies recognize same-sex marriages and interracial marriages.
Faith-Based Conservatives,CC24_340f,1,2893.3439989883095,0.8711866021541115,Do you support or oppose each of the following bills before Congress? Deny access to asylum for immigrants who cross the US-Mexico border illegally.
Faith-Based Conservatives,CC24_340f,2,427.8090029451172,0.12881339784588844,Do you support or oppose each of the following bills before Congress? Deny access to asylum for immigrants who cross the US-Mexico border illegally.
Faith-Based Conservatives,CC24_341b,1,980.9628122550562,0.29536814825573643,Do you support or oppose each of the following proposals? Raise the corporate income tax rate from 21 percent to 28 percent.
Faith-Based Conservatives,CC24_341b,2,2340.1901896783693,0.7046318517442636,Do you support or oppose each of the following proposals? Raise the corporate income tax rate from 21 percent to 28 percent.
Faith-Based Conservatives,CC24_341c,1,1292.1459669890328,0.38906547401965674,"Do you support or oppose each of the following proposals? Allow tax rates on those earning $400,000 or more a year to rise to 35 percent."
Faith-Based Conservatives,CC24_341c,2,2029.007034944389,0.6109345259803433,"Do you support or oppose each of the following proposals? Allow tax rates on those earning $400,000 or more a year to rise to 35 percent."
Faith-Based Conservatives,CC24_420_5,1,1935.9895503974212,0.5829269381056451,Would you approve of the use of U.S. military troops in order to protect American allies under attack by foreign nations?
Faith-Based Conservatives,CC24_420_5,2,1385.1634515360006,0.4170730618943549,Would you approve of the use of U.S. military troops in order to protect American allies under attack by foreign nations?
Faith-Based Conservatives,CC24_420_6,1,584.0359921158605,0.17585338338097076,Would you approve of the use of U.S. military troops in order to help the United Nations uphold international law?
Faith-Based Conservatives,CC24_420_6,2,2737.1170098175644,0.8241466166190292,Would you approve of the use of U.S. military troops in order to help the United Nations uphold international law?
Faith-Based Conservatives,CC24_421_1,1,230.9232098027271,0.0695310362600863,Do you agree or disagree with the following statements? Elections in the U.S. are fair.
Faith-Based Conservatives,CC24_421_1,2,886.8021953319653,0.26701636293651954,Do you agree or disagree with the following statements? Elections in the U.S. are fair.
Faith-Based Conservatives,CC24_421_1,3,744.8507398990508,0.2242747441823468,Do you agree or disagree with the following statements? Elections in the U.S. are fair.
Faith-Based Conservatives,CC24_421_1,4,966.5205029064996,0.2910195652967017,Do you agree or disagree with the following statements? Elections in the U.S. are fair.
Faith-Based Conservatives,CC24_421_1,5,492.056353993177,0.14815829132434577,Do you agree or disagree with the following statements? Elections in the U.S. are fair.
Faith-Based Conservatives,CC24_423,8,3321.153001933429,1,How much trust do you have in the federal government in Washington when it comes to handling the nation's problems?
Faith-Based Conservatives,CC24_424,1,348.5477907561981,0.10494782702070336,How much trust do you have in the government of the state where you live when it comes to handling the state's problems?
Faith-Based Conservatives,CC24_424,2,1376.4530326321576,0.4144503525826276,How much trust do you have in the government of the state where you live when it comes to handling the state's problems?
Faith-Based Conservatives,CC24_424,3,1596.152178545063,0.480601820396669,How much trust do you have in the government of the state where you live when it comes to handling the state's problems?
Faith-Based Conservatives,CC24_440a,1,94.0045595272766,0.02830479639828442,Do you agree or disagree with the following statements? White people in the U.S. have certain advantages because of the color of their skin.
Faith-Based Conservatives,CC24_440a,2,379.0502254376504,0.11413211773651648,Do you agree or disagree with the following statements? White people in the U.S. have certain advantages because of the color of their skin.
Faith-Based Conservatives,CC24_440a,3,653.1150007841281,0.19665309017799387,Do you agree or disagree with the following statements? White people in the U.S. have certain advantages because of the color of their skin.
Faith-Based Conservatives,CC24_440a,4,564.4526554357366,0.1699568358058597,Do you agree or disagree with the following statements? White people in the U.S. have certain advantages because of the color of their skin.
Faith-Based Conservatives,CC24_440a,5,1630.5305607486298,0.4909531598813456,Do you agree or disagree with the following statements? White people in the U.S. have certain advantages because of the color of their skin.
Faith-Based Conservatives,CC24_440b,1,695.6111621499313,0.20944869499989277,"Do you agree or disagree with the following statements? Racial problems in the U.S. are rare, isolated situations."
Faith-Based Conservatives,CC24_440b,2,929.9835467384144,0.28001827865112544,"Do you agree or disagree with the following statements? Racial problems in the U.S. are rare, isolated situations."
Faith-Based Conservatives,CC24_440b,3,691.9782824759827,0.2083548340209395,"Do you agree or disagree with the following statements? Racial problems in the U.S. are rare, isolated situations."
Faith-Based Conservatives,CC24_440b,4,636.8507204996963,0.1917559113142187,"Do you agree or disagree with the following statements? Racial problems in the U.S. are rare, isolated situations."
Faith-Based Conservatives,CC24_440b,5,366.729290069396,0.1104222810138236,"Do you agree or disagree with the following statements? Racial problems in the U.S. are rare, isolated situations."
Faith-Based Conservatives,CC24_440c,1,469.1804618113575,0.14127035446371258,Do you agree or disagree with the following statements? Women seek to gain power by getting control over men.
Faith-Based Conservatives,CC24_440c,2,764.286691509335,0.23012691407604616,Do you agree or disagree with the following statements? Women seek to gain power by getting control over men.
Faith-Based Conservatives,CC24_440c,3,1062.3418247535394,0.31987138928411113,Do you agree or disagree with the following statements? Women seek to gain power by getting control over men.
Faith-Based Conservatives,CC24_440c,4,460.3935272007944,0.1386246062535435,Do you agree or disagree with the following statements? Women seek to gain power by getting control over men.
Faith-Based Conservatives,CC24_440c,5,564.9504966583938,0.17010673592258652,Do you agree or disagree with the following statements? Women seek to gain power by getting control over men.
Faith-Based Conservatives,CC24_440d,1,868.4412814209865,0.26148788716310883,Do you agree or disagree with the following statements? Women are too easily offended.
Faith-Based Conservatives,CC24_440d,2,1103.9591384231646,0.3324023728447593,Do you agree or disagree with the following statements? Women are too easily offended.
Faith-Based Conservatives,CC24_440d,3,874.7975235858078,0.26340175326958476,Do you agree or disagree with the following statements? Women are too easily offended.
Faith-Based Conservatives,CC24_440d,4,268.1198782432431,0.08073096243598417,Do you agree or disagree with the following statements? Women are too easily offended.
Faith-Based Conservatives,CC24_440d,5,205.83518026021855,0.0619770242865628,Do you agree or disagree with the following statements? Women are too easily offended.
Faith-Based Conservatives,CC24_441a,1,1886.3992695547297,0.5679952921339533,"How much do you agree or disagree with the following statements? Irish, Italians, Jewish and many other minorities overcame prejudice and worked their way up. Blacks should do the same without any special favors."
Faith-Based Conservatives,CC24_441a,2,793.5436391930185,0.23893618834514824,"How much do you agree or disagree with the following statements? Irish, Italians, Jewish and many other minorities overcame prejudice and worked their way up. Blacks should do the same without any special favors."
Faith-Based Conservatives,CC24_441a,3,506.1504040917757,0.15240201333606682,"How much do you agree or disagree with the following statements? Irish, Italians, Jewish and many other minorities overcame prejudice and worked their way up. Blacks should do the same without any special favors."
Faith-Based Conservatives,CC24_441a,4,89.23958380107226,0.0268700610146901,"How much do you agree or disagree with the following statements? Irish, Italians, Jewish and many other minorities overcame prejudice and worked their way up. Blacks should do the same without any special favors."
Faith-Based Conservatives,CC24_441a,5,45.820105292825914,0.01379644517014168,"How much do you agree or disagree with the following statements? Irish, Italians, Jewish and many other minorities overcame prejudice and worked their way up. Blacks should do the same without any special favors."
Faith-Based Conservatives,CC24_441b,1,85.6844533269011,0.02579961033924653,How much do you agree or disagree with the following statements? Generations of slavery and discrimination have created conditions that make it difficult for Blacks to work their way out of the lower class.
Faith-Based Conservatives,CC24_441b,2,303.2283790822615,0.09130214082450767,How much do you agree or disagree with the following statements? Generations of slavery and discrimination have created conditions that make it difficult for Blacks to work their way out of the lower class.
Faith-Based Conservatives,CC24_441b,3,460.332129657619,0.13860611943792872,How much do you agree or disagree with the following statements? Generations of slavery and discrimination have created conditions that make it difficult for Blacks to work their way out of the lower class.
Faith-Based Conservatives,CC24_441b,4,735.9073118538381,0.22158187575984223,How much do you agree or disagree with the following statements? Generations of slavery and discrimination have created conditions that make it difficult for Blacks to work their way out of the lower class.
Faith-Based Conservatives,CC24_441b,5,1736.0007280127995,0.5227102536384748,How much do you agree or disagree with the following statements? Generations of slavery and discrimination have created conditions that make it difficult for Blacks to work their way out of the lower class.
Faith-Based Conservatives,CC24_443_1,1,162.21064215372115,0.04884166494566489,State legislatures must make choices when making spending decisions on important state programs. How would you like your legislature to spend money on each of the five areas below? Welfare.
Faith-Based Conservatives,CC24_443_1,2,246.7369949982989,0.07429257093986946,State legislatures must make choices when making spending decisions on important state programs. How would you like your legislature to spend money on each of the five areas below? Welfare.
Faith-Based Conservatives,CC24_443_1,3,1135.620711374653,0.3419356803837547,State legislatures must make choices when making spending decisions on important state programs. How would you like your legislature to spend money on each of the five areas below? Welfare.
Faith-Based Conservatives,CC24_443_1,4,717.7374948955367,0.21611093932670483,State legislatures must make choices when making spending decisions on important state programs. How would you like your legislature to spend money on each of the five areas below? Welfare.
Faith-Based Conservatives,CC24_443_1,5,1058.847158511209,0.3188191444040061,State legislatures must make choices when making spending decisions on important state programs. How would you like your legislature to spend money on each of the five areas below? Welfare.
Faith-Based Conservatives,CC24_444a,1,2690.393128751048,0.8100780443372592,"Some states are considering the following policies. If this came up in your state, would you support or oppose the proposal? Preventing gender transition surgery for minors experiencing gender dysphoria."
Faith-Based Conservatives,CC24_444a,2,630.759873182379,0.18992195566274084,"Some states are considering the following policies. If this came up in your state, would you support or oppose the proposal? Preventing gender transition surgery for minors experiencing gender dysphoria."
Faith-Based Conservatives,CC24_444b,1,2842.0671284102086,0.8557471235910182,"Some states are considering the following policies. If this came up in your state, would you support or oppose the proposal? Requiring parental consent before teachers could address their child using a name or pronoun other than the name or gender under which they are enrolled in school."
Faith-Based Conservatives,CC24_444b,2,479.08587352322166,0.14425287640898168,"Some states are considering the following policies. If this came up in your state, would you support or oppose the proposal? Requiring parental consent before teachers could address their child using a name or pronoun other than the name or gender under which they are enrolled in school."
Faith-Based Conservatives,CC24_445a,1,3010.250929995478,0.9063873083363052,Do you agree or disagree with each of the following decisions of the Supreme Court of the United States? The use of race in university admissions violates Equal Protection under the Constitution and is illegal.
Faith-Based Conservatives,CC24_445a,2,310.902071937948,0.09361269166369476,Do you agree or disagree with each of the following decisions of the Supreme Court of the United States? The use of race in university admissions violates Equal Protection under the Constitution and is illegal.
Faith-Based Conservatives,comptype,1,1936.7524143225965,0.5831566366244223,NA
Faith-Based Conservatives,comptype,2,251.68659232308744,0.07578289593299896,NA
Faith-Based Conservatives,comptype,3,1132.7139952877355,0.3410604674425787,NA
Faith-Based Conservatives,educ,1,379.2473760677838,0.11419147984058664,NA
Faith-Based Conservatives,educ,2,1000.0080171595904,0.3011026642185508,NA
Faith-Based Conservatives,educ,3,679.7793473872462,0.20468173161294,NA
Faith-Based Conservatives,educ,4,286.7385209117269,0.08633704040277614,NA
Faith-Based Conservatives,educ,5,641.7741112954834,0.19323834551490784,NA
Faith-Based Conservatives,educ,6,333.60562911158917,0.10044873841023874,NA
Faith-Based Conservatives,gender4,1,1862.5391719252511,0.5608110107667331,NA
Faith-Based Conservatives,gender4,2,1448.304262394917,0.4360847758449497,NA
Faith-Based Conservatives,gender4,3,2.672387069665138,8.046564154404809e-4,NA
Faith-Based Conservatives,gender4,4,7.637180543586989,0.00229955697287688,NA
Faith-Based Conservatives,hispanic,1,446.8537785858022,0.1345477845572499,NA
Faith-Based Conservatives,hispanic,2,2874.2992233476234,0.8654522154427502,NA
Faith-Based Conservatives,inputstate,1,102.81636716213356,0.03095803388229288,NA
Faith-Based Conservatives,inputstate,2,6.578215628456198,0.00198070237192525,NA
Faith-Based Conservatives,inputstate,4,119.11306300119216,0.03586497307767816,NA
Faith-Based Conservatives,inputstate,5,43.33854198360293,0.01304924583672394,NA
Faith-Based Conservatives,inputstate,6,117.58517074181734,0.03540492433602568,NA
Faith-Based Conservatives,inputstate,8,38.32891585722317,0.0115408461564131,NA
Faith-Based Conservatives,inputstate,9,22.358899009155397,0.0067322700869665,NA
Faith-Based Conservatives,inputstate,10,7.902994567249268,0.00237959364192149,NA
Faith-Based Conservatives,inputstate,11,1.428784806680058,4.3020746284446566e-4,NA
Faith-Based Conservatives,inputstate,12,307.75444567604575,0.09266494060854329,NA
Faith-Based Conservatives,inputstate,13,164.2670357628369,0.04946084557598167,NA
Faith-Based Conservatives,inputstate,15,2.122075932560974,6.389575943431693e-4,NA
Faith-Based Conservatives,inputstate,16,39.21779587405378,0.01180848815192284,NA
Faith-Based Conservatives,inputstate,17,24.678553621045857,0.0074307186710998,NA
Faith-Based Conservatives,inputstate,18,80.87947178524239,0.02435282919460744,NA
Faith-Based Conservatives,inputstate,19,35.633204820043936,0.01072916688851731,NA
Faith-Based Conservatives,inputstate,20,40.88281425104794,0.01230982560190628,NA
Faith-Based Conservatives,inputstate,21,77.91935641259677,0.02346153771513559,NA
Faith-Based Conservatives,inputstate,22,50.05684730673898,0.01507212925077471,NA
Faith-Based Conservatives,inputstate,23,18.821117233165875,0.00566704310888691,NA
Faith-Based Conservatives,inputstate,24,32.95946305872653,0.00992410257508132,NA
Faith-Based Conservatives,inputstate,25,22.10120682849662,0.00665467890688273,NA
Faith-Based Conservatives,inputstate,26,61.21282393412971,0.01843119660506289,NA
Faith-Based Conservatives,inputstate,27,33.662387826571475,0.01013575339858621,NA
Faith-Based Conservatives,inputstate,28,29.389564693773515,0.00884920528402764,NA
Faith-Based Conservatives,inputstate,29,80.46503474897125,0.02422804209927342,NA
Faith-Based Conservatives,inputstate,30,30.473087732360128,0.00917545434209749,NA
Faith-Based Conservatives,inputstate,31,14.088577709080692,0.00424207427386783,NA
Faith-Based Conservatives,inputstate,32,70.85684288069665,0.02133501312328793,NA
Faith-Based Conservatives,inputstate,33,18.782718174969755,0.0056554811428547,NA
Faith-Based Conservatives,inputstate,34,59.05399350389943,0.01778117222227369,NA
Faith-Based Conservatives,inputstate,35,8.249845546373123,0.00248403055853507,NA
Faith-Based Conservatives,inputstate,36,75.51382957278206,0.02273723298168479,NA
Faith-Based Conservatives,inputstate,37,145.32285249794015,0.04375674725414334,NA
Faith-Based Conservatives,inputstate,38,7.886832445676907,0.00237472722307149,NA
Faith-Based Conservatives,inputstate,39,156.20817583240245,0.04703432083419984,NA
Faith-Based Conservatives,inputstate,40,91.6679990748232,0.02760125746132693,NA
Faith-Based Conservatives,inputstate,41,41.63571594413861,0.01253652449010937,NA
Faith-Based Conservatives,inputstate,42,118.79166089358242,0.03576819882264605,NA
Faith-Based Conservatives,inputstate,44,6.485352339724289,0.00195274121244905,NA
Faith-Based Conservatives,inputstate,45,86.26557667757436,0.02597458672556023,NA
Faith-Based Conservatives,inputstate,46,17.884456417343095,0.00538501430284349,NA
Faith-Based Conservatives,inputstate,47,166.61026272582149,0.05016639180092838,NA
Faith-Based Conservatives,inputstate,48,396.20919651828814,0.11929868822292544,NA
Faith-Based Conservatives,inputstate,49,35.33192146898363,0.01063845039611695,NA
Faith-Based Conservatives,inputstate,50,3.0600033050632596,9.21367760919737e-4,NA
Faith-Based Conservatives,inputstate,51,111.28222569542416,0.03350710600524601,NA
Faith-Based Conservatives,inputstate,53,4.516211008154515,0.00135983226473618,NA
Faith-Based Conservatives,inputstate,54,44.82602090917057,0.01349712611345365,NA
Faith-Based Conservatives,inputstate,55,34.84651722083669,0.0104922950555276,NA
Faith-Based Conservatives,inputstate,56,13.828973314754233,0.00416390732577019,NA
Faith-Based Conservatives,multrace_1,1,993.0978799218882,0.2990220201670178,NA
Faith-Based Conservatives,multrace_1,2,2328.055122011536,0.7009779798329822,NA
Faith-Based Conservatives,multrace_2,1,60.33383882612895,0.01816653396907797,NA
Faith-Based Conservatives,multrace_2,2,3260.8191631073005,0.981833466030922,NA
Faith-Based Conservatives,multrace_3,1,102.50568685318387,0.03086448796352037,NA
Faith-Based Conservatives,multrace_3,2,3218.6473150802453,0.9691355120364796,NA
Faith-Based Conservatives,multrace_4,1,39.98090362308261,0.01203826008612294,NA
Faith-Based Conservatives,multrace_4,2,3281.172098310348,0.987961739913877,NA
Faith-Based Conservatives,multrace_5,1,83.35246593695071,0.02509744835255303,NA
Faith-Based Conservatives,multrace_5,2,3237.800535996478,0.9749025516474468,NA
Faith-Based Conservatives,multrace_8,1,3.9136839001411223,0.00117841120173107,NA
Faith-Based Conservatives,multrace_8,2,3317.2393180332874,0.9988215887982688,NA
Faith-Based Conservatives,multrace_97,2,3294.3060573805415,0.9919163782766832,NA
Faith-Based Conservatives,multrace_97,NA,26.846944552887805,0.00808362172331678,NA
Faith-Based Conservatives,multrace_98,1,39.7356607055352,0.01196441738227743,NA
Faith-Based Conservatives,multrace_98,2,3281.4173412278947,0.9880355826177224,NA
Faith-Based Conservatives,newsint,1,1728.9062243404571,0.5205740968073336,"Some people seem to follow what's going on in government and public affairs most of the time, whether there's an election going on or not. Others aren't that interested. Would you say you follow what's going on in government and public affairs..."
Faith-Based Conservatives,newsint,2,750.9344267001131,0.22610654380058767,"Some people seem to follow what's going on in government and public affairs most of the time, whether there's an election going on or not. Others aren't that interested. Would you say you follow what's going on in government and public affairs..."
Faith-Based Conservatives,newsint,3,433.0865085122576,0.13040245609284917,"Some people seem to follow what's going on in government and public affairs most of the time, whether there's an election going on or not. Others aren't that interested. Would you say you follow what's going on in government and public affairs..."
Faith-Based Conservatives,newsint,4,408.22584238059653,0.12291690329922952,"Some people seem to follow what's going on in government and public affairs most of the time, whether there's an election going on or not. Others aren't that interested. Would you say you follow what's going on in government and public affairs..."
Faith-Based Conservatives,pew_bornagain,1,1504.957643309238,0.45314312301574855,"Would you describe yourself as a 'born-again' or evangelical Christian, or not?"
Faith-Based Conservatives,pew_bornagain,2,1816.1953586241812,0.5468568769842514,"Would you describe yourself as a 'born-again' or evangelical Christian, or not?"
Faith-Based Conservatives,pew_churatd,1,389.16691930177655,0.1171782567907054,"Aside from weddings and funerals, how often do you attend religious services?"
Faith-Based Conservatives,pew_churatd,2,702.2619020532403,0.21145123444912536,"Aside from weddings and funerals, how often do you attend religious services?"
Faith-Based Conservatives,pew_churatd,3,193.37445679917175,0.05822509733414815,"Aside from weddings and funerals, how often do you attend religious services?"
Faith-Based Conservatives,pew_churatd,4,444.6927965336235,0.13389711232055374,"Aside from weddings and funerals, how often do you attend religious services?"
Faith-Based Conservatives,pew_churatd,5,615.7822978994333,0.1854122039969111,"Aside from weddings and funerals, how often do you attend religious services?"
Faith-Based Conservatives,pew_churatd,6,871.3536227559624,0.26236479386788286,"Aside from weddings and funerals, how often do you attend religious services?"
Faith-Based Conservatives,pew_churatd,7,104.52100659021322,0.03147130124067332,"Aside from weddings and funerals, how often do you attend religious services?"
Faith-Based Conservatives,pew_religimp,1,1736.903261651296,0.5229820067428846,How important is religion in your life?
Faith-Based Conservatives,pew_religimp,2,729.7461477251117,0.21972674769885256,How important is religion in your life?
Faith-Based Conservatives,pew_religimp,3,409.9705253680013,0.12344222778334377,How important is religion in your life?
Faith-Based Conservatives,pew_religimp,4,444.5330671890122,0.133849017774919,How important is religion in your life?
Faith-Based Conservatives,pid3,1,204.2938150917033,0.06151291884859652,NA
Faith-Based Conservatives,pid3,2,1461.3357315532835,0.440008554469656,NA
Faith-Based Conservatives,pid3,3,1110.577014788457,0.334395017074471,NA
Faith-Based Conservatives,pid3,4,243.88172203924825,0.07343284753736778,NA
Faith-Based Conservatives,pid3,5,301.06471846072924,0.09065066206990864,NA
Faith-Based Conservatives,pid7,1,99.02015202822422,0.02981499255547073,NA
Faith-Based Conservatives,pid7,2,105.27366306347898,0.03169792629312578,NA
Faith-Based Conservatives,pid7,3,77.80992556806343,0.02342858806046157,NA
Faith-Based Conservatives,pid7,4,679.7656486888334,0.20467760693141976,NA
Faith-Based Conservatives,pid7,5,733.4446543610018,0.22084036897246964,NA
Faith-Based Conservatives,pid7,6,371.23875036531985,0.11178008063741778,NA
Faith-Based Conservatives,pid7,7,1090.0969811879636,0.32822847383223835,NA
Faith-Based Conservatives,pid7,8,164.50322667053507,0.04953196271739633,NA
Faith-Based Conservatives,race,1,2391.742567180538,0.7201542855111382,NA
Faith-Based Conservatives,race,2,318.3516721363227,0.09585576814768627,NA
Faith-Based Conservatives,race,3,316.11338282978613,0.09518181867735669,NA
Faith-Based Conservatives,race,4,59.4997196456862,0.01791538047510853,NA
Faith-Based Conservatives,race,5,40.56274733838219,0.01221345337440593,NA
Faith-Based Conservatives,race,6,88.47635912690843,0.02664025387430253,NA
Faith-Based Conservatives,race,7,93.936736482327575,0.02828437486247753,NA
Faith-Based Conservatives,race,8,12.469817193474803,0.00375466507752441,NA
Faith-Based Conservatives,region,1,344.96878086083893,0.10387018624556414,NA
Faith-Based Conservatives,region,2,588.3288506123922,0.1771459641485636,NA
Faith-Based Conservatives,region,3,1860.0175355294257,0.5600517454169108,NA
Faith-Based Conservatives,region,4,527.8378349307645,0.15893210418896142,NA
Faith-Based Conservatives,votereg,1,2308.133124294422,0.6949794613348835,NA
Faith-Based Conservatives,votereg,2,880.888567287237,0.2652357680523673,NA
Faith-Based Conservatives,votereg,3,132.13131035176468,0.03978477061274921,NA
MAGA Right,CC24_321a,1,1143.17477482289,0.27784641947599686,"On the issue of gun regulation, do you support or oppose a proposal that would do the following? Ban assault rifles."
MAGA Right,CC24_321a,2,2971.237701605113,0.7221535805240031,"On the issue of gun regulation, do you support or oppose a proposal that would do the following? Ban assault rifles."
MAGA Right,CC24_321b,1,2869.610667627949,0.6974533263420513,"On the issue of gun regulation, do you support or oppose a proposal that would do the following? Make it easier for people to obtain concealed-carry permit."
MAGA Right,CC24_321b,2,1244.8018088000567,0.3025466736579488,"On the issue of gun regulation, do you support or oppose a proposal that would do the following? Make it easier for people to obtain concealed-carry permit."
MAGA Right,CC24_321c,1,3265.607917327687,0.7936996924923729,"On the issue of gun regulation, do you support or oppose a proposal that would do the following? Require criminal background checks on all gun sales."
MAGA Right,CC24_321c,2,848.8045591003142,0.2063003075076271,"On the issue of gun regulation, do you support or oppose a proposal that would do the following? Require criminal background checks on all gun sales."
MAGA Right,CC24_323a,1,1119.3174144496445,0.2720479341491298,"What do you think the U.S. government should do about immigration? Grant legal status to all illegal immigrants who have held jobs and paid taxes for at least 3 years, and not been convicted of any felony crimes."
MAGA Right,CC24_323a,2,2995.095061978362,0.7279520658508702,"What do you think the U.S. government should do about immigration? Grant legal status to all illegal immigrants who have held jobs and paid taxes for at least 3 years, and not been convicted of any felony crimes."
MAGA Right,CC24_323b,1,3612.9029756053505,0.8781090851498546,What do you think the U.S. government should do about immigration? Increase the number of border patrols on the US-Mexican border.
MAGA Right,CC24_323b,2,501.5095008226628,0.1218909148501454,What do you think the U.S. government should do about immigration? Increase the number of border patrols on the US-Mexican border.
MAGA Right,CC24_323c,1,3385.0424918794824,0.8227280349923157,What do you think the U.S. government should do about immigration? Build a wall between the U.S. and Mexico.
MAGA Right,CC24_323c,2,729.3699845485256,0.17727196500768433,What do you think the U.S. government should do about immigration? Build a wall between the U.S. and Mexico.
MAGA Right,CC24_323d,1,1481.1458810653248,0.35998964361278746,What do you think the U.S. government should do about immigration? Provide permanent resident status to children of immigrants who were brought to the United States by their parents (also known as Dreamers).
MAGA Right,CC24_323d,2,2633.2665953626833,0.6400103563872126,What do you think the U.S. government should do about immigration? Provide permanent resident status to children of immigrants who were brought to the United States by their parents (also known as Dreamers).
MAGA Right,CC24_324a,1,1422.7722646056673,0.3458020489576358,"On the topic of abortion, do you support or oppose each of the following proposals? Always allow a woman the right to obtain an abortion as a matter of choice."
MAGA Right,CC24_324a,2,2691.640211822346,0.6541979510423642,"On the topic of abortion, do you support or oppose each of the following proposals? Always allow a woman the right to obtain an abortion as a matter of choice."
MAGA Right,CC24_324c,1,865.5996917418418,0.21038233203427528,"On the topic of abortion, do you support or oppose each of the following proposals? Make abortions illegal in all circumstances."
MAGA Right,CC24_324c,2,3248.8127846861653,0.7896176679657247,"On the topic of abortion, do you support or oppose each of the following proposals? Make abortions illegal in all circumstances."
MAGA Right,CC24_326a,1,1010.933181612592,0.245705355844694,Do you support or oppose each of the following proposals? Give the Environmental Protection Agency power to regulate carbon dioxide emissions.
MAGA Right,CC24_326a,2,3103.4792948154136,0.7542946441553059,Do you support or oppose each of the following proposals? Give the Environmental Protection Agency power to regulate carbon dioxide emissions.
MAGA Right,CC24_326b,1,1363.629960814215,0.33142762633222234,"Do you support or oppose each of the following proposals? Require that at least 20 percent of electricity be generated with renewable sources such as wind, solar, or hydroelectric power."
MAGA Right,CC24_326b,2,2750.782515613793,0.6685723736677778,"Do you support or oppose each of the following proposals? Require that at least 20 percent of electricity be generated with renewable sources such as wind, solar, or hydroelectric power."
MAGA Right,CC24_326c,1,1019.3003420760524,0.24773897802316963,Do you support or oppose each of the following proposals? Strengthen the Environmental Protection Agency enforcement of the Clean Air Act and Clean Water Act even if it costs U.S. jobs.
MAGA Right,CC24_326c,2,3095.1121343519526,0.7522610219768304,Do you support or oppose each of the following proposals? Strengthen the Environmental Protection Agency enforcement of the Clean Air Act and Clean Water Act even if it costs U.S. jobs.
MAGA Right,CC24_326d,1,3322.372666977102,0.8074962551789343,Do you support or oppose each of the following proposals? Increase fossil fuel production in the U.S.
MAGA Right,CC24_326d,2,792.0398094509064,0.19250374482106572,Do you support or oppose each of the following proposals? Increase fossil fuel production in the U.S.
MAGA Right,CC24_328c,1,2500.313905276578,0.607696462034663,Do you support or oppose each of the following proposals? Require able-bodied adults under 64 years of age who do not have dependents to have a job in order to receive Medicaid.
MAGA Right,CC24_328c,2,1614.0985711514325,0.392303537965337,Do you support or oppose each of the following proposals? Require able-bodied adults under 64 years of age who do not have dependents to have a job in order to receive Medicaid.
MAGA Right,CC24_328d,1,2995.924226439064,0.7281535926704229,Do you support or oppose each of the following proposals? Repeal the Affordable Care Act.
MAGA Right,CC24_328d,2,1118.488249988941,0.271846407329577,Do you support or oppose each of the following proposals? Repeal the Affordable Care Act.
MAGA Right,CC24_328e,1,2418.7409920977807,0.5878703231518603,"Do you support or oppose each of the following proposals? Expand Medicaid to cover individuals making less than $25,000 and families making less than $40,000 a year."
MAGA Right,CC24_328e,2,1695.6714843302311,0.41212967684813984,"Do you support or oppose each of the following proposals? Expand Medicaid to cover individuals making less than $25,000 and families making less than $40,000 a year."
MAGA Right,CC24_330a,1,50.62888488931198,0.01230525261610773,How would you rate each of the following individuals and groups? Yourself.
MAGA Right,CC24_330a,2,71.83386752911613,0.01745908266141559,How would you rate each of the following individuals and groups? Yourself.
MAGA Right,CC24_330a,3,51.97417468876509,0.01263222270166926,How would you rate each of the following individuals and groups? Yourself.
MAGA Right,CC24_330a,4,904.901759172577,0.2199346235597124,How would you rate each of the following individuals and groups? Yourself.
MAGA Right,CC24_330a,5,468.0013259651069,0.11374681771610078,How would you rate each of the following individuals and groups? Yourself.
MAGA Right,CC24_330a,6,975.1918729376946,0.23701849985257772,How would you rate each of the following individuals and groups? Yourself.
MAGA Right,CC24_330a,7,1052.187125208202,0.2557320470993895,How would you rate each of the following individuals and groups? Yourself.
MAGA Right,CC24_330a,8,539.6934660372298,0.13117145379302703,How would you rate each of the following individuals and groups? Yourself.
MAGA Right,CC24_340c,1,1617.125796011686,0.3930392991165578,Do you support or oppose each of the following bills before Congress? Require that all federal agencies recognize same-sex marriages and interracial marriages.
MAGA Right,CC24_340c,2,2497.286680416324,0.6069607008834421,Do you support or oppose each of the following bills before Congress? Require that all federal agencies recognize same-sex marriages and interracial marriages.
MAGA Right,CC24_340f,1,3473.067464606789,0.8441223344777488,Do you support or oppose each of the following bills before Congress? Deny access to asylum for immigrants who cross the US-Mexico border illegally.
MAGA Right,CC24_340f,2,641.3450118212235,0.15587766552225132,Do you support or oppose each of the following bills before Congress? Deny access to asylum for immigrants who cross the US-Mexico border illegally.
MAGA Right,CC24_341b,1,1214.1143824043002,0.2950881539855607,Do you support or oppose each of the following proposals? Raise the corporate income tax rate from 21 percent to 28 percent.
MAGA Right,CC24_341b,2,2900.2980940237076,0.7049118460144392,Do you support or oppose each of the following proposals? Raise the corporate income tax rate from 21 percent to 28 percent.
MAGA Right,CC24_341c,1,1585.185097313192,0.3852761740333326,"Do you support or oppose each of the following proposals? Allow tax rates on those earning $400,000 or more a year to rise to 35 percent."
MAGA Right,CC24_341c,2,2529.227379114817,0.6147238259666675,"Do you support or oppose each of the following proposals? Allow tax rates on those earning $400,000 or more a year to rise to 35 percent."
MAGA Right,CC24_420_5,1,1976.1490212375231,0.4802992000824249,Would you approve of the use of U.S. military troops in order to protect American allies under attack by foreign nations?
MAGA Right,CC24_420_5,2,2138.263455190489,0.519700799917575,Would you approve of the use of U.S. military troops in order to protect American allies under attack by foreign nations?
MAGA Right,CC24_420_6,1,630.660346247662,0.15328077820607325,Would you approve of the use of U.S. military troops in order to help the United Nations uphold international law?
MAGA Right,CC24_420_6,2,3483.7521301803454,0.8467192217939267,Would you approve of the use of U.S. military troops in order to help the United Nations uphold international law?
MAGA Right,CC24_421_1,1,210.41097823315883,0.05113998157419322,Do you agree or disagree with the following statements? Elections in the U.S. are fair.
MAGA Right,CC24_421_1,2,811.2136131608564,0.19716390075336468,Do you agree or disagree with the following statements? Elections in the U.S. are fair.
MAGA Right,CC24_421_1,3,1184.8140546614077,0.28796676595974735,Do you agree or disagree with the following statements? Elections in the U.S. are fair.
MAGA Right,CC24_421_1,4,971.2426601506166,0.23605865131777384,Do you agree or disagree with the following statements? Elections in the U.S. are fair.
MAGA Right,CC24_421_1,5,936.7311702219648,0.22767070039492096,Do you agree or disagree with the following statements? Elections in the U.S. are fair.
MAGA Right,CC24_423,2,27.726603990314963,0.00673889750946562,How much trust do you have in the federal government in Washington when it comes to handling the nation's problems?
MAGA Right,CC24_423,3,1033.6559402924838,0.2512280784229659,How much trust do you have in the federal government in Washington when it comes to handling the nation's problems?
MAGA Right,CC24_423,8,3053.0299321452044,0.7420330240675684,How much trust do you have in the federal government in Washington when it comes to handling the nation's problems?
MAGA Right,CC24_424,8,4114.412476428013,1,How much trust do you have in the government of the state where you live when it comes to handling the state's problems?
MAGA Right,CC24_440a,1,387.25106668270513,0.09412062327277974,Do you agree or disagree with the following statements? White people in the U.S. have certain advantages because of the color of their skin.
MAGA Right,CC24_440a,2,280.9404801492644,0.06828204069446324,Do you agree or disagree with the following statements? White people in the U.S. have certain advantages because of the color of their skin.
MAGA Right,CC24_440a,3,830.6235368966591,0.20188144520157064,Do you agree or disagree with the following statements? White people in the U.S. have certain advantages because of the color of their skin.
MAGA Right,CC24_440a,4,619.9202415008117,0.15067041650598084,Do you agree or disagree with the following statements? White people in the U.S. have certain advantages because of the color of their skin.
MAGA Right,CC24_440a,5,1995.677151198566,0.4850454743252056,Do you agree or disagree with the following statements? White people in the U.S. have certain advantages because of the color of their skin.
MAGA Right,CC24_440b,1,951.0380753807912,0.23114796604118096,"Do you agree or disagree with the following statements? Racial problems in the U.S. are rare, isolated situations."
MAGA Right,CC24_440b,2,1101.759538523395,0.2677805263413711,"Do you agree or disagree with the following statements? Racial problems in the U.S. are rare, isolated situations."
MAGA Right,CC24_440b,3,858.6345408763982,0.20868946557877355,"Do you agree or disagree with the following statements? Racial problems in the U.S. are rare, isolated situations."
MAGA Right,CC24_440b,4,560.3437383786742,0.13619046257247064,"Do you agree or disagree with the following statements? Racial problems in the U.S. are rare, isolated situations."
MAGA Right,CC24_440b,5,642.6365832687445,0.1561915794662037,"Do you agree or disagree with the following statements? Racial problems in the U.S. are rare, isolated situations."
MAGA Right,CC24_440c,1,757.9582411179375,0.18422028551108513,Do you agree or disagree with the following statements? Women seek to gain power by getting control over men.
MAGA Right,CC24_440c,2,952.905822856469,0.23160191845513511,Do you agree or disagree with the following statements? Women seek to gain power by getting control over men.
MAGA Right,CC24_440c,3,1361.168441065379,0.33082935871492897,Do you agree or disagree with the following statements? Women seek to gain power by getting control over men.
MAGA Right,CC24_440c,4,403.1766002859073,0.09799129343393688,Do you agree or disagree with the following statements? Women seek to gain power by getting control over men.
MAGA Right,CC24_440c,5,639.2033711023101,0.1553571438849139,Do you agree or disagree with the following statements? Women seek to gain power by getting control over men.
MAGA Right,CC24_440d,1,1306.0347910401445,0.31742923163941017,Do you agree or disagree with the following statements? Women are too easily offended.
MAGA Right,CC24_440d,2,1204.5424355618331,0.2927617108062963,Do you agree or disagree with the following statements? Women are too easily offended.
MAGA Right,CC24_440d,3,1003.1761205664312,0.24382001715038423,Do you agree or disagree with the following statements? Women are too easily offended.
MAGA Right,CC24_440d,4,254.502802216011,0.06185641417191156,Do you agree or disagree with the following statements? Women are too easily offended.
MAGA Right,CC24_440d,5,346.1563270435855,0.08413262623199773,Do you agree or disagree with the following statements? Women are too easily offended.
MAGA Right,CC24_441a,1,2163.7427633274597,0.5258934965134919,"How much do you agree or disagree with the following statements? Irish, Italians, Jewish and many other minorities overcame prejudice and worked their way up. Blacks should do the same without any special favors."
MAGA Right,CC24_441a,2,762.9418276953986,0.1854315365963888,"How much do you agree or disagree with the following statements? Irish, Italians, Jewish and many other minorities overcame prejudice and worked their way up. Blacks should do the same without any special favors."
MAGA Right,CC24_441a,3,938.9766478949904,0.22821645940325797,"How much do you agree or disagree with the following statements? Irish, Italians, Jewish and many other minorities overcame prejudice and worked their way up. Blacks should do the same without any special favors."
MAGA Right,CC24_441a,4,81.45276572507392,0.01979693727639783,"How much do you agree or disagree with the following statements? Irish, Italians, Jewish and many other minorities overcame prejudice and worked their way up. Blacks should do the same without any special favors."
MAGA Right,CC24_441a,5,167.29847178508433,0.04066157021046348,"How much do you agree or disagree with the following statements? Irish, Italians, Jewish and many other minorities overcame prejudice and worked their way up. Blacks should do the same without any special favors."
MAGA Right,CC24_441b,1,243.36637237336376,0.05914972642330844,How much do you agree or disagree with the following statements? Generations of slavery and discrimination have created conditions that make it difficult for Blacks to work their way out of the lower class.
MAGA Right,CC24_441b,2,390.6696286362654,0.0949514981481466,How much do you agree or disagree with the following statements? Generations of slavery and discrimination have created conditions that make it difficult for Blacks to work their way out of the lower class.
MAGA Right,CC24_441b,3,749.4651510257877,0.18215605637975496,How much do you agree or disagree with the following statements? Generations of slavery and discrimination have created conditions that make it difficult for Blacks to work their way out of the lower class.
MAGA Right,CC24_441b,4,654.9400334952537,0.15918190926347034,How much do you agree or disagree with the following statements? Generations of slavery and discrimination have created conditions that make it difficult for Blacks to work their way out of the lower class.
MAGA Right,CC24_441b,5,2075.9712908973383,0.5045608097853195,How much do you agree or disagree with the following statements? Generations of slavery and discrimination have created conditions that make it difficult for Blacks to work their way out of the lower class.
MAGA Right,CC24_443_1,1,315.3189909834176,0.07663767130542216,State legislatures must make choices when making spending decisions on important state programs. How would you like your legislature to spend money on each of the five areas below? Welfare.
MAGA Right,CC24_443_1,2,276.23080317729307,0.06713736280935724,State legislatures must make choices when making spending decisions on important state programs. How would you like your legislature to spend money on each of the five areas below? Welfare.
MAGA Right,CC24_443_1,3,1227.7043824408286,0.29839117722749076,State legislatures must make choices when making spending decisions on important state programs. How would you like your legislature to spend money on each of the five areas below? Welfare.
MAGA Right,CC24_443_1,4,702.9727709079108,0.1708561732532485,State legislatures must make choices when making spending decisions on important state programs. How would you like your legislature to spend money on each of the five areas below? Welfare.
MAGA Right,CC24_443_1,5,1592.1855289185569,0.38697761540448133,State legislatures must make choices when making spending decisions on important state programs. How would you like your legislature to spend money on each of the five areas below? Welfare.
MAGA Right,CC24_444a,1,3191.932258326468,0.7757929659735033,"Some states are considering the following policies. If this came up in your state, would you support or oppose the proposal? Preventing gender transition surgery for minors experiencing gender dysphoria."
MAGA Right,CC24_444a,2,922.480218101536,0.2242070340264967,"Some states are considering the following policies. If this came up in your state, would you support or oppose the proposal? Preventing gender transition surgery for minors experiencing gender dysphoria."
MAGA Right,CC24_444b,1,3395.2862541020036,0.8252177616012076,"Some states are considering the following policies. If this came up in your state, would you support or oppose the proposal? Requiring parental consent before teachers could address their child using a name or pronoun other than the name or gender under which they are enrolled in school."
MAGA Right,CC24_444b,2,719.1262223260057,0.17478223839879228,"Some states are considering the following policies. If this came up in your state, would you support or oppose the proposal? Requiring parental consent before teachers could address their child using a name or pronoun other than the name or gender under which they are enrolled in school."
MAGA Right,CC24_445a,1,3417.367392998568,0.8305845397312732,Do you agree or disagree with each of the following decisions of the Supreme Court of the United States? The use of race in university admissions violates Equal Protection under the Constitution and is illegal.
MAGA Right,CC24_445a,2,697.0450834294429,0.16941546026872664,Do you agree or disagree with each of the following decisions of the Supreme Court of the United States? The use of race in university admissions violates Equal Protection under the Constitution and is illegal.
MAGA Right,comptype,1,2338.378011331675,0.5683382560033882,NA
MAGA Right,comptype,2,292.7572182436053,0.0711540760487308,NA
MAGA Right,comptype,3,1483.2772468527276,0.36050766794788114,NA
MAGA Right,educ,1,344.20728999744415,0.08365891654506007,NA
MAGA Right,educ,2,1189.1311018093938,0.2890160159250145,NA
MAGA Right,educ,3,945.134081673998,0.22971301178206913,NA
MAGA Right,educ,4,403.13290086111425,0.09798067237320382,NA
MAGA Right,educ,5,841.6257470810074,0.204555511121646,NA
MAGA Right,educ,6,391.18135500504496,0.09507587225300652,NA
MAGA Right,gender4,1,2127.2662438768157,0.5170279489633556,NA
MAGA Right,gender4,2,1977.8003934835183,0.4807005629150179,NA
MAGA Right,gender4,3,4.0874728113228675,9.93452366465568e-4,NA
MAGA Right,gender4,4,5.258366256354373,0.00127803575516072,NA
MAGA Right,hispanic,1,511.718151576908,0.12437210768453706,NA
MAGA Right,hispanic,2,3602.694324851108,0.8756278923154629,NA
MAGA Right,inputstate,1,31.845925965703145,0.00774009075369874,NA
MAGA Right,inputstate,2,2.691334531074764,6.541236559274901e-4,NA
MAGA Right,inputstate,4,105.67716278138884,0.02568463015967087,NA
MAGA Right,inputstate,5,23.046913695214737,0.00560150782821446,NA
MAGA Right,inputstate,6,731.3629370614589,0.17775634826394554,NA
MAGA Right,inputstate,8,130.4515556646353,0.03170599846563974,NA
MAGA Right,inputstate,9,34.999051837868095,0.00850645190252123,NA
MAGA Right,inputstate,10,16.665907526410507,0.00405061661218743,NA
MAGA Right,inputstate,11,1.588583519510291,3.861021539798183e-4,NA
MAGA Right,inputstate,12,151.03632388280462,0.03670908659452864,NA
MAGA Right,inputstate,13,95.2767312856216,0.02315682538672877,NA
MAGA Right,inputstate,15,15.214910040099198,0.00369795447764835,NA
MAGA Right,inputstate,16,15.325564492480504,0.0037248488284251,NA
MAGA Right,inputstate,17,235.10031409944185,0.05714067693658855,NA
MAGA Right,inputstate,18,25.91804251288937,0.00629933013799106,NA
MAGA Right,inputstate,19,20.31711022341769,0.00493803437059774,NA
MAGA Right,inputstate,20,16.4688652485917,0.00400272586740973,NA
MAGA Right,inputstate,21,45.894594434847214,0.011154592471655,NA
MAGA Right,inputstate,22,39.48946508897637,0.00959783816406754,NA
MAGA Right,inputstate,23,19.365815626789136,0.0047068240575631,NA
MAGA Right,inputstate,24,60.47282488131857,0.01469780320465561,NA
MAGA Right,inputstate,25,103.1321432243752,0.02506606807538924,NA
MAGA Right,inputstate,26,170.41021477430027,0.04141787332957068,NA
MAGA Right,inputstate,27,113.02251659516828,0.02746990420690408,NA
MAGA Right,inputstate,28,25.080076426405903,0.0060956641003042,NA
MAGA Right,inputstate,29,45.539150221857305,0.0110682024426955,NA
MAGA Right,inputstate,30,1.3556390143113428,3.2948544222971625e-4,NA
MAGA Right,inputstate,31,18.82254168347717,0.00457478237568885,NA
MAGA Right,inputstate,32,39.30606318857862,0.00955326268665771,NA
MAGA Right,inputstate,33,4.27357905922581,0.00103868513030953,NA
MAGA Right,inputstate,34,141.51581879615262,0.03439514623458753,NA
MAGA Right,inputstate,35,57.21419466919173,0.0139057994299257,NA
MAGA Right,inputstate,36,300.85676990411304,0.07312265642488691,NA
MAGA Right,inputstate,37,79.48703111880688,0.01931916927974486,NA
MAGA Right,inputstate,38,6.656343606746459,0.00161781144814271,NA
MAGA Right,inputstate,39,130.57964934011875,0.03173713138588469,NA
MAGA Right,inputstate,40,35.755539539572574,0.00869031477627015,NA
MAGA Right,inputstate,41,152.12587294367634,0.03697389938787736,NA
MAGA Right,inputstate,42,192.0893889252376,0.04668695470513525,NA
MAGA Right,inputstate,44,7.052804746319949,0.00171417056183024,NA
MAGA Right,inputstate,45,53.05573697395538,0.01289509432462556,NA
MAGA Right,inputstate,46,2.0954586076765382,5.092971644631376e-4,NA
MAGA Right,inputstate,47,85.3719410167049,0.02074948525599017,NA
MAGA Right,inputstate,48,164.6778298067977,0.04002462824285559,NA
MAGA Right,inputstate,49,20.065935192949652,0.00487698676491721,NA
MAGA Right,inputstate,50,3.6761680185742303,8.934855315638546e-4,NA
MAGA Right,inputstate,51,60.73799059172858,0.01476225121805465,NA
MAGA Right,inputstate,53,170.16995803806725,0.04135947939420092,NA
MAGA Right,inputstate,54,26.269958740857888,0.00638486269701004,NA
MAGA Right,inputstate,55,85.42958639632516,0.02076349585408906,NA
MAGA Right,inputstate,56,0.37664086618949,9.154183455045252e-5,NA
MAGA Right,multrace_1,1,1440.6100281696342,0.3501374829147716,NA
MAGA Right,multrace_1,2,2673.802448258373,0.6498625170852285,NA
MAGA Right,multrace_2,1,129.14783351421377,0.03138913131683271,NA
MAGA Right,multrace_2,2,3985.264642913799,0.9686108686831671,NA
MAGA Right,multrace_3,1,223.6805509965047,0.05436512558670254,NA
MAGA Right,multrace_3,2,3890.731925431508,0.9456348744132972,NA
MAGA Right,multrace_4,1,105.90261102827996,0.02573942492032807,NA
MAGA Right,multrace_4,2,4008.509865399734,0.974260575079672,NA
MAGA Right,multrace_5,1,137.48989011797195,0.0334166520507287,NA
MAGA Right,multrace_5,2,3976.922586310042,0.9665833479492713,NA
MAGA Right,multrace_8,1,22.439508030519473,0.0054538790554127,NA
MAGA Right,multrace_8,2,4091.9729683974942,0.9945461209445872,NA
MAGA Right,multrace_97,2,4067.154851940037,0.9885141257084158,NA
MAGA Right,multrace_97,NA,47.257624487977935,0.01148587429158422,NA
MAGA Right,multrace_98,1,89.42667978262567,0.02173498167598955,NA
MAGA Right,multrace_98,2,4024.9857966453887,0.9782650183240106,NA
MAGA Right,newsint,1,2194.529018904367,0.5333760364273398,"Some people seem to follow what's going on in government and public affairs most of the time, whether there's an election going on or not. Others aren't that interested. Would you say you follow what's going on in government and public affairs..."
MAGA Right,newsint,2,838.2771235806384,0.20374163465214884,"Some people seem to follow what's going on in government and public affairs most of the time, whether there's an election going on or not. Others aren't that interested. Would you say you follow what's going on in government and public affairs..."
MAGA Right,newsint,3,519.5145846647272,0.12626701567747328,"Some people seem to follow what's going on in government and public affairs most of the time, whether there's an election going on or not. Others aren't that interested. Would you say you follow what's going on in government and public affairs..."
MAGA Right,newsint,4,562.0917492782764,0.13661531324303805,"Some people seem to follow what's going on in government and public affairs most of the time, whether there's an election going on or not. Others aren't that interested. Would you say you follow what's going on in government and public affairs..."
MAGA Right,pew_bornagain,1,1534.461016663788,0.37294778427173025,"Would you describe yourself as a 'born-again' or evangelical Christian, or not?"
MAGA Right,pew_bornagain,2,2579.9514597642196,0.6270522157282697,"Would you describe yourself as a 'born-again' or evangelical Christian, or not?"
MAGA Right,pew_churatd,1,382.9893960271966,0.09308483245697705,"Aside from weddings and funerals, how often do you attend religious services?"
MAGA Right,pew_churatd,2,769.738411208157,0.18708343308263015,"Aside from weddings and funerals, how often do you attend religious services?"
MAGA Right,pew_churatd,3,247.6771819702641,0.06019746036384014,"Aside from weddings and funerals, how often do you attend religious services?"
MAGA Right,pew_churatd,4,443.99158121862865,0.10791129566185048,"Aside from weddings and funerals, how often do you attend religious services?"
MAGA Right,pew_churatd,5,818.5262369424422,0.19894121982953436,"Aside from weddings and funerals, how often do you attend religious services?"
MAGA Right,pew_churatd,6,1320.8438810448447,0.32102855234182975,"Aside from weddings and funerals, how often do you attend religious services?"
MAGA Right,pew_churatd,7,130.64578801647016,0.03175320626333811,"Aside from weddings and funerals, how often do you attend religious services?"
MAGA Right,pew_religimp,1,1940.32835098136,0.47159305541137353,How important is religion in your life?
MAGA Right,pew_religimp,2,915.2650082319255,0.22245339121334945,How important is religion in your life?
MAGA Right,pew_religimp,3,505.9913709521656,0.12298022472249792,How important is religion in your life?
MAGA Right,pew_religimp,4,752.8277462625567,0.18297332865277913,How important is religion in your life?
MAGA Right,pid3,1,296.6872331211698,0.07210925856873332,NA
MAGA Right,pid3,2,1721.583092959496,0.4184274432431515,NA
MAGA Right,pid3,3,1323.9036108124142,0.3217722137479471,NA
MAGA Right,pid3,4,354.357887349159,0.0861259996121731,NA
MAGA Right,pid3,5,417.88065218577145,0.1015650848279949,NA
MAGA Right,pid7,1,160.2757237257684,0.03895470486831558,NA
MAGA Right,pid7,2,136.41150939540174,0.03315455370041791,NA
MAGA Right,pid7,3,84.8624381017812,0.02062565155729255,NA
MAGA Right,pid7,4,1107.438066630624,0.2691606816222919,NA
MAGA Right,pid7,5,712.9049053848639,0.17327015934089912,NA
MAGA Right,pid7,6,384.76016093071553,0.09351521344421727,NA
MAGA Right,pid7,7,1336.822932028779,0.32491222979893436,NA
MAGA Right,pid7,8,190.93674023007188,0.04640680566763124,NA
MAGA Right,race,1,2953.2565377755686,0.7177832934094845,NA
MAGA Right,race,2,312.0440251064612,0.07584169717892922,NA
MAGA Right,race,3,334.4231055079321,0.08128088941589708,NA
MAGA Right,race,4,141.68055347454447,0.03443518467976907,NA
MAGA Right,race,5,68.20475281671175,0.01657703334497098,NA
MAGA Right,race,6,183.76490639595448,0.04466370531607295,NA
MAGA Right,race,7,118.34532534186113,0.02876360258478617,NA
MAGA Right,race,8,2.6932700089733275,6.545940700898157e-4,NA
MAGA Right,region,1,806.9615401386552,0.19613044262378668,NA
MAGA Right,region,2,870.3597933100106,0.2115392655200257,NA
MAGA Right,region,3,995.7533744952362,0.24201593306457095,NA
MAGA Right,region,4,1441.3377684841046,0.3503143587916166,NA
MAGA Right,votereg,1,2905.1282790673417,0.7060858131534433,NA
MAGA Right,votereg,2,994.2899559016644,0.24166025200391988,NA
MAGA Right,votereg,3,214.9942414590008,0.05225393484263675,NA
Moderate Left,CC24_321a,1,6283.374896846172,0.8139899704912408,"On the issue of gun regulation, do you support or oppose a proposal that would do the following? Ban assault rifles."
Moderate Left,CC24_321a,2,1435.8539937188698,0.18601002950875917,"On the issue of gun regulation, do you support or oppose a proposal that would do the following? Ban assault rifles."
Moderate Left,CC24_321b,1,1371.239392522587,0.1776394264197306,"On the issue of gun regulation, do you support or oppose a proposal that would do the following? Make it easier for people to obtain concealed-carry permit."
Moderate Left,CC24_321b,2,6347.989498042452,0.8223605735802694,"On the issue of gun regulation, do you support or oppose a proposal that would do the following? Make it easier for people to obtain concealed-carry permit."
Moderate Left,CC24_321c,1,7510.087434432673,0.9729064315753088,"On the issue of gun regulation, do you support or oppose a proposal that would do the following? Require criminal background checks on all gun sales."
Moderate Left,CC24_321c,2,209.14145613237653,0.0270935684246911,"On the issue of gun regulation, do you support or oppose a proposal that would do the following? Require criminal background checks on all gun sales."
Moderate Left,CC24_323a,1,6124.343650052916,0.7933880102374591,"What do you think the U.S. government should do about immigration? Grant legal status to all illegal immigrants who have held jobs and paid taxes for at least 3 years, and not been convicted of any felony crimes."
Moderate Left,CC24_323a,2,1594.885240512137,0.20661198976254097,"What do you think the U.S. government should do about immigration? Grant legal status to all illegal immigrants who have held jobs and paid taxes for at least 3 years, and not been convicted of any felony crimes."
Moderate Left,CC24_323b,1,5525.093843468827,0.7157572241732548,What do you think the U.S. government should do about immigration? Increase the number of border patrols on the US-Mexican border.
Moderate Left,CC24_323b,2,2194.1350470962143,0.28424277582674523,What do you think the U.S. government should do about immigration? Increase the number of border patrols on the US-Mexican border.
Moderate Left,CC24_323c,1,1279.831115520096,0.16579779323351698,What do you think the U.S. government should do about immigration? Build a wall between the U.S. and Mexico.
Moderate Left,CC24_323c,2,6439.397775044961,0.8342022067664829,What do you think the U.S. government should do about immigration? Build a wall between the U.S. and Mexico.
Moderate Left,CC24_323d,1,7115.597688803968,0.9218016190064148,What do you think the U.S. government should do about immigration? Provide permanent resident status to children of immigrants who were brought to the United States by their parents (also known as Dreamers).
Moderate Left,CC24_323d,2,603.6312017610977,0.0781983809935853,What do you think the U.S. government should do about immigration? Provide permanent resident status to children of immigrants who were brought to the United States by their parents (also known as Dreamers).
Moderate Left,CC24_324a,1,6828.391079399674,0.884594973954689,"On the topic of abortion, do you support or oppose each of the following proposals? Always allow a woman the right to obtain an abortion as a matter of choice."
Moderate Left,CC24_324a,2,890.8378111653766,0.11540502604531098,"On the topic of abortion, do you support or oppose each of the following proposals? Always allow a woman the right to obtain an abortion as a matter of choice."
Moderate Left,CC24_324c,1,327.40229404453106,0.04241386007412002,"On the topic of abortion, do you support or oppose each of the following proposals? Make abortions illegal in all circumstances."
Moderate Left,CC24_324c,2,7391.826596520526,0.95758613992588,"On the topic of abortion, do you support or oppose each of the following proposals? Make abortions illegal in all circumstances."
Moderate Left,CC24_326a,1,6805.211545226098,0.881592143684698,Do you support or oppose each of the following proposals? Give the Environmental Protection Agency power to regulate carbon dioxide emissions.
Moderate Left,CC24_326a,2,914.0173453389548,0.11840785631530198,Do you support or oppose each of the following proposals? Give the Environmental Protection Agency power to regulate carbon dioxide emissions.
Moderate Left,CC24_326b,1,7015.522087268928,0.9088371632357938,"Do you support or oppose each of the following proposals? Require that at least 20 percent of electricity be generated with renewable sources such as wind, solar, or hydroelectric power."
Moderate Left,CC24_326b,2,703.706803296127,0.09116283676420624,"Do you support or oppose each of the following proposals? Require that at least 20 percent of electricity be generated with renewable sources such as wind, solar, or hydroelectric power."
Moderate Left,CC24_326c,1,6262.972764414509,0.8113469432250586,Do you support or oppose each of the following proposals? Strengthen the Environmental Protection Agency enforcement of the Clean Air Act and Clean Water Act even if it costs U.S. jobs.
Moderate Left,CC24_326c,2,1456.256126150535,0.18865305677494135,Do you support or oppose each of the following proposals? Strengthen the Environmental Protection Agency enforcement of the Clean Air Act and Clean Water Act even if it costs U.S. jobs.
Moderate Left,CC24_326d,1,2408.8639824322727,0.31206018328806734,Do you support or oppose each of the following proposals? Increase fossil fuel production in the U.S.
Moderate Left,CC24_326d,2,5310.364908132773,0.6879398167119327,Do you support or oppose each of the following proposals? Increase fossil fuel production in the U.S.
Moderate Left,CC24_328c,1,3208.97572693047,0.4157119541891929,Do you support or oppose each of the following proposals? Require able-bodied adults under 64 years of age who do not have dependents to have a job in order to receive Medicaid.
Moderate Left,CC24_328c,2,4510.253163634575,0.5842880458108072,Do you support or oppose each of the following proposals? Require able-bodied adults under 64 years of age who do not have dependents to have a job in order to receive Medicaid.
Moderate Left,CC24_328d,1,875.8181478874294,0.11345927945703382,Do you support or oppose each of the following proposals? Repeal the Affordable Care Act.
Moderate Left,CC24_328d,2,6843.410742677623,0.8865407205429662,Do you support or oppose each of the following proposals? Repeal the Affordable Care Act.
Moderate Left,CC24_328e,1,7189.688489213413,0.931399831659497,"Do you support or oppose each of the following proposals? Expand Medicaid to cover individuals making less than $25,000 and families making less than $40,000 a year."
Moderate Left,CC24_328e,2,529.5404013516364,0.06860016834050298,"Do you support or oppose each of the following proposals? Expand Medicaid to cover individuals making less than $25,000 and families making less than $40,000 a year."
Moderate Left,CC24_330a,1,668.8098949391227,0.08664206029135724,How would you rate each of the following individuals and groups? Yourself.
Moderate Left,CC24_330a,2,1721.6357780181722,0.2230320932862182,How would you rate each of the following individuals and groups? Yourself.
Moderate Left,CC24_330a,3,1863.965086287188,0.24147037388222176,How would you rate each of the following individuals and groups? Yourself.
Moderate Left,CC24_330a,4,2826.8294895608306,0.3662062013753695,How would you rate each of the following individuals and groups? Yourself.
Moderate Left,CC24_330a,5,286.9838757341483,0.03717779065793985,How would you rate each of the following individuals and groups? Yourself.
Moderate Left,CC24_330a,6,58.939270740369345,0.00763538321974218,How would you rate each of the following individuals and groups? Yourself.
Moderate Left,CC24_330a,7,30.39295073016073,0.00393730399254115,How would you rate each of the following individuals and groups? Yourself.
Moderate Left,CC24_330a,8,261.6725445550461,0.03389879329461003,How would you rate each of the following individuals and groups? Yourself.
Moderate Left,CC24_340c,1,6909.264963312696,0.8950719121384842,Do you support or oppose each of the following bills before Congress? Require that all federal agencies recognize same-sex marriages and interracial marriages.
Moderate Left,CC24_340c,2,809.9639272523613,0.10492808786151578,Do you support or oppose each of the following bills before Congress? Require that all federal agencies recognize same-sex marriages and interracial marriages.
Moderate Left,CC24_340f,1,3590.194556441324,0.465097564450965,Do you support or oppose each of the following bills before Congress? Deny access to asylum for immigrants who cross the US-Mexico border illegally.
Moderate Left,CC24_340f,2,4129.034334123715,0.534902435549035,Do you support or oppose each of the following bills before Congress? Deny access to asylum for immigrants who cross the US-Mexico border illegally.
Moderate Left,CC24_341b,1,6150.047709783335,0.7967178842565926,Do you support or oppose each of the following proposals? Raise the corporate income tax rate from 21 percent to 28 percent.
Moderate Left,CC24_341b,2,1569.181180781695,0.20328211574340743,Do you support or oppose each of the following proposals? Raise the corporate income tax rate from 21 percent to 28 percent.
Moderate Left,CC24_341c,1,6466.046990038612,0.8376545224539007,"Do you support or oppose each of the following proposals? Allow tax rates on those earning $400,000 or more a year to rise to 35 percent."
Moderate Left,CC24_341c,2,1253.1819005264276,0.1623454775460993,"Do you support or oppose each of the following proposals? Allow tax rates on those earning $400,000 or more a year to rise to 35 percent."
Moderate Left,CC24_420_5,1,5625.452939823138,0.7287584057390681,Would you approve of the use of U.S. military troops in order to protect American allies under attack by foreign nations?
Moderate Left,CC24_420_5,2,2093.775950741907,0.2712415942609318,Would you approve of the use of U.S. military troops in order to protect American allies under attack by foreign nations?
Moderate Left,CC24_420_6,1,4638.738504765644,0.6009328872778241,Would you approve of the use of U.S. military troops in order to help the United Nations uphold international law?
Moderate Left,CC24_420_6,2,3080.490385799396,0.39906711272217593,Would you approve of the use of U.S. military troops in order to help the United Nations uphold international law?
Moderate Left,CC24_421_1,1,2229.5313033440884,0.28882824113029887,Do you agree or disagree with the following statements? Elections in the U.S. are fair.
Moderate Left,CC24_421_1,2,2727.1645268431334,0.35329494247494814,Do you agree or disagree with the following statements? Elections in the U.S. are fair.
Moderate Left,CC24_421_1,3,1459.4343459487122,0.18906478440256264,Do you agree or disagree with the following statements? Elections in the U.S. are fair.
Moderate Left,CC24_421_1,4,908.171516175962,0.11765054891505942,Do you agree or disagree with the following statements? Elections in the U.S. are fair.
Moderate Left,CC24_421_1,5,394.9271982531439,0.05116148307713099,Do you agree or disagree with the following statements? Elections in the U.S. are fair.
Moderate Left,CC24_423,1,66.4420644582585,0.00860734477500317,How much trust do you have in the federal government in Washington when it comes to handling the nation's problems?
Moderate Left,CC24_423,2,2172.044089529428,0.2813809669751142,How much trust do you have in the federal government in Washington when it comes to handling the nation's problems?
Moderate Left,CC24_423,3,5479.4827509571105,0.7098484613734546,How much trust do you have in the federal government in Washington when it comes to handling the nation's problems?
Moderate Left,CC24_423,8,1.259985620240251,1.6322687642807048e-4,How much trust do you have in the federal government in Washington when it comes to handling the nation's problems?
Moderate Left,CC24_424,1,148.02854444953186,0.01917659737107452,How much trust do you have in the government of the state where you live when it comes to handling the state's problems?
Moderate Left,CC24_424,2,3185.107382537672,0.4126198908845322,How much trust do you have in the government of the state where you live when it comes to handling the state's problems?
Moderate Left,CC24_424,3,4386.092963577827,0.5682035117443932,How much trust do you have in the government of the state where you live when it comes to handling the state's problems?
Moderate Left,CC24_440a,1,2842.960409387466,0.36829590749178653,Do you agree or disagree with the following statements? White people in the U.S. have certain advantages because of the color of their skin.
Moderate Left,CC24_440a,2,3610.435524893744,0.4677197134686165,Do you agree or disagree with the following statements? White people in the U.S. have certain advantages because of the color of their skin.
Moderate Left,CC24_440a,3,922.1939470656996,0.11946710741961124,Do you agree or disagree with the following statements? White people in the U.S. have certain advantages because of the color of their skin.
Moderate Left,CC24_440a,4,228.09928815765429,0.0295494914571652,Do you agree or disagree with the following statements? White people in the U.S. have certain advantages because of the color of their skin.
Moderate Left,CC24_440a,5,115.53972106046947,0.0149677801628204,Do you agree or disagree with the following statements? White people in the U.S. have certain advantages because of the color of their skin.
Moderate Left,CC24_440b,1,93.86468564285958,0.01215985261916347,"Do you agree or disagree with the following statements? Racial problems in the U.S. are rare, isolated situations."
Moderate Left,CC24_440b,2,299.0262969553929,0.03873784560539242,"Do you agree or disagree with the following statements? Racial problems in the U.S. are rare, isolated situations."
Moderate Left,CC24_440b,3,934.9037240054956,0.12111361604372146,"Do you agree or disagree with the following statements? Racial problems in the U.S. are rare, isolated situations."
Moderate Left,CC24_440b,4,3625.8924567454774,0.46972210672199255,"Do you agree or disagree with the following statements? Racial problems in the U.S. are rare, isolated situations."
Moderate Left,CC24_440b,5,2765.5417272158097,0.35826657900973014,"Do you agree or disagree with the following statements? Racial problems in the U.S. are rare, isolated situations."
Moderate Left,CC24_440c,1,100.32914887403317,0.01299730197101192,Do you agree or disagree with the following statements? Women seek to gain power by getting control over men.
Moderate Left,CC24_440c,2,361.35787600992495,0.04681269089605582,Do you agree or disagree with the following statements? Women seek to gain power by getting control over men.
Moderate Left,CC24_440c,3,1698.7472475891634,0.22006696156729944,Do you agree or disagree with the following statements? Women seek to gain power by getting control over men.
Moderate Left,CC24_440c,4,2315.5423362885754,0.29997067959971857,Do you agree or disagree with the following statements? Women seek to gain power by getting control over men.
Moderate Left,CC24_440c,5,3243.2522818033385,0.42015236596591415,Do you agree or disagree with the following statements? Women seek to gain power by getting control over men.
Moderate Left,CC24_440d,1,130.12914200212762,0.01685779031130691,Do you agree or disagree with the following statements? Women are too easily offended.
Moderate Left,CC24_440d,2,715.0289817773936,0.0926295867002144,Do you agree or disagree with the following statements? Women are too easily offended.
Moderate Left,CC24_440d,3,1954.7469240365224,0.25323085398150935,Do you agree or disagree with the following statements? Women are too easily offended.
Moderate Left,CC24_440d,4,2500.275762331152,0.32390227026266305,Do you agree or disagree with the following statements? Women are too easily offended.
Moderate Left,CC24_440d,5,2419.048080417838,0.31337949874430626,Do you agree or disagree with the following statements? Women are too easily offended.
Moderate Left,CC24_441a,1,124.81036725061368,0.01616876102782305,"How much do you agree or disagree with the following statements? Irish, Italians, Jewish and many other minorities overcame prejudice and worked their way up. Blacks should do the same without any special favors."
Moderate Left,CC24_441a,2,793.4037002473223,0.10278276645185046,"How much do you agree or disagree with the following statements? Irish, Italians, Jewish and many other minorities overcame prejudice and worked their way up. Blacks should do the same without any special favors."
Moderate Left,CC24_441a,3,2377.3049909158653,0.3079718226546657,"How much do you agree or disagree with the following statements? Irish, Italians, Jewish and many other minorities overcame prejudice and worked their way up. Blacks should do the same without any special favors."
Moderate Left,CC24_441a,4,2759.248422884514,0.35745130271458286,"How much do you agree or disagree with the following statements? Irish, Italians, Jewish and many other minorities overcame prejudice and worked their way up. Blacks should do the same without any special favors."
Moderate Left,CC24_441a,5,1664.461409266715,0.21562534715107795,"How much do you agree or disagree with the following statements? Irish, Italians, Jewish and many other minorities overcame prejudice and worked their way up. Blacks should do the same without any special favors."
Moderate Left,CC24_441b,1,2362.7337718257645,0.306084170494498,How much do you agree or disagree with the following statements? Generations of slavery and discrimination have created conditions that make it difficult for Blacks to work their way out of the lower class.
Moderate Left,CC24_441b,2,3946.5180945475768,0.5112580738953441,How much do you agree or disagree with the following statements? Generations of slavery and discrimination have created conditions that make it difficult for Blacks to work their way out of the lower class.
Moderate Left,CC24_441b,3,1032.1324554631758,0.13370926942258665,How much do you agree or disagree with the following statements? Generations of slavery and discrimination have created conditions that make it difficult for Blacks to work their way out of the lower class.
Moderate Left,CC24_441b,4,280.79933999058045,0.03637660496552864,How much do you agree or disagree with the following statements? Generations of slavery and discrimination have created conditions that make it difficult for Blacks to work their way out of the lower class.
Moderate Left,CC24_441b,5,97.04522873794387,0.01257188122204266,How much do you agree or disagree with the following statements? Generations of slavery and discrimination have created conditions that make it difficult for Blacks to work their way out of the lower class.
Moderate Left,CC24_443_1,1,1171.9848249541683,0.15182667097573008,State legislatures must make choices when making spending decisions on important state programs. How would you like your legislature to spend money on each of the five areas below? Welfare.
Moderate Left,CC24_443_1,2,2194.0584935987094,0.2842328585800111,State legislatures must make choices when making spending decisions on important state programs. How would you like your legislature to spend money on each of the five areas below? Welfare.
Moderate Left,CC24_443_1,3,3764.416654852403,0.4876674481635757,State legislatures must make choices when making spending decisions on important state programs. How would you like your legislature to spend money on each of the five areas below? Welfare.
Moderate Left,CC24_443_1,4,492.77867406002434,0.063837810880609,State legislatures must make choices when making spending decisions on important state programs. How would you like your legislature to spend money on each of the five areas below? Welfare.
Moderate Left,CC24_443_1,5,95.99024309973645,0.01243521140007419,State legislatures must make choices when making spending decisions on important state programs. How would you like your legislature to spend money on each of the five areas below? Welfare.
Moderate Left,CC24_444a,1,3222.998204346188,0.41752851872102775,"Some states are considering the following policies. If this came up in your state, would you support or oppose the proposal? Preventing gender transition surgery for minors experiencing gender dysphoria."
Moderate Left,CC24_444a,2,4496.2306862188625,0.5824714812789722,"Some states are considering the following policies. If this came up in your state, would you support or oppose the proposal? Preventing gender transition surgery for minors experiencing gender dysphoria."
Moderate Left,CC24_444b,1,3050.908921382312,0.39523493403743215,"Some states are considering the following policies. If this came up in your state, would you support or oppose the proposal? Requiring parental consent before teachers could address their child using a name or pronoun other than the name or gender under which they are enrolled in school."
Moderate Left,CC24_444b,2,4668.319969182722,0.6047650659625677,"Some states are considering the following policies. If this came up in your state, would you support or oppose the proposal? Requiring parental consent before teachers could address their child using a name or pronoun other than the name or gender under which they are enrolled in school."
Moderate Left,CC24_445a,1,4081.5335596124855,0.5287488708362063,Do you agree or disagree with each of the following decisions of the Supreme Court of the United States? The use of race in university admissions violates Equal Protection under the Constitution and is illegal.
Moderate Left,CC24_445a,2,3637.695330952553,0.4712511291637936,Do you agree or disagree with each of the following decisions of the Supreme Court of the United States? The use of race in university admissions violates Equal Protection under the Constitution and is illegal.
Moderate Left,comptype,1,4575.783161011799,0.5927772353796417,NA
Moderate Left,comptype,2,515.0929948490839,0.06672855568237723,NA
Moderate Left,comptype,3,2628.35273470415,0.34049420893798105,NA
Moderate Left,educ,1,462.2568876924228,0.05988381666689855,NA
Moderate Left,educ,2,1744.1494227769963,0.2259486598342505,NA
Moderate Left,educ,3,1728.9129735805457,0.2239748293632985,NA
Moderate Left,educ,4,809.7192220342457,0.10489638712798637,NA
Moderate Left,educ,5,1833.1366561365344,0.23747665500334103,NA
Moderate Left,educ,6,1141.0537283442825,0.14781965200422503,NA
Moderate Left,gender4,1,3775.189073380713,0.4890629785567056,NA
Moderate Left,gender4,2,3872.4611761876695,0.5016642505472083,NA
Moderate Left,gender4,3,62.47430881385046,0.00809333544833872,NA
Moderate Left,gender4,4,9.104332182808722,0.00117943544774746,NA
Moderate Left,hispanic,1,1091.584649400623,0.14141110010804717,NA
Moderate Left,hispanic,2,6627.644241164418,0.8585888998919529,NA
Moderate Left,inputstate,1,101.17188364084544,0.01310647541032298,NA
Moderate Left,inputstate,2,24.420041025212463,0.00316353373781418,NA
Moderate Left,inputstate,4,209.37972855707105,0.02712443581158593,NA
Moderate Left,inputstate,5,47.956898676311255,0.00621265405601943,NA
Moderate Left,inputstate,6,815.1986741947823,0.10560623162647416,NA
Moderate Left,inputstate,8,155.72701875297682,0.02017390868449527,NA
Moderate Left,inputstate,9,82.5967813305207,0.01070013371821064,NA
Moderate Left,inputstate,10,36.64033275852233,0.00474663120863103,NA
Moderate Left,inputstate,11,19.6542912490166,0.00254614696981448,NA
Moderate Left,inputstate,12,534.1961870538479,0.06920330963456447,NA
Moderate Left,inputstate,13,259.605873270056,0.03363106301814211,NA
Moderate Left,inputstate,15,36.74647456667827,0.00476038152095636,NA
Moderate Left,inputstate,16,23.25918207683953,0.00301314838652711,NA
Moderate Left,inputstate,17,291.95123778379184,0.03782129561420758,NA
Moderate Left,inputstate,18,146.9404259759097,0.01903563530231759,NA
Moderate Left,inputstate,19,87.1020224670846,0.01128377247286274,NA
Moderate Left,inputstate,20,54.46414535487081,0.0070556458588034,NA
Moderate Left,inputstate,21,77.45163381694096,0.01003359725627615,NA
Moderate Left,inputstate,22,71.76520142035368,0.0092969391681169,NA
Moderate Left,inputstate,23,34.57440814445095,0.00447899766085575,NA
Moderate Left,inputstate,24,172.658853486614,0.02236737061879967,NA
Moderate Left,inputstate,25,160.8501116689256,0.02083758804788487,NA
Moderate Left,inputstate,26,203.43429490199537,0.02635422498620899,NA
Moderate Left,inputstate,27,122.32492503336265,0.01584678039316549,NA
Moderate Left,inputstate,28,56.0839747418923,0.0072654892783969504,NA
Moderate Left,inputstate,29,144.24392251778937,0.01868631239761448,NA
Moderate Left,inputstate,30,37.04791352162624,0.00479943191824622,NA
Moderate Left,inputstate,31,39.65689193212846,0.00513741624899862,NA
Moderate Left,inputstate,32,133.88006208304796,0.01734370932395659,NA
Moderate Left,inputstate,33,29.858711481755535,0.00386809510445413,NA
Moderate Left,inputstate,34,214.9888183946202,0.02785107443275766,NA
Moderate Left,inputstate,35,79.65033624667167,0.01031843172107847,NA
Moderate Left,inputstate,36,426.76507504874166,0.05528597235539456,NA
Moderate Left,inputstate,37,221.51960959042825,0.02869711634813478,NA
Moderate Left,inputstate,38,12.279178171717922,0.00159072600978659,NA
Moderate Left,inputstate,39,329.48750742450676,0.04268399241629286,NA
Moderate Left,inputstate,40,68.03107949710655,0.00881319629999037,NA
Moderate Left,inputstate,41,148.467885339377,0.01923351249771133,NA
Moderate Left,inputstate,42,404.64411573353095,0.05242027687870667,NA
Moderate Left,inputstate,44,30.158000586968157,0.00390686699598055,NA
Moderate Left,inputstate,45,139.18990370833282,0.01803158135114507,NA
Moderate Left,inputstate,46,16.664043041669146,0.00215877042615449,NA
Moderate Left,inputstate,47,124.73090078180596,0.01615846641550693,NA
Moderate Left,inputstate,48,557.3488616858264,0.07220266034176753,NA
Moderate Left,inputstate,49,52.18825862826465,0.00676081242934157,NA
Moderate Left,inputstate,50,22.14551116080087,0.00286887608526139,NA
Moderate Left,inputstate,51,199.72871733643237,0.02587417994309695,NA
Moderate Left,inputstate,53,240.80722681720053,0.03119576193828523,NA
Moderate Left,inputstate,54,50.88539477715432,0.00659203082309813,NA
Moderate Left,inputstate,55,152.7509285972053,0.01978836626854112,NA
Moderate Left,inputstate,56,15.955434511452742,0.00206697258724308,NA
Moderate Left,multrace_1,1,1643.3923708075083,0.21289592446418723,NA
Moderate Left,multrace_1,2,6075.83651975754,0.7871040755358127,NA
Moderate Left,multrace_2,1,570.023099821984,0.07384456503404152,NA
Moderate Left,multrace_2,2,7149.20579074308,0.9261554349659584,NA
Moderate Left,multrace_3,1,309.82262147349985,0.04013647293866164,NA
Moderate Left,multrace_3,2,7409.406269091565,0.9598635270613384,NA
Moderate Left,multrace_4,1,210.26874832132685,0.02723960531580181,NA
Moderate Left,multrace_4,2,7508.96014224373,0.9727603946841982,NA
Moderate Left,multrace_5,1,96.26011090849032,0.01247017186213324,NA
Moderate Left,multrace_5,2,7622.968779656564,0.9875298281378668,NA
Moderate Left,multrace_8,1,21.70173771710866,0.00281138673626247,NA
Moderate Left,multrace_8,2,7697.527152847944,0.9971886132637376,NA
Moderate Left,multrace_97,2,7640.1013639174125,0.989749296494582,NA
Moderate Left,multrace_97,NA,79.12752664763842,0.01025070350541791,NA
Moderate Left,multrace_98,1,39.93761975606393,0.00517378358930103,NA
Moderate Left,multrace_98,2,7679.291270808991,0.9948262164106988,NA
Moderate Left,newsint,1,2841.0698579395344,0.36805099294465593,"Some people seem to follow what's going on in government and public affairs most of the time, whether there's an election going on or not. Others aren't that interested. Would you say you follow what's going on in government and public affairs..."
Moderate Left,newsint,2,2497.0676252793214,0.32348666695599715,"Some people seem to follow what's going on in government and public affairs most of the time, whether there's an election going on or not. Others aren't that interested. Would you say you follow what's going on in government and public affairs..."
Moderate Left,newsint,3,1469.138375049723,0.19032190855817271,"Some people seem to follow what's going on in government and public affairs most of the time, whether there's an election going on or not. Others aren't that interested. Would you say you follow what's going on in government and public affairs..."
Moderate Left,newsint,4,911.9530322964524,0.11814043154117423,"Some people seem to follow what's going on in government and public affairs most of the time, whether there's an election going on or not. Others aren't that interested. Would you say you follow what's going on in government and public affairs..."
Moderate Left,pew_bornagain,1,1300.1459662627465,0.16842951345203294,"Would you describe yourself as a 'born-again' or evangelical Christian, or not?"
Moderate Left,pew_bornagain,2,6419.082924302298,0.8315704865479671,"Would you describe yourself as a 'born-again' or evangelical Christian, or not?"
Moderate Left,pew_churatd,1,151.98203551617735,0.01968875876992586,"Aside from weddings and funerals, how often do you attend religious services?"
Moderate Left,pew_churatd,2,560.7328959369866,0.0726410505358058,"Aside from weddings and funerals, how often do you attend religious services?"
Moderate Left,pew_churatd,3,403.74431517542104,0.0523037107591025,"Aside from weddings and funerals, how often do you attend religious services?"
Moderate Left,pew_churatd,4,890.0378491932116,0.11530139367690946,"Aside from weddings and funerals, how often do you attend religious services?"
Moderate Left,pew_churatd,5,1888.9011483718684,0.24470075640335173,"Aside from weddings and funerals, how often do you attend religious services?"
Moderate Left,pew_churatd,6,3678.940103218674,0.476594249940603,"Aside from weddings and funerals, how often do you attend religious services?"
Moderate Left,pew_churatd,7,144.89054315269163,0.01877007991430164,"Aside from weddings and funerals, how often do you attend religious services?"
Moderate Left,pew_religimp,1,1282.4961061817569,0.16614303376200054,How important is religion in your life?
Moderate Left,pew_religimp,2,1732.465071131462,0.22443499158950944,How important is religion in your life?
Moderate Left,pew_religimp,3,1767.7151827382577,0.22900152434900317,How important is religion in your life?
Moderate Left,pew_religimp,4,2936.552530513559,0.3804204502994868,How important is religion in your life?
Moderate Left,pid3,1,4021.9332282812247,0.5210278494523075,NA
Moderate Left,pid3,2,250.1156059989536,0.0324016309847557,NA
Moderate Left,pid3,3,2720.0162914546063,0.3523689127523078,NA
Moderate Left,pid3,4,236.88578896155448,0.03068775292453009,NA
Moderate Left,pid3,5,490.2779758687011,0.06351385388609888,NA
Moderate Left,pid7,1,2424.3658312990497,0.31406839538885495,NA
Moderate Left,pid7,2,1597.5673969821723,0.206959454063453,NA
Moderate Left,pid7,3,1818.1369459381344,0.2355334932690474,NA
Moderate Left,pid7,4,1222.547223524236,0.15837685873242044,NA
Moderate Left,pid7,5,188.06808444000467,0.02436358438209733,NA
Moderate Left,pid7,6,174.6068943659165,0.02261973272736258,NA
Moderate Left,pid7,7,75.5087116330371,0.00978189825739317,NA
Moderate Left,pid7,8,218.42780238247784,0.0282965831793711,NA
Moderate Left,race,1,4596.953031207647,0.5955197204770484,NA
Moderate Left,race,2,1407.7592859258768,0.18237045511716016,NA
Moderate Left,race,3,773.158321459707,0.1001600460901883,NA
Moderate Left,race,4,461.5128851929769,0.05978743365895902,NA
Moderate Left,race,5,48.98550692721702,0.00634590677665879,NA
Moderate Left,race,6,319.3203351565845,0.04136686962954026,NA
Moderate Left,race,7,93.3964253748176,0.01209919108487287,NA
Moderate Left,race,8,18.143099320210304,0.00235037716557233,NA
Moderate Left,region,1,1406.581533550309,0.18221788127950575,NA
Moderate Left,region,2,1601.2995232020312,0.2074429383949542,NA
Moderate Left,region,3,2738.6195974914876,0.35477890814182456,NA
Moderate Left,region,4,1972.7282363211975,0.25556027218371546,NA
Moderate Left,votereg,1,5268.754455981315,0.6825493233425346,NA
Moderate Left,votereg,2,2001.9046256953015,0.25933997476641263,NA
Moderate Left,votereg,3,448.5698088884276,0.05811070189105281,NA
Nationalist Right,CC24_321a,1,2332.73494755336,0.2349222941361672,"On the issue of gun regulation, do you support or oppose a proposal that would do the following? Ban assault rifles."
Nationalist Right,CC24_321a,2,7597.080169104936,0.7650777058638327,"On the issue of gun regulation, do you support or oppose a proposal that would do the following? Ban assault rifles."
Nationalist Right,CC24_321b,1,6641.271566510224,0.6688212709387487,"On the issue of gun regulation, do you support or oppose a proposal that would do the following? Make it easier for people to obtain concealed-carry permit."
Nationalist Right,CC24_321b,2,3288.543550148107,0.33117872906125134,"On the issue of gun regulation, do you support or oppose a proposal that would do the following? Make it easier for people to obtain concealed-carry permit."
Nationalist Right,CC24_321c,1,8670.49564438405,0.8731779537202428,"On the issue of gun regulation, do you support or oppose a proposal that would do the following? Require criminal background checks on all gun sales."
Nationalist Right,CC24_321c,2,1259.3194722742758,0.1268220462797573,"On the issue of gun regulation, do you support or oppose a proposal that would do the following? Require criminal background checks on all gun sales."
Nationalist Right,CC24_323a,1,2435.367096366307,0.2452580504022397,"What do you think the U.S. government should do about immigration? Grant legal status to all illegal immigrants who have held jobs and paid taxes for at least 3 years, and not been convicted of any felony crimes."
Nationalist Right,CC24_323a,2,7494.44802029201,0.7547419495977603,"What do you think the U.S. government should do about immigration? Grant legal status to all illegal immigrants who have held jobs and paid taxes for at least 3 years, and not been convicted of any felony crimes."
Nationalist Right,CC24_323b,1,9454.498867547907,0.952132417016195,What do you think the U.S. government should do about immigration? Increase the number of border patrols on the US-Mexican border.
Nationalist Right,CC24_323b,2,475.31624911048704,0.04786758298380499,What do you think the U.S. government should do about immigration? Increase the number of border patrols on the US-Mexican border.
Nationalist Right,CC24_323c,1,9281.574539684076,0.9347177596603178,What do you think the U.S. government should do about immigration? Build a wall between the U.S. and Mexico.
Nationalist Right,CC24_323c,2,648.240576974301,0.06528224033968213,What do you think the U.S. government should do about immigration? Build a wall between the U.S. and Mexico.
Nationalist Right,CC24_323d,1,4257.681235309379,0.4287774933660819,What do you think the U.S. government should do about immigration? Provide permanent resident status to children of immigrants who were brought to the United States by their parents (also known as Dreamers).
Nationalist Right,CC24_323d,2,5672.133881348934,0.5712225066339182,What do you think the U.S. government should do about immigration? Provide permanent resident status to children of immigrants who were brought to the United States by their parents (also known as Dreamers).
Nationalist Right,CC24_324a,1,1176.0257097276033,0.11843379719675676,"On the topic of abortion, do you support or oppose each of the following proposals? Always allow a woman the right to obtain an abortion as a matter of choice."
Nationalist Right,CC24_324a,2,8753.789406930737,0.8815662028032433,"On the topic of abortion, do you support or oppose each of the following proposals? Always allow a woman the right to obtain an abortion as a matter of choice."
Nationalist Right,CC24_324c,1,2756.2560720824017,0.27757375537219164,"On the topic of abortion, do you support or oppose each of the following proposals? Make abortions illegal in all circumstances."
Nationalist Right,CC24_324c,2,7173.5590445759,0.7224262446278085,"On the topic of abortion, do you support or oppose each of the following proposals? Make abortions illegal in all circumstances."
Nationalist Right,CC24_326a,1,2077.2611009417474,0.2091943381158148,Do you support or oppose each of the following proposals? Give the Environmental Protection Agency power to regulate carbon dioxide emissions.
Nationalist Right,CC24_326a,2,7852.5540157165615,0.7908056618841852,Do you support or oppose each of the following proposals? Give the Environmental Protection Agency power to regulate carbon dioxide emissions.
Nationalist Right,CC24_326b,1,2734.572214312648,0.27539004323707045,"Do you support or oppose each of the following proposals? Require that at least 20 percent of electricity be generated with renewable sources such as wind, solar, or hydroelectric power."
Nationalist Right,CC24_326b,2,7195.242902345663,0.7246099567629295,"Do you support or oppose each of the following proposals? Require that at least 20 percent of electricity be generated with renewable sources such as wind, solar, or hydroelectric power."
Nationalist Right,CC24_326c,1,1459.5200208122708,0.1469836047968071,Do you support or oppose each of the following proposals? Strengthen the Environmental Protection Agency enforcement of the Clean Air Act and Clean Water Act even if it costs U.S. jobs.
Nationalist Right,CC24_326c,2,8470.29509584607,0.8530163952031928,Do you support or oppose each of the following proposals? Strengthen the Environmental Protection Agency enforcement of the Clean Air Act and Clean Water Act even if it costs U.S. jobs.
Nationalist Right,CC24_326d,1,8779.28572603097,0.8841338557555585,Do you support or oppose each of the following proposals? Increase fossil fuel production in the U.S.
Nationalist Right,CC24_326d,2,1150.5293906273707,0.11586614424444149,Do you support or oppose each of the following proposals? Increase fossil fuel production in the U.S.
Nationalist Right,CC24_328c,1,6823.514948292337,0.6871744204829331,Do you support or oppose each of the following proposals? Require able-bodied adults under 64 years of age who do not have dependents to have a job in order to receive Medicaid.
Nationalist Right,CC24_328c,2,3106.300168365964,0.31282557951706685,Do you support or oppose each of the following proposals? Require able-bodied adults under 64 years of age who do not have dependents to have a job in order to receive Medicaid.
Nationalist Right,CC24_328d,1,7544.477958612376,0.7597803050688958,Do you support or oppose each of the following proposals? Repeal the Affordable Care Act.
Nationalist Right,CC24_328d,2,2385.3371580459234,0.24021969493110415,Do you support or oppose each of the following proposals? Repeal the Affordable Care Act.
Nationalist Right,CC24_328e,1,5332.955735891889,0.5370649577297069,"Do you support or oppose each of the following proposals? Expand Medicaid to cover individuals making less than $25,000 and families making less than $40,000 a year."
Nationalist Right,CC24_328e,2,4596.859380766402,0.4629350422702932,"Do you support or oppose each of the following proposals? Expand Medicaid to cover individuals making less than $25,000 and families making less than $40,000 a year."
Nationalist Right,CC24_330a,1,0.6302629394969085,6.347176982576181e-5,How would you rate each of the following individuals and groups? Yourself.
Nationalist Right,CC24_330a,2,17.88217258283048,0.00180085654896345,How would you rate each of the following individuals and groups? Yourself.
Nationalist Right,CC24_330a,3,25.905713316110894,0.00260888173765201,How would you rate each of the following individuals and groups? Yourself.
Nationalist Right,CC24_330a,4,567.351287163488,0.05713613803460396,How would you rate each of the following individuals and groups? Yourself.
Nationalist Right,CC24_330a,5,1073.4253866159988,0.1081012459955283,How would you rate each of the following individuals and groups? Yourself.
Nationalist Right,CC24_330a,6,3826.239775057558,0.3853284003887067,How would you rate each of the following individuals and groups? Yourself.
Nationalist Right,CC24_330a,7,3758.365740548181,0.3784930229207505,How would you rate each of the following individuals and groups? Yourself.
Nationalist Right,CC24_330a,8,660.0147784346774,0.06646798260396924,How would you rate each of the following individuals and groups? Yourself.
Nationalist Right,CC24_340c,1,2489.793838063826,0.25073919391378596,Do you support or oppose each of the following bills before Congress? Require that all federal agencies recognize same-sex marriages and interracial marriages.
Nationalist Right,CC24_340c,2,7440.021278594463,0.7492608060862139,Do you support or oppose each of the following bills before Congress? Require that all federal agencies recognize same-sex marriages and interracial marriages.
Nationalist Right,CC24_340f,1,9104.937823661432,0.9169292395370876,Do you support or oppose each of the following bills before Congress? Deny access to asylum for immigrants who cross the US-Mexico border illegally.
Nationalist Right,CC24_340f,2,824.8772929969323,0.08307076046291227,Do you support or oppose each of the following bills before Congress? Deny access to asylum for immigrants who cross the US-Mexico border illegally.
Nationalist Right,CC24_341b,1,2184.8544929262503,0.22002972535318704,Do you support or oppose each of the following proposals? Raise the corporate income tax rate from 21 percent to 28 percent.
Nationalist Right,CC24_341b,2,7744.960623732049,0.7799702746468129,Do you support or oppose each of the following proposals? Raise the corporate income tax rate from 21 percent to 28 percent.
Nationalist Right,CC24_341c,1,3161.85880653353,0.31842071271087186,"Do you support or oppose each of the following proposals? Allow tax rates on those earning $400,000 or more a year to rise to 35 percent."
Nationalist Right,CC24_341c,2,6767.956310124785,0.6815792872891281,"Do you support or oppose each of the following proposals? Allow tax rates on those earning $400,000 or more a year to rise to 35 percent."
Nationalist Right,CC24_420_5,1,6986.723612982023,0.7036106443977056,Would you approve of the use of U.S. military troops in order to protect American allies under attack by foreign nations?
Nationalist Right,CC24_420_5,2,2943.0915036762744,0.2963893556022944,Would you approve of the use of U.S. military troops in order to protect American allies under attack by foreign nations?
Nationalist Right,CC24_420_6,1,2308.6581484479384,0.2324975965136474,Would you approve of the use of U.S. military troops in order to help the United Nations uphold international law?
Nationalist Right,CC24_420_6,2,7621.156968210363,0.7675024034863526,Would you approve of the use of U.S. military troops in order to help the United Nations uphold international law?
Nationalist Right,CC24_421_1,1,1618.9146590829662,0.16303573027931476,Do you agree or disagree with the following statements? Elections in the U.S. are fair.
Nationalist Right,CC24_421_1,2,5041.695455886514,0.5077330641764458,Do you agree or disagree with the following statements? Elections in the U.S. are fair.
Nationalist Right,CC24_421_1,3,1817.7437368120704,0.18305917234678565,Do you agree or disagree with the following statements? Elections in the U.S. are fair.
Nationalist Right,CC24_421_1,4,1230.7102663007304,0.12394090442188443,Do you agree or disagree with the following statements? Elections in the U.S. are fair.
Nationalist Right,CC24_421_1,5,220.7509985760256,0.02223112877556931,Do you agree or disagree with the following statements? Elections in the U.S. are fair.
Nationalist Right,CC24_423,1,333.95784535834173,0.03363182913628396,How much trust do you have in the federal government in Washington when it comes to handling the nation's problems?
Nationalist Right,CC24_423,2,2751.985242148694,0.27714365371535976,How much trust do you have in the federal government in Washington when it comes to handling the nation's problems?
Nationalist Right,CC24_423,3,6843.872029151268,0.6892245171483562,How much trust do you have in the federal government in Washington when it comes to handling the nation's problems?
Nationalist Right,CC24_424,1,1629.7457424119473,0.16412649412554242,How much trust do you have in the government of the state where you live when it comes to handling the state's problems?
Nationalist Right,CC24_424,2,4735.068326660935,0.4768536242651029,How much trust do you have in the government of the state where you live when it comes to handling the state's problems?
Nationalist Right,CC24_424,3,3402.1516264440297,0.34261983596618556,How much trust do you have in the government of the state where you live when it comes to handling the state's problems?
Nationalist Right,CC24_424,8,162.84942114142655,0.01640004564316902,How much trust do you have in the government of the state where you live when it comes to handling the state's problems?
Nationalist Right,CC24_440a,1,160.82579357559328,0.01619625256725987,Do you agree or disagree with the following statements? White people in the U.S. have certain advantages because of the color of their skin.
Nationalist Right,CC24_440a,2,703.2385246925277,0.07082090818717965,Do you agree or disagree with the following statements? White people in the U.S. have certain advantages because of the color of their skin.
Nationalist Right,CC24_440a,3,2168.363097595587,0.21836892954410872,Do you agree or disagree with the following statements? White people in the U.S. have certain advantages because of the color of their skin.
Nationalist Right,CC24_440a,4,2169.917427310502,0.21852546113071472,Do you agree or disagree with the following statements? White people in the U.S. have certain advantages because of the color of their skin.
Nationalist Right,CC24_440a,5,4727.470273484114,0.4760884485707371,Do you agree or disagree with the following statements? White people in the U.S. have certain advantages because of the color of their skin.
Nationalist Right,CC24_440b,1,2161.10702631687,0.21763819375562943,"Do you agree or disagree with the following statements? Racial problems in the U.S. are rare, isolated situations."
Nationalist Right,CC24_440b,2,3722.196876038669,0.3748505719702951,"Do you agree or disagree with the following statements? Racial problems in the U.S. are rare, isolated situations."
Nationalist Right,CC24_440b,3,2136.9992683102205,0.21521037836093937,"Do you agree or disagree with the following statements? Racial problems in the U.S. are rare, isolated situations."
Nationalist Right,CC24_440b,4,1533.836375279158,0.15446776775390092,"Do you agree or disagree with the following statements? Racial problems in the U.S. are rare, isolated situations."
Nationalist Right,CC24_440b,5,375.6755707134428,0.03783308815923527,"Do you agree or disagree with the following statements? Racial problems in the U.S. are rare, isolated situations."
Nationalist Right,CC24_440c,1,1142.7313151897845,0.11508082494635044,Do you agree or disagree with the following statements? Women seek to gain power by getting control over men.
Nationalist Right,CC24_440c,2,2899.9320383200165,0.29204290354359796,Do you agree or disagree with the following statements? Women seek to gain power by getting control over men.
Nationalist Right,CC24_440c,3,3147.2106984016955,0.3169455484747047,Do you agree or disagree with the following statements? Women seek to gain power by getting control over men.
Nationalist Right,CC24_440c,4,1516.6641949192351,0.1527384122565248,Do you agree or disagree with the following statements? Women seek to gain power by getting control over men.
Nationalist Right,CC24_440c,5,1223.2768698276209,0.12319231077882203,Do you agree or disagree with the following statements? Women seek to gain power by getting control over men.
Nationalist Right,CC24_440d,1,2371.1653536936788,0.2387924977289647,Do you agree or disagree with the following statements? Women are too easily offended.
Nationalist Right,CC24_440d,2,3785.048699138371,0.3811801785502066,Do you agree or disagree with the following statements? Women are too easily offended.
Nationalist Right,CC24_440d,3,2583.546522877112,0.2601807276897764,Do you agree or disagree with the following statements? Women are too easily offended.
Nationalist Right,CC24_440d,4,796.29180886151,0.08019200755567375,Do you agree or disagree with the following statements? Women are too easily offended.
Nationalist Right,CC24_440d,5,393.7627320876802,0.03965458847537857,Do you agree or disagree with the following statements? Women are too easily offended.
Nationalist Right,CC24_441a,1,5377.020186378907,0.5415025479536258,"How much do you agree or disagree with the following statements? Irish, Italians, Jewish and many other minorities overcame prejudice and worked their way up. Blacks should do the same without any special favors."
Nationalist Right,CC24_441a,2,2896.9137321617372,0.291738939560099,"How much do you agree or disagree with the following statements? Irish, Italians, Jewish and many other minorities overcame prejudice and worked their way up. Blacks should do the same without any special favors."
Nationalist Right,CC24_441a,3,1380.6254521404858,0.1390383844936187,"How much do you agree or disagree with the following statements? Irish, Italians, Jewish and many other minorities overcame prejudice and worked their way up. Blacks should do the same without any special favors."
Nationalist Right,CC24_441a,4,160.34350176346922,0.01614768249758004,"How much do you agree or disagree with the following statements? Irish, Italians, Jewish and many other minorities overcame prejudice and worked their way up. Blacks should do the same without any special favors."
Nationalist Right,CC24_441a,5,114.91224421371354,0.01157244549507634,"How much do you agree or disagree with the following statements? Irish, Italians, Jewish and many other minorities overcame prejudice and worked their way up. Blacks should do the same without any special favors."
Nationalist Right,CC24_441b,1,169.32509277588738,0.01705218987328641,How much do you agree or disagree with the following statements? Generations of slavery and discrimination have created conditions that make it difficult for Blacks to work their way out of the lower class.
Nationalist Right,CC24_441b,2,793.3548002405074,0.07989623078777877,How much do you agree or disagree with the following statements? Generations of slavery and discrimination have created conditions that make it difficult for Blacks to work their way out of the lower class.
Nationalist Right,CC24_441b,3,1305.7997324933715,0.13150292499431876,How much do you agree or disagree with the following statements? Generations of slavery and discrimination have created conditions that make it difficult for Blacks to work their way out of the lower class.
Nationalist Right,CC24_441b,4,2680.337792811405,0.2699282676789071,How much do you agree or disagree with the following statements? Generations of slavery and discrimination have created conditions that make it difficult for Blacks to work their way out of the lower class.
Nationalist Right,CC24_441b,5,4980.997698337148,0.501620386665709,How much do you agree or disagree with the following statements? Generations of slavery and discrimination have created conditions that make it difficult for Blacks to work their way out of the lower class.
Nationalist Right,CC24_443_1,1,239.5676411419187,0.02412609281516408,State legislatures must make choices when making spending decisions on important state programs. How would you like your legislature to spend money on each of the five areas below? Welfare.
Nationalist Right,CC24_443_1,2,457.0608151433601,0.04602913647169429,State legislatures must make choices when making spending decisions on important state programs. How would you like your legislature to spend money on each of the five areas below? Welfare.
Nationalist Right,CC24_443_1,3,3669.475984642669,0.3695412192002168,State legislatures must make choices when making spending decisions on important state programs. How would you like your legislature to spend money on each of the five areas below? Welfare.
Nationalist Right,CC24_443_1,4,3009.7237734252626,0.30309967890299616,State legislatures must make choices when making spending decisions on important state programs. How would you like your legislature to spend money on each of the five areas below? Welfare.
Nationalist Right,CC24_443_1,5,2553.9869023051388,0.2572038726099288,State legislatures must make choices when making spending decisions on important state programs. How would you like your legislature to spend money on each of the five areas below? Welfare.
Nationalist Right,CC24_444a,1,8416.006061710752,0.8475491197808918,"Some states are considering the following policies. If this came up in your state, would you support or oppose the proposal? Preventing gender transition surgery for minors experiencing gender dysphoria."
Nationalist Right,CC24_444a,2,1513.8090549475664,0.1524508802191081,"Some states are considering the following policies. If this came up in your state, would you support or oppose the proposal? Preventing gender transition surgery for minors experiencing gender dysphoria."
Nationalist Right,CC24_444b,1,9079.705370920892,0.9143881597240096,"Some states are considering the following policies. If this came up in your state, would you support or oppose the proposal? Requiring parental consent before teachers could address their child using a name or pronoun other than the name or gender under which they are enrolled in school."
Nationalist Right,CC24_444b,2,850.1097457374714,0.08561184027599046,"Some states are considering the following policies. If this came up in your state, would you support or oppose the proposal? Requiring parental consent before teachers could address their child using a name or pronoun other than the name or gender under which they are enrolled in school."
Nationalist Right,CC24_445a,1,8907.97683653001,0.8970939269136963,Do you agree or disagree with each of the following decisions of the Supreme Court of the United States? The use of race in university admissions violates Equal Protection under the Constitution and is illegal.
Nationalist Right,CC24_445a,2,1021.8382801283266,0.10290607308630376,Do you agree or disagree with each of the following decisions of the Supreme Court of the United States? The use of race in university admissions violates Equal Protection under the Constitution and is illegal.
Nationalist Right,comptype,1,5517.619658542708,0.5556618722222049,NA
Nationalist Right,comptype,2,765.8161500542612,0.07712290118770933,NA
Nationalist Right,comptype,3,3646.379308061341,0.3672152265900858,NA
Nationalist Right,educ,1,470.96865303987533,0.047429750454243,NA
Nationalist Right,educ,2,2718.004139593542,0.2737215252914219,NA
Nationalist Right,educ,3,2081.243835206265,0.2095954265769512,NA
Nationalist Right,educ,4,1035.064852502212,0.10423807899159954,NA
Nationalist Right,educ,5,2351.960913060084,0.23685847978321495,NA
Nationalist Right,educ,6,1272.5727232563704,0.12815673890256937,NA
Nationalist Right,gender4,1,5201.380982559448,0.5238144841018835,NA
Nationalist Right,gender4,2,4690.140628709547,0.4723290991431805,NA
Nationalist Right,gender4,3,17.73146009567555,0.0017856787752200099,NA
Nationalist Right,gender4,4,20.562045293621335,0.00207073797971589,NA
Nationalist Right,hispanic,1,926.5001614020543,0.09330487531915369,NA
Nationalist Right,hispanic,2,9003.31495525629,0.9066951246808462,NA
Nationalist Right,inputstate,1,218.96890088085132,0.02205165940234951,NA
Nationalist Right,inputstate,2,28.76345823979741,0.00289667611147599,NA
Nationalist Right,inputstate,4,313.3257345594093,0.03155403508306729,NA
Nationalist Right,inputstate,5,155.89169248497015,0.01569935498833658,NA
Nationalist Right,inputstate,6,360.81729633662394,0.03633675875105809,NA
Nationalist Right,inputstate,8,171.05293667966492,0.01722619552026754,NA
Nationalist Right,inputstate,9,59.10361588645144,0.00595213658986446,NA
Nationalist Right,inputstate,10,22.61458622413661,0.00227744282833606,NA
Nationalist Right,inputstate,11,2.031822174945331,2.0461832884851287e-4,NA
Nationalist Right,inputstate,12,774.8953942666642,0.07803724290563004,NA
Nationalist Right,inputstate,13,405.6476423158303,0.04085147986645918,NA
Nationalist Right,inputstate,15,12.898091813807255,0.00129892567608527,NA
Nationalist Right,inputstate,16,101.42243053741164,0.01021392939806749,NA
Nationalist Right,inputstate,17,191.26174693008923,0.0192613603257554,NA
Nationalist Right,inputstate,18,287.7321905106546,0.02897659091637593,NA
Nationalist Right,inputstate,19,151.7672562775767,0.01528399617662273,NA
Nationalist Right,inputstate,20,102.56891100742634,0.01032938778843483,NA
Nationalist Right,inputstate,21,224.95224289074753,0.0226542226867211,NA
Nationalist Right,inputstate,22,172.5469781373945,0.017376655668838,NA
Nationalist Right,inputstate,23,28.318148846976374,0.00285183042325426,NA
Nationalist Right,inputstate,24,81.15826274723368,0.0081731897113655,NA
Nationalist Right,inputstate,25,52.3128692110464,0.00526826215759907,NA
Nationalist Right,inputstate,26,268.37184316981507,0.02702687210354925,NA
Nationalist Right,inputstate,27,85.08137655973405,0.00856827398699506,NA
Nationalist Right,inputstate,28,132.85311929185602,0.01337921378505632,NA
Nationalist Right,inputstate,29,307.96850141128266,0.03101452522460686,NA
Nationalist Right,inputstate,30,56.53961828258004,0.00569392457143826,NA
Nationalist Right,inputstate,31,83.16857802315954,0.00837564214903006,NA
Nationalist Right,inputstate,32,101.855077677756,0.01025749991124034,NA
Nationalist Right,inputstate,33,32.64352476668435,0.00328742523231085,NA
Nationalist Right,inputstate,34,201.6158540118714,0.0203040894158884,NA
Nationalist Right,inputstate,35,47.721391751502225,0.00480586911144442,NA
Nationalist Right,inputstate,36,240.07319700740143,0.02417700573343531,NA
Nationalist Right,inputstate,37,495.181587923064,0.04986815787660972,NA
Nationalist Right,inputstate,38,29.08183896542208,0.00292873921858163,NA
Nationalist Right,inputstate,39,476.8661763187597,0.04802367120801321,NA
Nationalist Right,inputstate,40,210.11791575040368,0.02116030492832722,NA
Nationalist Right,inputstate,41,102.7866273695765,0.01035131330865775,NA
Nationalist Right,inputstate,42,505.4039817113464,0.05089762254117665,NA
Nationalist Right,inputstate,44,8.203113291484263,8.261093681112601e-4,NA
Nationalist Right,inputstate,45,200.80836895311285,0.0202227701718469,NA
Nationalist Right,inputstate,46,55.46087843455602,0.00558528812298976,NA
Nationalist Right,inputstate,47,413.5536481048608,0.04164766848589957,NA
Nationalist Right,inputstate,48,989.6287880705886,0.09966235790335903,NA
Nationalist Right,inputstate,49,140.61278178658455,0.01416066463822587,NA
Nationalist Right,inputstate,50,10.96641967496678,0.00110439313785101,NA
Nationalist Right,inputstate,51,309.4008910233492,0.0311587766124966,NA
Nationalist Right,inputstate,53,134.62179997695347,0.01355733197399725,NA
Nationalist Right,inputstate,54,106.28528964098432,0.0107036524237676,NA
Nationalist Right,inputstate,55,225.22754267899268,0.02268194725007004,NA
Nationalist Right,inputstate,56,37.663176069984345,0.00379293830021067,NA
Nationalist Right,multrace_1,1,3317.499919759784,0.3340948326615201,NA
Nationalist Right,multrace_1,2,6612.315196898505,0.6659051673384799,NA
Nationalist Right,multrace_2,1,174.5674590070401,0.01758013185101332,NA
Nationalist Right,multrace_2,2,9755.24765765137,0.9824198681489869,NA
Nationalist Right,multrace_3,1,298.1310309055521,0.03002382495575404,NA
Nationalist Right,multrace_3,2,9631.684085752844,0.969976175044246,NA
Nationalist Right,multrace_4,1,97.8452732672853,0.00985368530206957,NA
Nationalist Right,multrace_4,2,9831.969843391124,0.9901463146979304,NA
Nationalist Right,multrace_5,1,203.15939796615368,0.0204595348029522,NA
Nationalist Right,multrace_5,2,9726.65571869226,0.9795404651970476,NA
Nationalist Right,multrace_8,1,33.43504012551302,0.00336713621882263,NA
Nationalist Right,multrace_8,2,9896.380076532894,0.9966328637811774,NA
Nationalist Right,multrace_97,2,9889.817123157509,0.9959719296853982,NA
Nationalist Right,multrace_97,NA,39.997993500895795,0.00402807031460178,NA
Nationalist Right,multrace_98,1,84.74339150194436,0.00853423659014331,NA
Nationalist Right,multrace_98,2,9845.071725156466,0.9914657634098568,NA
Nationalist Right,newsint,1,5906.911301958959,0.5948661916221872,"Some people seem to follow what's going on in government and public affairs most of the time, whether there's an election going on or not. Others aren't that interested. Would you say you follow what's going on in government and public affairs..."
Nationalist Right,newsint,2,2579.503589393252,0.25977357675732166,"Some people seem to follow what's going on in government and public affairs most of the time, whether there's an election going on or not. Others aren't that interested. Would you say you follow what's going on in government and public affairs..."
Nationalist Right,newsint,3,1003.2173555905488,0.10103081918489552,"Some people seem to follow what's going on in government and public affairs most of the time, whether there's an election going on or not. Others aren't that interested. Would you say you follow what's going on in government and public affairs..."
Nationalist Right,newsint,4,440.1828697155575,0.04432941243559551,"Some people seem to follow what's going on in government and public affairs most of the time, whether there's an election going on or not. Others aren't that interested. Would you say you follow what's going on in government and public affairs..."
Nationalist Right,pew_bornagain,1,6673.536440059361,0.6720705634150026,"Would you describe yourself as a 'born-again' or evangelical Christian, or not?"
Nationalist Right,pew_bornagain,2,3256.27867659895,0.3279294365849974,"Would you describe yourself as a 'born-again' or evangelical Christian, or not?"
Nationalist Right,pew_churatd,1,2075.6978428920897,0.20903690738510128,"Aside from weddings and funerals, how often do you attend religious services?"
Nationalist Right,pew_churatd,2,3838.624081946826,0.3865755844242372,"Aside from weddings and funerals, how often do you attend religious services?"
Nationalist Right,pew_churatd,3,1010.4998534264212,0.1017642163076327,"Aside from weddings and funerals, how often do you attend religious services?"
Nationalist Right,pew_churatd,4,1344.4361237807598,0.13539387269409697,"Aside from weddings and funerals, how often do you attend religious services?"
Nationalist Right,pew_churatd,5,1179.5963438914644,0.11879338437153404,"Aside from weddings and funerals, how often do you attend religious services?"
Nationalist Right,pew_churatd,6,410.89209755193,0.0413796322212096,"Aside from weddings and funerals, how often do you attend religious services?"
Nationalist Right,pew_churatd,7,70.06877316885581,0.0070564025961881,"Aside from weddings and funerals, how often do you attend religious services?"
Nationalist Right,pew_religimp,1,7810.082578584533,0.7865284989528466,How important is religion in your life?
Nationalist Right,pew_religimp,2,1821.3564739915464,0.18342299958193903,How important is religion in your life?
Nationalist Right,pew_religimp,3,219.61132192362024,0.02211635557596631,How important is religion in your life?
Nationalist Right,pew_religimp,4,78.76474215859585,0.00793214588924821,How important is religion in your life?
Nationalist Right,pid3,1,235.59849091152665,0.02372637235876482,NA
Nationalist Right,pid3,2,6852.812298111458,0.6901248631120181,NA
Nationalist Right,pid3,3,2098.179093537897,0.2113009224127429,NA
Nationalist Right,pid3,4,369.037878578893,0.03716462736146955,NA
Nationalist Right,pid3,5,374.18735551852666,0.03768321475500468,NA
Nationalist Right,pid7,1,69.55494759110434,0.00700465686157828,NA
Nationalist Right,pid7,2,166.04354332042226,0.01672171549718654,NA
Nationalist Right,pid7,3,22.863342661147648,0.00230249429546699,NA
Nationalist Right,pid7,4,848.1687564406092,0.08541636943649818,NA
Nationalist Right,pid7,5,1750.6565660709675,0.1763030374184973,NA
Nationalist Right,pid7,6,1248.525408293776,0.12573501053400735,NA
Nationalist Right,pid7,7,5604.286889817678,0.5643898525780107,NA
Nationalist Right,pid7,8,219.71566246259076,0.02212686337875465,NA
Nationalist Right,race,1,8059.365868041318,0.8116330237126879,NA
Nationalist Right,race,2,433.4221943545336,0.04364856638946111,NA
Nationalist Right,race,3,663.6087464393631,0.06682991965541145,NA
Nationalist Right,race,4,212.2923129763724,0.02137928153568844,NA
Nationalist Right,race,5,105.0278866809269,0.01057702338331877,NA
Nationalist Right,race,6,223.77562957449004,0.02253572971354557,NA
Nationalist Right,race,7,196.03417346193305,0.01974197617567577,NA
Nationalist Right,race,8,36.28830512934508,0.00365447943421098,NA
Nationalist Right,region,1,1138.64072440823,0.11466887459949204,NA
Nationalist Right,region,2,2264.556840287467,0.22805629447102585,NA
Nationalist Right,region,3,4916.537130880943,0.49512876857424504,NA
Nationalist Right,region,4,1610.0804210816489,0.16214606235523688,NA
Nationalist Right,votereg,1,8484.772803181397,0.8544743989187953,NA
Nationalist Right,votereg,2,1241.3187149205792,0.12500924743685643,NA
Nationalist Right,votereg,3,203.72359855635767,0.02051635364434826,NA
Progressive Left,CC24_321a,1,8099.455760958023,0.946510814792506,"On the issue of gun regulation, do you support or oppose a proposal that would do the following? Ban assault rifles."
Progressive Left,CC24_321a,2,457.7161533783028,0.05348918520749413,"On the issue of gun regulation, do you support or oppose a proposal that would do the following? Ban assault rifles."
Progressive Left,CC24_321b,1,516.0856482140159,0.06031030501436891,"On the issue of gun regulation, do you support or oppose a proposal that would do the following? Make it easier for people to obtain concealed-carry permit."
Progressive Left,CC24_321b,2,8041.086266122326,0.939689694985631,"On the issue of gun regulation, do you support or oppose a proposal that would do the following? Make it easier for people to obtain concealed-carry permit."
Progressive Left,CC24_321c,1,8488.933159792768,0.9920255482504408,"On the issue of gun regulation, do you support or oppose a proposal that would do the following? Require criminal background checks on all gun sales."
Progressive Left,CC24_321c,2,68.23875454355851,0.00797445174955924,"On the issue of gun regulation, do you support or oppose a proposal that would do the following? Require criminal background checks on all gun sales."
Progressive Left,CC24_323a,1,7857.724800986852,0.9182618836747144,"What do you think the U.S. government should do about immigration? Grant legal status to all illegal immigrants who have held jobs and paid taxes for at least 3 years, and not been convicted of any felony crimes."
Progressive Left,CC24_323a,2,699.4471133494916,0.08173811632528569,"What do you think the U.S. government should do about immigration? Grant legal status to all illegal immigrants who have held jobs and paid taxes for at least 3 years, and not been convicted of any felony crimes."
Progressive Left,CC24_323b,1,4756.603353715114,0.555861609575251,What do you think the U.S. government should do about immigration? Increase the number of border patrols on the US-Mexican border.
Progressive Left,CC24_323b,2,3800.5685606211982,0.44413839042474906,What do you think the U.S. government should do about immigration? Increase the number of border patrols on the US-Mexican border.
Progressive Left,CC24_323c,1,434.569797836543,0.05078427805201414,What do you think the U.S. government should do about immigration? Build a wall between the U.S. and Mexico.
Progressive Left,CC24_323c,2,8122.6021164998,0.949215721947986,What do you think the U.S. government should do about immigration? Build a wall between the U.S. and Mexico.
Progressive Left,CC24_323d,1,8441.832165375365,0.9865212771093528,What do you think the U.S. government should do about immigration? Provide permanent resident status to children of immigrants who were brought to the United States by their parents (also known as Dreamers).
Progressive Left,CC24_323d,2,115.33974896096836,0.01347872289064718,What do you think the U.S. government should do about immigration? Provide permanent resident status to children of immigrants who were brought to the United States by their parents (also known as Dreamers).
Progressive Left,CC24_324a,1,8198.53323446031,0.9580891112780868,"On the topic of abortion, do you support or oppose each of the following proposals? Always allow a woman the right to obtain an abortion as a matter of choice."
Progressive Left,CC24_324a,2,358.6386798760301,0.04191088872191306,"On the topic of abortion, do you support or oppose each of the following proposals? Always allow a woman the right to obtain an abortion as a matter of choice."
Progressive Left,CC24_324c,1,223.5387144018542,0.02612296640054018,"On the topic of abortion, do you support or oppose each of the following proposals? Make abortions illegal in all circumstances."
Progressive Left,CC24_324c,2,8333.633199934482,0.9738770335994598,"On the topic of abortion, do you support or oppose each of the following proposals? Make abortions illegal in all circumstances."
Progressive Left,CC24_326a,1,8351.511412939335,0.9759663001449768,Do you support or oppose each of the following proposals? Give the Environmental Protection Agency power to regulate carbon dioxide emissions.
Progressive Left,CC24_326a,2,205.66050139699436,0.02403369985502328,Do you support or oppose each of the following proposals? Give the Environmental Protection Agency power to regulate carbon dioxide emissions.
Progressive Left,CC24_326b,1,8284.199325193498,0.9681001396401172,"Do you support or oppose each of the following proposals? Require that at least 20 percent of electricity be generated with renewable sources such as wind, solar, or hydroelectric power."
Progressive Left,CC24_326b,2,272.972589142841,0.03189986035988289,"Do you support or oppose each of the following proposals? Require that at least 20 percent of electricity be generated with renewable sources such as wind, solar, or hydroelectric power."
Progressive Left,CC24_326c,1,8065.225508177582,0.9425106318905936,Do you support or oppose each of the following proposals? Strengthen the Environmental Protection Agency enforcement of the Clean Air Act and Clean Water Act even if it costs U.S. jobs.
Progressive Left,CC24_326c,2,491.94640615875466,0.05748936810940629,Do you support or oppose each of the following proposals? Strengthen the Environmental Protection Agency enforcement of the Clean Air Act and Clean Water Act even if it costs U.S. jobs.
Progressive Left,CC24_326d,1,1291.3534390930151,0.1509089044862514,Do you support or oppose each of the following proposals? Increase fossil fuel production in the U.S.
Progressive Left,CC24_326d,2,7265.81847524332,0.8490910955137486,Do you support or oppose each of the following proposals? Increase fossil fuel production in the U.S.
Progressive Left,CC24_328c,1,2387.0794342630943,0.2789565826372938,Do you support or oppose each of the following proposals? Require able-bodied adults under 64 years of age who do not have dependents to have a job in order to receive Medicaid.
Progressive Left,CC24_328c,2,6170.092480073245,0.7210434173627063,Do you support or oppose each of the following proposals? Require able-bodied adults under 64 years of age who do not have dependents to have a job in order to receive Medicaid.
Progressive Left,CC24_328d,1,289.46238626426305,0.03382687518282877,Do you support or oppose each of the following proposals? Repeal the Affordable Care Act.
Progressive Left,CC24_328d,2,8267.709528072068,0.9661731248171712,Do you support or oppose each of the following proposals? Repeal the Affordable Care Act.
Progressive Left,CC24_328e,1,8341.410996962552,0.974785955040555,"Do you support or oppose each of the following proposals? Expand Medicaid to cover individuals making less than $25,000 and families making less than $40,000 a year."
Progressive Left,CC24_328e,2,215.76091737377695,0.02521404495944509,"Do you support or oppose each of the following proposals? Expand Medicaid to cover individuals making less than $25,000 and families making less than $40,000 a year."
Progressive Left,CC24_330a,1,3054.642581259562,0.356968705530147,How would you rate each of the following individuals and groups? Yourself.
Progressive Left,CC24_330a,2,3380.274021948432,0.3950223339892552,How would you rate each of the following individuals and groups? Yourself.
Progressive Left,CC24_330a,3,1254.9167771462796,0.14665087831691767,How would you rate each of the following individuals and groups? Yourself.
Progressive Left,CC24_330a,4,801.4716789563792,0.09366081305596172,How would you rate each of the following individuals and groups? Yourself.
Progressive Left,CC24_330a,5,34.6711788716192,0.00405170998300649,How would you rate each of the following individuals and groups? Yourself.
Progressive Left,CC24_330a,6,10.44844029775123,0.00122101558813448,How would you rate each of the following individuals and groups? Yourself.
Progressive Left,CC24_330a,7,1.681455922403045,1.9649668596537223e-4,How would you rate each of the following individuals and groups? Yourself.
Progressive Left,CC24_330a,8,19.06577993388565,0.00222804685061237,How would you rate each of the following individuals and groups? Yourself.
Progressive Left,CC24_340c,1,8292.17768216585,0.9690324987246636,Do you support or oppose each of the following bills before Congress? Require that all federal agencies recognize same-sex marriages and interracial marriages.
Progressive Left,CC24_340c,2,264.99423217048366,0.03096750127533645,Do you support or oppose each of the following bills before Congress? Require that all federal agencies recognize same-sex marriages and interracial marriages.
Progressive Left,CC24_340f,1,1524.0792922473229,0.17810548946596982,Do you support or oppose each of the following bills before Congress? Deny access to asylum for immigrants who cross the US-Mexico border illegally.
Progressive Left,CC24_340f,2,7033.092622089011,0.8218945105340302,Do you support or oppose each of the following bills before Congress? Deny access to asylum for immigrants who cross the US-Mexico border illegally.
Progressive Left,CC24_341b,1,7933.361407810289,0.9271008561273671,Do you support or oppose each of the following proposals? Raise the corporate income tax rate from 21 percent to 28 percent.
Progressive Left,CC24_341b,2,623.8105065260563,0.0728991438726326,Do you support or oppose each of the following proposals? Raise the corporate income tax rate from 21 percent to 28 percent.
Progressive Left,CC24_341c,1,7962.993600678678,0.9305637049710084,"Do you support or oppose each of the following proposals? Allow tax rates on those earning $400,000 or more a year to rise to 35 percent."
Progressive Left,CC24_341c,2,594.1783136576578,0.06943629502899148,"Do you support or oppose each of the following proposals? Allow tax rates on those earning $400,000 or more a year to rise to 35 percent."
Progressive Left,CC24_420_5,1,6690.536031069595,0.7818629914236672,Would you approve of the use of U.S. military troops in order to protect American allies under attack by foreign nations?
Progressive Left,CC24_420_5,2,1866.635883266738,0.2181370085763327,Would you approve of the use of U.S. military troops in order to protect American allies under attack by foreign nations?
Progressive Left,CC24_420_6,1,6280.431261033048,0.7339377219372069,Would you approve of the use of U.S. military troops in order to help the United Nations uphold international law?
Progressive Left,CC24_420_6,2,2276.740653303274,0.2660622780627931,Would you approve of the use of U.S. military troops in order to help the United Nations uphold international law?
Progressive Left,CC24_421_1,1,3725.885560790097,0.43541085747592706,Do you agree or disagree with the following statements? Elections in the U.S. are fair.
Progressive Left,CC24_421_1,2,3061.2069974901337,0.3577358300306575,Do you agree or disagree with the following statements? Elections in the U.S. are fair.
Progressive Left,CC24_421_1,3,702.055950320002,0.08204298772399414,Do you agree or disagree with the following statements? Elections in the U.S. are fair.
Progressive Left,CC24_421_1,4,860.1877441047635,0.100522433429629,Do you agree or disagree with the following statements? Elections in the U.S. are fair.
Progressive Left,CC24_421_1,5,207.83566163132295,0.02428789133979229,Do you agree or disagree with the following statements? Elections in the U.S. are fair.
Progressive Left,CC24_423,1,868.1530263906221,0.1014532645927279,How much trust do you have in the federal government in Washington when it comes to handling the nation's problems?
Progressive Left,CC24_423,2,4170.450365376148,0.48736316240055383,How much trust do you have in the federal government in Washington when it comes to handling the nation's problems?
Progressive Left,CC24_423,3,3518.5685225695443,0.41118357300671815,How much trust do you have in the federal government in Washington when it comes to handling the nation's problems?
Progressive Left,CC24_424,1,2130.2215221176757,0.2489399001729524,How much trust do you have in the government of the state where you live when it comes to handling the state's problems?
Progressive Left,CC24_424,2,4513.081511449801,0.5274033940920103,How much trust do you have in the government of the state where you live when it comes to handling the state's problems?
Progressive Left,CC24_424,3,1913.8688807688443,0.2236567057350373,How much trust do you have in the government of the state where you live when it comes to handling the state's problems?
Progressive Left,CC24_440a,1,6745.312810575673,0.7882642627846311,Do you agree or disagree with the following statements? White people in the U.S. have certain advantages because of the color of their skin.
Progressive Left,CC24_440a,2,1688.175326392099,0.19728192249635665,Do you agree or disagree with the following statements? White people in the U.S. have certain advantages because of the color of their skin.
Progressive Left,CC24_440a,3,86.89760771717924,0.01015494471620871,Do you agree or disagree with the following statements? White people in the U.S. have certain advantages because of the color of their skin.
Progressive Left,CC24_440a,4,16.933585038068934,0.00197887633993879,Do you agree or disagree with the following statements? White people in the U.S. have certain advantages because of the color of their skin.
Progressive Left,CC24_440a,5,19.85258461330528,0.00231999366286484,Do you agree or disagree with the following statements? White people in the U.S. have certain advantages because of the color of their skin.
Progressive Left,CC24_440b,1,7.463145674260946,8.721509569952089e-4,"Do you agree or disagree with the following statements? Racial problems in the U.S. are rare, isolated situations."
Progressive Left,CC24_440b,2,26.620205325572684,0.00311086485021696,"Do you agree or disagree with the following statements? Racial problems in the U.S. are rare, isolated situations."
Progressive Left,CC24_440b,3,124.99292521197432,0.01460680309607506,"Do you agree or disagree with the following statements? Racial problems in the U.S. are rare, isolated situations."
Progressive Left,CC24_440b,4,2351.396809231225,0.27478667400520435,"Do you agree or disagree with the following statements? Racial problems in the U.S. are rare, isolated situations."
Progressive Left,CC24_440b,5,6046.698828893288,0.7066235070915085,"Do you agree or disagree with the following statements? Racial problems in the U.S. are rare, isolated situations."
Progressive Left,CC24_440c,1,11.380044629112366,0.00132988383814595,Do you agree or disagree with the following statements? Women seek to gain power by getting control over men.
Progressive Left,CC24_440c,2,46.81153869970473,0.00547044504519987,Do you agree or disagree with the following statements? Women seek to gain power by getting control over men.
Progressive Left,CC24_440c,3,422.05032663365864,0.04932123964070104,Do you agree or disagree with the following statements? Women seek to gain power by getting control over men.
Progressive Left,CC24_440c,4,955.663456686674,0.11167982439216809,Do you agree or disagree with the following statements? Women seek to gain power by getting control over men.
Progressive Left,CC24_440c,5,7121.266547687181,0.8321986070837851,Do you agree or disagree with the following statements? Women seek to gain power by getting control over men.
Progressive Left,CC24_440d,1,9.40215644132733,0.00109874576968301,Do you agree or disagree with the following statements? Women are too easily offended.
Progressive Left,CC24_440d,2,115.88940862346703,0.01354295668985111,Do you agree or disagree with the following statements? Women are too easily offended.
Progressive Left,CC24_440d,3,437.7246569117568,0.05115295816114338,Do you agree or disagree with the following statements? Women are too easily offended.
Progressive Left,CC24_440d,4,1277.8078197699465,0.14932594933954318,Do you agree or disagree with the following statements? Women are too easily offended.
Progressive Left,CC24_440d,5,6716.3478725898185,0.7848793900397794,Do you agree or disagree with the following statements? Women are too easily offended.
Progressive Left,CC24_441a,1,14.304969587184289,0.00167169360746607,"How much do you agree or disagree with the following statements? Irish, Italians, Jewish and many other minorities overcame prejudice and worked their way up. Blacks should do the same without any special favors."
Progressive Left,CC24_441a,2,140.54536843138334,0.01642427776820981,"How much do you agree or disagree with the following statements? Irish, Italians, Jewish and many other minorities overcame prejudice and worked their way up. Blacks should do the same without any special favors."
Progressive Left,CC24_441a,3,479.6060135997872,0.05604725701446712,"How much do you agree or disagree with the following statements? Irish, Italians, Jewish and many other minorities overcame prejudice and worked their way up. Blacks should do the same without any special favors."
Progressive Left,CC24_441a,4,2284.656697325877,0.26698735519129413,"How much do you agree or disagree with the following statements? Irish, Italians, Jewish and many other minorities overcame prejudice and worked their way up. Blacks should do the same without any special favors."
Progressive Left,CC24_441a,5,5638.058865392085,0.6588694164185628,"How much do you agree or disagree with the following statements? Irish, Italians, Jewish and many other minorities overcame prejudice and worked their way up. Blacks should do the same without any special favors."
Progressive Left,CC24_441b,1,6402.702108142842,0.7482264201582793,How much do you agree or disagree with the following statements? Generations of slavery and discrimination have created conditions that make it difficult for Blacks to work their way out of the lower class.
Progressive Left,CC24_441b,2,1949.498998056388,0.22782047825757465,How much do you agree or disagree with the following statements? Generations of slavery and discrimination have created conditions that make it difficult for Blacks to work their way out of the lower class.
Progressive Left,CC24_441b,3,133.53683118497122,0.01560525282438806,How much do you agree or disagree with the following statements? Generations of slavery and discrimination have created conditions that make it difficult for Blacks to work their way out of the lower class.
Progressive Left,CC24_441b,4,43.9371624880293,0.005134542454899,How much do you agree or disagree with the following statements? Generations of slavery and discrimination have created conditions that make it difficult for Blacks to work their way out of the lower class.
Progressive Left,CC24_441b,5,27.49681446409942,0.00321330630485901,How much do you agree or disagree with the following statements? Generations of slavery and discrimination have created conditions that make it difficult for Blacks to work their way out of the lower class.
Progressive Left,CC24_443_1,1,2610.504597812647,0.30506627936726616,State legislatures must make choices when making spending decisions on important state programs. How would you like your legislature to spend money on each of the five areas below? Welfare.
Progressive Left,CC24_443_1,2,2839.454988559428,0.3318216598876934,State legislatures must make choices when making spending decisions on important state programs. How would you like your legislature to spend money on each of the five areas below? Welfare.
Progressive Left,CC24_443_1,3,2977.5135737217106,0.347955329579544,State legislatures must make choices when making spending decisions on important state programs. How would you like your legislature to spend money on each of the five areas below? Welfare.
Progressive Left,CC24_443_1,4,94.60339098247036,0.01105545055416917,State legislatures must make choices when making spending decisions on important state programs. How would you like your legislature to spend money on each of the five areas below? Welfare.
Progressive Left,CC24_443_1,5,35.09536326006105,0.00410128061132718,State legislatures must make choices when making spending decisions on important state programs. How would you like your legislature to spend money on each of the five areas below? Welfare.
Progressive Left,CC24_444a,1,1877.6146115065037,0.21941999416429017,"Some states are considering the following policies. If this came up in your state, would you support or oppose the proposal? Preventing gender transition surgery for minors experiencing gender dysphoria."
Progressive Left,CC24_444a,2,6679.557302829821,0.78058000583571,"Some states are considering the following policies. If this came up in your state, would you support or oppose the proposal? Preventing gender transition surgery for minors experiencing gender dysphoria."
Progressive Left,CC24_444b,1,1740.5750918465192,0.20340541352575084,"Some states are considering the following policies. If this came up in your state, would you support or oppose the proposal? Requiring parental consent before teachers could address their child using a name or pronoun other than the name or gender under which they are enrolled in school."
Progressive Left,CC24_444b,2,6816.596822489797,0.7965945864742493,"Some states are considering the following policies. If this came up in your state, would you support or oppose the proposal? Requiring parental consent before teachers could address their child using a name or pronoun other than the name or gender under which they are enrolled in school."
Progressive Left,CC24_445a,1,1877.9457346065,0.2194586895537613,Do you agree or disagree with each of the following decisions of the Supreme Court of the United States? The use of race in university admissions violates Equal Protection under the Constitution and is illegal.
Progressive Left,CC24_445a,2,6679.2261797298215,0.7805413104462388,Do you agree or disagree with each of the following decisions of the Supreme Court of the United States? The use of race in university admissions violates Equal Protection under the Constitution and is illegal.
Progressive Left,comptype,1,4617.660014052323,0.5396245465532947,NA
Progressive Left,comptype,2,567.1044273666462,0.06627241254982198,NA
Progressive Left,comptype,3,3372.407472917347,0.3941030408968834,NA
Progressive Left,educ,1,174.35313068860097,0.0203750879886493,NA
Progressive Left,educ,2,1095.6000473053396,0.12803295975272147,NA
Progressive Left,educ,3,1691.487020991185,0.19766893056774304,NA
Progressive Left,educ,4,725.7925718753772,0.08481687397905564,NA
Progressive Left,educ,5,2636.6374981699432,0.3081201972526269,NA
Progressive Left,educ,6,2233.3016453058663,0.26098595045920375,NA
Progressive Left,gender4,1,3659.485637700088,0.4276512934804016,NA
Progressive Left,gender4,2,4748.7089556754645,0.5549390620188062,NA
Progressive Left,gender4,3,126.0776705695216,0.01473356756550567,NA
Progressive Left,gender4,4,22.899650391239017,0.00267607693528675,NA
Progressive Left,hispanic,1,898.9442418738478,0.10505155802325213,NA
Progressive Left,hispanic,2,7658.227672462497,0.8949484419767479,NA
Progressive Left,inputstate,1,64.78458841130944,0.00757079430679335,NA
Progressive Left,inputstate,2,17.15970781019397,0.00200530128200945,NA
Progressive Left,inputstate,4,230.0732141798577,0.02688659483332369,NA
Progressive Left,inputstate,5,25.07221371350977,0.0029299649422147,NA
Progressive Left,inputstate,6,1022.245656912728,0.1194606894831808,NA
Progressive Left,inputstate,8,212.6999732525956,0.02485633984941298,NA
Progressive Left,inputstate,9,116.48159033579245,0.01361215965997411,NA
Progressive Left,inputstate,10,51.467275001074285,0.00601451922624671,NA
Progressive Left,inputstate,11,67.41659215718607,0.00787837299893895,NA
Progressive Left,inputstate,12,343.4759988742031,0.04013896206745102,NA
Progressive Left,inputstate,13,243.4540128119161,0.02845028886284771,NA
Progressive Left,inputstate,15,43.21953913667016,0.00505068024451652,NA
Progressive Left,inputstate,16,34.059178729691915,0.00398019101061071,NA
Progressive Left,inputstate,17,359.2929108035924,0.04198734282779198,NA
Progressive Left,inputstate,18,94.92793534700375,0.01109337714577937,NA
Progressive Left,inputstate,19,42.31334888593321,0.00494478191036961,NA
Progressive Left,inputstate,20,48.712252638586186,0.00569256445075921,NA
Progressive Left,inputstate,21,109.20725093908334,0.01276207280072544,NA
Progressive Left,inputstate,22,61.71293214640856,0.00721183736451727,NA
Progressive Left,inputstate,23,58.73004100316494,0.00686325360657661,NA
Progressive Left,inputstate,24,226.83767492056785,0.02650848635406441,NA
Progressive Left,inputstate,25,253.38573257915175,0.02961091995296248,NA
Progressive Left,inputstate,26,322.8652908036879,0.0377303733097582,NA
Progressive Left,inputstate,27,195.31209578766425,0.02282437442450425,NA
Progressive Left,inputstate,28,26.234862928138245,0.00306583333731854,NA
Progressive Left,inputstate,29,126.94186800529972,0.01483455857566991,NA
Progressive Left,inputstate,30,38.8773441436523,0.00454324682650337,NA
Progressive Left,inputstate,31,25.31231299856531,0.0029580231941067,NA
Progressive Left,inputstate,32,131.01052667375052,0.01531002625461584,NA
Progressive Left,inputstate,33,68.6249941165706,0.00801958810732774,NA
Progressive Left,inputstate,34,296.87327660824087,0.03469291952763877,NA
Progressive Left,inputstate,35,64.37114505075614,0.00752247888615062,NA
Progressive Left,inputstate,36,643.8697905153024,0.07524329263931111,NA
Progressive Left,inputstate,37,280.67762551449334,0.03280027891507681,NA
Progressive Left,inputstate,38,7.1835921854351605,8.394820458614453e-4,NA
Progressive Left,inputstate,39,263.8898870523127,0.03083844635751709,NA
Progressive Left,inputstate,40,36.647965146347254,0.0042827192807648,NA
Progressive Left,inputstate,41,270.60265341561006,0.03162290720866011,NA
Progressive Left,inputstate,42,419.150252442724,0.04898233395784619,NA
Progressive Left,inputstate,44,41.6332443927058,0.00486530419272694,NA
Progressive Left,inputstate,45,90.8032539495524,0.01061136259252013,NA
Progressive Left,inputstate,46,11.46561124793504,0.00133988324211718,NA
Progressive Left,inputstate,47,99.59544559108194,0.01163882724200315,NA
Progressive Left,inputstate,48,331.76875741318173,0.03877084166760168,NA
Progressive Left,inputstate,49,62.62691915598116,0.00731864683600181,NA
Progressive Left,inputstate,50,36.632867212509446,0.00428095492053119,NA
Progressive Left,inputstate,51,311.75379562767364,0.03643187243969872,NA
Progressive Left,inputstate,53,416.9764288495955,0.0487282986743565,NA
Progressive Left,inputstate,54,18.538724921065388,0.00216645465425398,NA
Progressive Left,inputstate,55,182.82686409264025,0.02136533727765124,NA
Progressive Left,inputstate,56,7.374897903633079,8.618382308385652e-4,NA
Progressive Left,multrace_1,1,2460.6688735716025,0.2875563209673395,NA
Progressive Left,multrace_1,2,6096.503040764733,0.7124436790326605,NA
Progressive Left,multrace_2,1,501.1026368832722,0.05855937474432946,NA
Progressive Left,multrace_2,2,8056.069277453057,0.9414406252556704,NA
Progressive Left,multrace_3,1,400.8567931649582,0.04684454130147589,NA
Progressive Left,multrace_3,2,8156.315121171383,0.953155458698524,NA
Progressive Left,multrace_4,1,253.37713743967137,0.02960991551603323,NA
Progressive Left,multrace_4,2,8303.794776896666,0.9703900844839668,NA
Progressive Left,multrace_5,1,103.88934564417391,0.0121406168631627,NA
Progressive Left,multrace_5,2,8453.282568692153,0.9878593831368372,NA
Progressive Left,multrace_8,1,52.439775792653755,0.00612816667908685,NA
Progressive Left,multrace_8,2,8504.732138543675,0.9938718333209132,NA
Progressive Left,multrace_97,2,8488.27572993345,0.9919487203140742,NA
Progressive Left,multrace_97,NA,68.89618440287053,0.00805127968592576,NA
Progressive Left,multrace_98,1,25.326992891232017,0.00295973870161475,NA
Progressive Left,multrace_98,2,8531.844921445094,0.9970402612983852,NA
Progressive Left,newsint,1,6069.457006438128,0.7092830513629873,"Some people seem to follow what's going on in government and public affairs most of the time, whether there's an election going on or not. Others aren't that interested. Would you say you follow what's going on in government and public affairs..."
Progressive Left,newsint,2,1973.5236296297664,0.23062802166255503,"Some people seem to follow what's going on in government and public affairs most of the time, whether there's an election going on or not. Others aren't that interested. Would you say you follow what's going on in government and public affairs..."
Progressive Left,newsint,3,393.8702088405819,0.04602808179893034,"Some people seem to follow what's going on in government and public affairs most of the time, whether there's an election going on or not. Others aren't that interested. Would you say you follow what's going on in government and public affairs..."
Progressive Left,newsint,4,120.3210694278534,0.01406084517552726,"Some people seem to follow what's going on in government and public affairs most of the time, whether there's an election going on or not. Others aren't that interested. Would you say you follow what's going on in government and public affairs..."
Progressive Left,pew_bornagain,1,851.2713797525686,0.0994804578281738,"Would you describe yourself as a 'born-again' or evangelical Christian, or not?"
Progressive Left,pew_bornagain,2,7705.900534583762,0.9005195421718262,"Would you describe yourself as a 'born-again' or evangelical Christian, or not?"
Progressive Left,pew_churatd,1,204.81819028742296,0.02393526650367738,"Aside from weddings and funerals, how often do you attend religious services?"
Progressive Left,pew_churatd,2,780.985167125907,0.091266737999908365,"Aside from weddings and funerals, how often do you attend religious services?"
Progressive Left,pew_churatd,3,402.06562790752366,0.04698580698535695,"Aside from weddings and funerals, how often do you attend religious services?"
Progressive Left,pew_churatd,4,870.2776400346193,0.1017015491504376,"Aside from weddings and funerals, how often do you attend religious services?"
Progressive Left,pew_churatd,5,1756.6968642444758,0.20528942059716968,"Aside from weddings and funerals, how often do you attend religious services?"
Progressive Left,pew_churatd,6,4501.976622511209,0.5261056652337195,"Aside from weddings and funerals, how often do you attend religious services?"
Progressive Left,pew_churatd,7,40.35180222515948,0.00471555352973051,"Aside from weddings and funerals, how often do you attend religious services?"
Progressive Left,pew_religimp,1,1368.6393395538212,0.15994061510682803,How important is religion in your life?
Progressive Left,pew_religimp,2,1436.1792434351896,0.16783339844196415,How important is religion in your life?
Progressive Left,pew_religimp,3,1418.6947507493126,0.16579014246196166,How important is religion in your life?
Progressive Left,pew_religimp,4,4333.6585805979785,0.5064358439892462,How important is religion in your life?
Progressive Left,pid3,1,6604.960512096096,0.7718625473715698,NA
Progressive Left,pid3,2,85.18348404934585,0.00995463044357364,NA
Progressive Left,pid3,3,1514.2575340408005,0.17695770859807963,NA
Progressive Left,pid3,4,291.61788662645915,0.03407876919451559,NA
Progressive Left,pid3,5,61.152497523632874,0.00714634439226124,NA
Progressive Left,pid7,1,5557.720277173202,0.649480965535124,NA
Progressive Left,pid7,2,1047.2402349228832,0.12238158183644544,NA
Progressive Left,pid7,3,1529.6853504584976,0.17876061925269113,NA
Progressive Left,pid7,4,308.336115402334,0.03603247877791969,NA
Progressive Left,pid7,5,12.25859775464399,0.00143255246912901,NA
Progressive Left,pid7,6,60.131475726398264,0.00702702672429153,NA
Progressive Left,pid7,7,25.052008322947596,0.00292760371928212,NA
Progressive Left,pid7,8,16.74785457541732,0.00195717168511698,NA
Progressive Left,race,1,5975.5747946481815,0.698311878558493,NA
Progressive Left,race,2,1094.29861932405,0.12788087352676727,NA
Progressive Left,race,3,614.0545620707315,0.07175905406808174,NA
Progressive Left,race,4,381.82474135525297,0.0446204359544956,NA
Progressive Left,race,5,27.86483329978813,0.00325631336833428,NA
Progressive Left,race,6,304.78158454472265,0.03561709260907848,NA
Progressive Left,race,7,111.129821386212,0.01298674638054538,NA
Progressive Left,race,8,47.64295770739711,0.00556760553420436,NA
Progressive Left,region,1,1935.381789206156,0.22617072656489504,NA
Progressive Left,region,2,1681.043969848655,0.1964485447618867,NA
Progressive Left,region,3,2389.448970066785,0.27923348905303735,NA
Progressive Left,region,4,2551.297185214709,0.29814723962018097,NA
Progressive Left,votereg,1,7670.812099116351,0.8964190711495448,NA
Progressive Left,votereg,2,760.3910717173904,0.08886009061515548,NA
Progressive Left,votereg,3,125.96874350259526,0.01472083823529972,NA
Religious Moderates,CC24_321a,1,8971.679889306937,0.7506977327577724,"On the issue of gun regulation, do you support or oppose a proposal that would do the following? Ban assault rifles."
Religious Moderates,CC24_321a,2,2979.4417110587165,0.24930226724222757,"On the issue of gun regulation, do you support or oppose a proposal that would do the following? Ban assault rifles."
Religious Moderates,CC24_321b,1,3649.2571272407904,0.30534850612926057,"On the issue of gun regulation, do you support or oppose a proposal that would do the following? Make it easier for people to obtain concealed-carry permit."
Religious Moderates,CC24_321b,2,8301.864473124864,0.6946514938707394,"On the issue of gun regulation, do you support or oppose a proposal that would do the following? Make it easier for people to obtain concealed-carry permit."
Religious Moderates,CC24_321c,1,11467.883870918047,0.9595654913733908,"On the issue of gun regulation, do you support or oppose a proposal that would do the following? Require criminal background checks on all gun sales."
Religious Moderates,CC24_321c,2,483.2377294476437,0.04043450862660933,"On the issue of gun regulation, do you support or oppose a proposal that would do the following? Require criminal background checks on all gun sales."
Religious Moderates,CC24_323a,1,8904.937021918704,0.7451130797335586,"What do you think the U.S. government should do about immigration? Grant legal status to all illegal immigrants who have held jobs and paid taxes for at least 3 years, and not been convicted of any felony crimes."
Religious Moderates,CC24_323a,2,3046.1845784469456,0.25488692026644144,"What do you think the U.S. government should do about immigration? Grant legal status to all illegal immigrants who have held jobs and paid taxes for at least 3 years, and not been convicted of any felony crimes."
Religious Moderates,CC24_323b,1,10077.911171082247,0.843260700382623,What do you think the U.S. government should do about immigration? Increase the number of border patrols on the US-Mexican border.
Religious Moderates,CC24_323b,2,1873.210429283422,0.1567392996173771,What do you think the U.S. government should do about immigration? Increase the number of border patrols on the US-Mexican border.
Religious Moderates,CC24_323c,1,6779.661794042845,0.5672824711142946,What do you think the U.S. government should do about immigration? Build a wall between the U.S. and Mexico.
Religious Moderates,CC24_323c,2,5171.459806322796,0.4327175288857053,What do you think the U.S. government should do about immigration? Build a wall between the U.S. and Mexico.
Religious Moderates,CC24_323d,1,9835.6208561059,0.8229872630368821,What do you think the U.S. government should do about immigration? Provide permanent resident status to children of immigrants who were brought to the United States by their parents (also known as Dreamers).
Religious Moderates,CC24_323d,2,2115.5007442597644,0.1770127369631179,What do you think the U.S. government should do about immigration? Provide permanent resident status to children of immigrants who were brought to the United States by their parents (also known as Dreamers).
Religious Moderates,CC24_324a,1,7643.364431490547,0.6395520593863511,"On the topic of abortion, do you support or oppose each of the following proposals? Always allow a woman the right to obtain an abortion as a matter of choice."
Religious Moderates,CC24_324a,2,4307.7571688750895,0.3604479406136489,"On the topic of abortion, do you support or oppose each of the following proposals? Always allow a woman the right to obtain an abortion as a matter of choice."
Religious Moderates,CC24_324c,1,1740.7470398055634,0.14565553744782425,"On the topic of abortion, do you support or oppose each of the following proposals? Make abortions illegal in all circumstances."
Religious Moderates,CC24_324c,2,10210.374560560109,0.8543444625521758,"On the topic of abortion, do you support or oppose each of the following proposals? Make abortions illegal in all circumstances."
Religious Moderates,CC24_326a,1,9921.26705512104,0.8301536363597443,Do you support or oppose each of the following proposals? Give the Environmental Protection Agency power to regulate carbon dioxide emissions.
Religious Moderates,CC24_326a,2,2029.8545452446217,0.16984636364025577,Do you support or oppose each of the following proposals? Give the Environmental Protection Agency power to regulate carbon dioxide emissions.
Religious Moderates,CC24_326b,1,10435.956362634886,0.8732198292012676,"Do you support or oppose each of the following proposals? Require that at least 20 percent of electricity be generated with renewable sources such as wind, solar, or hydroelectric power."
Religious Moderates,CC24_326b,2,1515.1652377307776,0.12678017079873227,"Do you support or oppose each of the following proposals? Require that at least 20 percent of electricity be generated with renewable sources such as wind, solar, or hydroelectric power."
Religious Moderates,CC24_326c,1,8460.141265550319,0.7078951707169889,Do you support or oppose each of the following proposals? Strengthen the Environmental Protection Agency enforcement of the Clean Air Act and Clean Water Act even if it costs U.S. jobs.
Religious Moderates,CC24_326c,2,3490.9803348153073,0.29210482928301107,Do you support or oppose each of the following proposals? Strengthen the Environmental Protection Agency enforcement of the Clean Air Act and Clean Water Act even if it costs U.S. jobs.
Religious Moderates,CC24_326d,1,7222.836886601677,0.6043647724562264,Do you support or oppose each of the following proposals? Increase fossil fuel production in the U.S.
Religious Moderates,CC24_326d,2,4728.284713763969,0.3956352275437735,Do you support or oppose each of the following proposals? Increase fossil fuel production in the U.S.
Religious Moderates,CC24_328c,1,7478.895567259636,0.6257902661647102,Do you support or oppose each of the following proposals? Require able-bodied adults under 64 years of age who do not have dependents to have a job in order to receive Medicaid.
Religious Moderates,CC24_328c,2,4472.226033106011,0.37420973383528977,Do you support or oppose each of the following proposals? Require able-bodied adults under 64 years of age who do not have dependents to have a job in order to receive Medicaid.
Religious Moderates,CC24_328d,1,4016.002182317809,0.33603558867604005,Do you support or oppose each of the following proposals? Repeal the Affordable Care Act.
Religious Moderates,CC24_328d,2,7935.119418047839,0.6639644113239599,Do you support or oppose each of the following proposals? Repeal the Affordable Care Act.
Religious Moderates,CC24_328e,1,10696.498706014198,0.8950204895988108,"Do you support or oppose each of the following proposals? Expand Medicaid to cover individuals making less than $25,000 and families making less than $40,000 a year."
Religious Moderates,CC24_328e,2,1254.6228943514657,0.10497951040118934,"Do you support or oppose each of the following proposals? Expand Medicaid to cover individuals making less than $25,000 and families making less than $40,000 a year."
Religious Moderates,CC24_330a,1,608.0061031309887,0.05087439685262571,How would you rate each of the following individuals and groups? Yourself.
Religious Moderates,CC24_330a,2,1068.6954463843665,0.08942218832010466,How would you rate each of the following individuals and groups? Yourself.
Religious Moderates,CC24_330a,3,1203.1806744326675,0.10067512612338052,How would you rate each of the following individuals and groups? Yourself.
Religious Moderates,CC24_330a,4,5093.818855742211,0.4262209879603576,How would you rate each of the following individuals and groups? Yourself.
Religious Moderates,CC24_330a,5,1474.2337548527505,0.12335526356017056,How would you rate each of the following individuals and groups? Yourself.
Religious Moderates,CC24_330a,6,1308.1642066569798,0.10945953446051102,How would you rate each of the following individuals and groups? Yourself.
Religious Moderates,CC24_330a,7,459.5041788113602,0.03844862383437735,How would you rate each of the following individuals and groups? Yourself.
Religious Moderates,CC24_330a,8,735.5183803543135,0.06154387888847277,How would you rate each of the following individuals and groups? Yourself.
Religious Moderates,CC24_340c,1,7484.199462587656,0.6262340651239531,Do you support or oppose each of the following bills before Congress? Require that all federal agencies recognize same-sex marriages and interracial marriages.
Religious Moderates,CC24_340c,2,4466.9221377779795,0.3737659348760469,Do you support or oppose each of the following bills before Congress? Require that all federal agencies recognize same-sex marriages and interracial marriages.
Religious Moderates,CC24_340f,1,8018.194406410929,0.6709156407684448,Do you support or oppose each of the following bills before Congress? Deny access to asylum for immigrants who cross the US-Mexico border illegally.
Religious Moderates,CC24_340f,2,3932.927193954734,0.3290843592315553,Do you support or oppose each of the following bills before Congress? Deny access to asylum for immigrants who cross the US-Mexico border illegally.
Religious Moderates,CC24_341b,1,8149.41571366804,0.681895472757862,Do you support or oppose each of the following proposals? Raise the corporate income tax rate from 21 percent to 28 percent.
Religious Moderates,CC24_341b,2,3801.705886697624,0.31810452724213806,Do you support or oppose each of the following proposals? Raise the corporate income tax rate from 21 percent to 28 percent.
Religious Moderates,CC24_341c,1,9498.395966230466,0.7947702553658098,"Do you support or oppose each of the following proposals? Allow tax rates on those earning $400,000 or more a year to rise to 35 percent."
Religious Moderates,CC24_341c,2,2452.725634135201,0.20522974463419025,"Do you support or oppose each of the following proposals? Allow tax rates on those earning $400,000 or more a year to rise to 35 percent."
Religious Moderates,CC24_420_5,1,7868.097474386061,0.6583564068284038,Would you approve of the use of U.S. military troops in order to protect American allies under attack by foreign nations?
Religious Moderates,CC24_420_5,2,4083.0241259796026,0.3416435931715962,Would you approve of the use of U.S. military troops in order to protect American allies under attack by foreign nations?
Religious Moderates,CC24_420_6,1,5455.918004051851,0.4565193281846387,Would you approve of the use of U.S. military troops in order to help the United Nations uphold international law?
Religious Moderates,CC24_420_6,2,6495.203596313799,0.5434806718153612,Would you approve of the use of U.S. military troops in order to help the United Nations uphold international law?
Religious Moderates,CC24_421_1,1,4180.699806196391,0.3498165231678738,Do you agree or disagree with the following statements? Elections in the U.S. are fair.
Religious Moderates,CC24_421_1,2,4822.09667948151,0.4034848644945569,Do you agree or disagree with the following statements? Elections in the U.S. are fair.
Religious Moderates,CC24_421_1,3,1931.6785894220616,0.16163157350544902,Do you agree or disagree with the following statements? Elections in the U.S. are fair.
Religious Moderates,CC24_421_1,4,827.601980599011,0.0692488963189605,Do you agree or disagree with the following statements? Elections in the U.S. are fair.
Religious Moderates,CC24_421_1,5,189.0445446666865,0.0158181425131598,Do you agree or disagree with the following statements? Elections in the U.S. are fair.
Religious Moderates,CC24_423,1,2168.575476376752,0.18145372031947207,How much trust do you have in the federal government in Washington when it comes to handling the nation's problems?
Religious Moderates,CC24_423,2,6725.693990715028,0.5627667607791094,How much trust do you have in the federal government in Washington when it comes to handling the nation's problems?
Religious Moderates,CC24_423,3,3056.8521332738783,0.2557795189014184,How much trust do you have in the federal government in Washington when it comes to handling the nation's problems?
Religious Moderates,CC24_424,1,2872.1610967479487,0.24032565250278057,How much trust do you have in the government of the state where you live when it comes to handling the state's problems?
Religious Moderates,CC24_424,2,6716.66320588644,0.5620111174905076,How much trust do you have in the government of the state where you live when it comes to handling the state's problems?
Religious Moderates,CC24_424,3,2359.3701366597065,0.197418302277798,How much trust do you have in the government of the state where you live when it comes to handling the state's problems?
Religious Moderates,CC24_424,8,2.92716107155204,2.4492772891395256e-4,How much trust do you have in the government of the state where you live when it comes to handling the state's problems?
Religious Moderates,CC24_440a,1,2638.1248273484166,0.22074286544517305,Do you agree or disagree with the following statements? White people in the U.S. have certain advantages because of the color of their skin.
Religious Moderates,CC24_440a,2,4594.280238371558,0.38442251631269425,Do you agree or disagree with the following statements? White people in the U.S. have certain advantages because of the color of their skin.
Religious Moderates,CC24_440a,3,3077.9815384855824,0.2575475040260162,Do you agree or disagree with the following statements? White people in the U.S. have certain advantages because of the color of their skin.
Religious Moderates,CC24_440a,4,925.7665771461604,0.07746273597599708,Do you agree or disagree with the following statements? White people in the U.S. have certain advantages because of the color of their skin.
Religious Moderates,CC24_440a,5,714.9684190139366,0.05982437824011945,Do you agree or disagree with the following statements? White people in the U.S. have certain advantages because of the color of their skin.
Religious Moderates,CC24_440b,1,449.10753913191394,0.03757869379541521,"Do you agree or disagree with the following statements? Racial problems in the U.S. are rare, isolated situations."
Religious Moderates,CC24_440b,2,1646.7457093277585,0.13779005556075785,"Do you agree or disagree with the following statements? Racial problems in the U.S. are rare, isolated situations."
Religious Moderates,CC24_440b,3,2571.3834300966755,0.2151583354333872,"Do you agree or disagree with the following statements? Racial problems in the U.S. are rare, isolated situations."
Religious Moderates,CC24_440b,4,4763.143524217307,0.39855200904922344,"Do you agree or disagree with the following statements? Racial problems in the U.S. are rare, isolated situations."
Religious Moderates,CC24_440b,5,2520.741397592012,0.2109209061612163,"Do you agree or disagree with the following statements? Racial problems in the U.S. are rare, isolated situations."
Religious Moderates,CC24_440c,1,838.8895547905624,0.07019337455029295,Do you agree or disagree with the following statements? Women seek to gain power by getting control over men.
Religious Moderates,CC24_440c,2,2010.3112765042576,0.1682110971444514,Do you agree or disagree with the following statements? Women seek to gain power by getting control over men.
Religious Moderates,CC24_440c,3,4269.83802023465,0.35727508789668855,Do you agree or disagree with the following statements? Women seek to gain power by getting control over men.
Religious Moderates,CC24_440c,4,2581.589303985578,0.21601230330604232,Do you agree or disagree with the following statements? Women seek to gain power by getting control over men.
Religious Moderates,CC24_440c,5,2250.4934448505983,0.18830813710252464,Do you agree or disagree with the following statements? Women seek to gain power by getting control over men.
Religious Moderates,CC24_440d,1,1031.7420954388715,0.08633014790907191,Do you agree or disagree with the following statements? Women are too easily offended.
Religious Moderates,CC24_440d,2,3190.688787973287,0.26697818787783595,Do you agree or disagree with the following statements? Women are too easily offended.
Religious Moderates,CC24_440d,3,3842.6013803982905,0.321526423116699,Do you agree or disagree with the following statements? Women are too easily offended.
Religious Moderates,CC24_440d,4,2476.369070216243,0.20720808916716865,Do you agree or disagree with the following statements? Women are too easily offended.
Religious Moderates,CC24_440d,5,1409.720266338969,0.1179571519292245,Do you agree or disagree with the following statements? Women are too easily offended.
Religious Moderates,CC24_441a,1,3120.29893737222,0.26108837661535894,"How much do you agree or disagree with the following statements? Irish, Italians, Jewish and many other minorities overcame prejudice and worked their way up. Blacks should do the same without any special favors."
Religious Moderates,CC24_441a,2,4175.0445519450595,0.3493433245476575,"How much do you agree or disagree with the following statements? Irish, Italians, Jewish and many other minorities overcame prejudice and worked their way up. Blacks should do the same without any special favors."
Religious Moderates,CC24_441a,3,3393.721755118871,0.28396679982028106,"How much do you agree or disagree with the following statements? Irish, Italians, Jewish and many other minorities overcame prejudice and worked their way up. Blacks should do the same without any special favors."
Religious Moderates,CC24_441a,4,935.1259457074032,0.0782458732307428,"How much do you agree or disagree with the following statements? Irish, Italians, Jewish and many other minorities overcame prejudice and worked their way up. Blacks should do the same without any special favors."
Religious Moderates,CC24_441a,5,326.93041022210343,0.02735562578595975,"How much do you agree or disagree with the following statements? Irish, Italians, Jewish and many other minorities overcame prejudice and worked their way up. Blacks should do the same without any special favors."
Religious Moderates,CC24_441b,1,1249.6253538584697,0.10456134542386682,How much do you agree or disagree with the following statements? Generations of slavery and discrimination have created conditions that make it difficult for Blacks to work their way out of the lower class.
Religious Moderates,CC24_441b,2,3454.394431943048,0.28904353477897476,How much do you agree or disagree with the following statements? Generations of slavery and discrimination have created conditions that make it difficult for Blacks to work their way out of the lower class.
Religious Moderates,CC24_441b,3,3174.6988795322145,0.2656402458021246,How much do you agree or disagree with the following statements? Generations of slavery and discrimination have created conditions that make it difficult for Blacks to work their way out of the lower class.
Religious Moderates,CC24_441b,4,2423.1539672425147,0.20275536039800443,How much do you agree or disagree with the following statements? Generations of slavery and discrimination have created conditions that make it difficult for Blacks to work their way out of the lower class.
Religious Moderates,CC24_441b,5,1649.2489677894112,0.13799951359702928,How much do you agree or disagree with the following statements? Generations of slavery and discrimination have created conditions that make it difficult for Blacks to work their way out of the lower class.
Religious Moderates,CC24_443_1,1,1888.7394899549925,0.15803868064543877,State legislatures must make choices when making spending decisions on important state programs. How would you like your legislature to spend money on each of the five areas below? Welfare.
Religious Moderates,CC24_443_1,2,2881.231859459555,0.24108464090695905,State legislatures must make choices when making spending decisions on important state programs. How would you like your legislature to spend money on each of the five areas below? Welfare.
Religious Moderates,CC24_443_1,3,5858.647606281274,0.4902173873038013,State legislatures must make choices when making spending decisions on important state programs. How would you like your legislature to spend money on each of the five areas below? Welfare.
Religious Moderates,CC24_443_1,4,1016.3606336879396,0.08504311709595887,State legislatures must make choices when making spending decisions on important state programs. How would you like your legislature to spend money on each of the five areas below? Welfare.
Religious Moderates,CC24_443_1,5,306.1420109818893,0.02561617404784189,State legislatures must make choices when making spending decisions on important state programs. How would you like your legislature to spend money on each of the five areas below? Welfare.
Religious Moderates,CC24_444a,1,7740.341865800593,0.6476665642464687,"Some states are considering the following policies. If this came up in your state, would you support or oppose the proposal? Preventing gender transition surgery for minors experiencing gender dysphoria."
Religious Moderates,CC24_444a,2,4210.779734565076,0.35233343575353115,"Some states are considering the following policies. If this came up in your state, would you support or oppose the proposal? Preventing gender transition surgery for minors experiencing gender dysphoria."
Religious Moderates,CC24_444b,1,8963.061492918307,0.7499765957233728,"Some states are considering the following policies. If this came up in your state, would you support or oppose the proposal? Requiring parental consent before teachers could address their child using a name or pronoun other than the name or gender under which they are enrolled in school."
Religious Moderates,CC24_444b,2,2988.060107447356,0.2500234042766272,"Some states are considering the following policies. If this came up in your state, would you support or oppose the proposal? Requiring parental consent before teachers could address their child using a name or pronoun other than the name or gender under which they are enrolled in school."
Religious Moderates,CC24_445a,1,9330.2599476836,0.7807016161058998,Do you agree or disagree with each of the following decisions of the Supreme Court of the United States? The use of race in university admissions violates Equal Protection under the Constitution and is illegal.
Religious Moderates,CC24_445a,2,2620.8616526820624,0.21929838389410025,Do you agree or disagree with each of the following decisions of the Supreme Court of the United States? The use of race in university admissions violates Equal Protection under the Constitution and is illegal.
Religious Moderates,comptype,1,7592.516889599835,0.6352974342899784,NA
Religious Moderates,comptype,2,826.3226585576484,0.06914185012830654,NA
Religious Moderates,comptype,3,3532.2820522081624,0.29556071558171515,NA
Religious Moderates,educ,1,1223.095178137811,0.10234145539113151,NA
Religious Moderates,educ,2,4220.613681493233,0.35315628295206175,NA
Religious Moderates,educ,3,2194.020309541746,0.18358279523108664,NA
Religious Moderates,educ,4,1200.630944745828,0.10046177964661432,NA
Religious Moderates,educ,5,2020.264619409626,0.16904393470047305,NA
Religious Moderates,educ,6,1092.4968670374185,0.09141375207863268,NA
Religious Moderates,gender4,1,5338.0669098304425,0.4466582374717972,NA
Religious Moderates,gender4,2,6567.104368040935,0.5494969081261808,NA
Religious Moderates,gender4,3,27.075756798487088,0.00226554106835116,NA
Religious Moderates,gender4,4,18.874565695780564,0.00157931333367096,NA
Religious Moderates,hispanic,1,2346.8670314491515,0.19637211551569736,NA
Religious Moderates,hispanic,2,9604.16398256159,0.8036203047476094,NA
Religious Moderates,hispanic,NA,0.0905863549197551,7.579736693247559e-6,NA
Religious Moderates,inputstate,1,214.45268912482257,0.01794414752823376,NA
Religious Moderates,inputstate,2,36.81743493462951,0.00308066775368623,NA
Religious Moderates,inputstate,4,234.914903679724,0.01965630603846726,NA
Religious Moderates,inputstate,5,115.77899581545924,0.0096877096298574,NA
Religious Moderates,inputstate,6,1236.3295427949242,0.1034488296694343,NA
Religious Moderates,inputstate,8,139.53365005809414,0.01167536024851633,NA
Religious Moderates,inputstate,9,103.81824493825278,0.00868690390825546,NA
Religious Moderates,inputstate,10,46.41366043001836,0.00388362381222849,NA
Religious Moderates,inputstate,11,33.390415817271474,0.00279391482522024,NA
Religious Moderates,inputstate,12,950.1383127228444,0.07950202035378617,NA
Religious Moderates,inputstate,13,503.63052794426744,0.04214085880683017,NA
Religious Moderates,inputstate,15,48.720936923860165,0.00407668322296791,NA
Religious Moderates,inputstate,16,43.747454421451096,0.00366053127767628,NA
Religious Moderates,inputstate,17,450.3742131150962,0.03768468167048994,NA
Religious Moderates,inputstate,18,230.2626394565889,0.01926703176123182,NA
Religious Moderates,inputstate,19,108.08916913151,0.00904426988076189,NA
Religious Moderates,inputstate,20,97.52143814582126,0.00816002392133952,NA
Religious Moderates,inputstate,21,165.3878242050477,0.01383868642086174,NA
Religious Moderates,inputstate,22,146.288424762491,0.01224056031343661,NA
Religious Moderates,inputstate,23,36.206610094475614,0.00302955750139533,NA
Religious Moderates,inputstate,24,200.4902660415381,0.01677585357640439,NA
Religious Moderates,inputstate,25,191.6172171839697,0.01603340871187411,NA
Religious Moderates,inputstate,26,298.7940880083137,0.02500134280276854,NA
Religious Moderates,inputstate,27,142.86119990499853,0.01195379016983874,NA
Religious Moderates,inputstate,28,141.22445899713233,0.01181683725758521,NA
Religious Moderates,inputstate,29,229.31853227009776,0.01918803439026856,NA
Religious Moderates,inputstate,30,29.97190964917827,0.00250787421058967,NA
Religious Moderates,inputstate,31,60.43922968390056,0.00505720146651769,NA
Religious Moderates,inputstate,32,164.4180617712756,0.01375754236876353,NA
Religious Moderates,inputstate,33,55.49548806439368,0.00464353806446883,NA
Religious Moderates,inputstate,34,331.2437239386342,0.02771653866600264,NA
Religious Moderates,inputstate,35,90.42155681711122,0.00756594735127995,NA
Religious Moderates,inputstate,36,803.101544732738,0.06719884305320482,NA
Religious Moderates,inputstate,37,374.37498761100136,0.03132551070349304,NA
Religious Moderates,inputstate,38,22.349407373195728,0.00187006777443482,NA
Religious Moderates,inputstate,39,427.1070306652332,0.03573781984212806,NA
Religious Moderates,inputstate,40,134.67827580341367,0.01126909091103993,NA
Religious Moderates,inputstate,41,72.21836303682207,0.00604281049526033,NA
Religious Moderates,inputstate,42,501.0154816433069,0.0419220470175768,NA
Religious Moderates,inputstate,44,44.02070081686792,0.00368339493889184,NA
Religious Moderates,inputstate,45,191.358276120416,0.01601174203721274,NA
Religious Moderates,inputstate,46,26.682607076215863,0.00223264459759153,NA
Religious Moderates,inputstate,47,260.3158079004728,0.02178170523279657,NA
Religious Moderates,inputstate,48,1148.8264674733075,0.09612708379087684,NA
Religious Moderates,inputstate,49,99.63493485933384,0.00833686897272347,NA
Religious Moderates,inputstate,50,14.264242434869676,0.00119354843100527,NA
Religious Moderates,inputstate,51,329.8370929742922,0.02759884000880724,NA
Religious Moderates,inputstate,53,254.15334931218803,0.02126606671832473,NA
Religious Moderates,inputstate,54,87.71675811881292,0.00733962560602923,NA
Religious Moderates,inputstate,55,269.37201346770644,0.02253947558022208,NA
Religious Moderates,inputstate,56,11.981438098271472,0.00100253670734175,NA
Religious Moderates,multrace_1,1,2034.7246550297143,0.1702538659607864,NA
Religious Moderates,multrace_1,2,9916.396945335946,0.8297461340392135,NA
Religious Moderates,multrace_2,1,619.4839235808927,0.05183479377884812,NA
Religious Moderates,multrace_2,2,11331.637676784794,0.948165206221152,NA
Religious Moderates,multrace_3,1,644.5904308811414,0.05393555955964988,NA
Religious Moderates,multrace_3,2,11306.53116948454,0.9460644404403502,NA
Religious Moderates,multrace_4,1,270.6762696471527,0.02264860811380835,NA
Religious Moderates,multrace_4,2,11680.445330718543,0.9773513918861916,NA
Religious Moderates,multrace_5,1,139.76581563294127,0.01169478650678816,NA
Religious Moderates,multrace_5,2,11811.355784732754,0.9883052134932118,NA
Religious Moderates,multrace_8,1,33.477258405919144,0.00280118130543453,NA
Religious Moderates,multrace_8,2,11917.64434195976,0.9971988186945656,NA
Religious Moderates,multrace_97,2,11790.051123615753,0.986522563978848,NA
Religious Moderates,multrace_97,NA,161.0704767499355,0.01347743602115193,NA
Religious Moderates,multrace_98,1,48.15043997007199,0.0040289473724875,NA
Religious Moderates,multrace_98,2,11902.971160395611,0.9959710526275124,NA
Religious Moderates,newsint,1,3425.065057899151,0.2865894241921494,"Some people seem to follow what's going on in government and public affairs most of the time, whether there's an election going on or not. Others aren't that interested. Would you say you follow what's going on in government and public affairs..."
Religious Moderates,newsint,2,4328.7077899677615,0.3622009661281768,"Some people seem to follow what's going on in government and public affairs most of the time, whether there's an election going on or not. Others aren't that interested. Would you say you follow what's going on in government and public affairs..."
Religious Moderates,newsint,3,2669.9500247785877,0.22340581194462109,"Some people seem to follow what's going on in government and public affairs most of the time, whether there's an election going on or not. Others aren't that interested. Would you say you follow what's going on in government and public affairs..."
Religious Moderates,newsint,4,1527.398727720152,0.12780379773505277,"Some people seem to follow what's going on in government and public affairs most of the time, whether there's an election going on or not. Others aren't that interested. Would you say you follow what's going on in government and public affairs..."
Religious Moderates,pew_bornagain,1,5124.080825080366,0.42875313267029264,"Would you describe yourself as a 'born-again' or evangelical Christian, or not?"
Religious Moderates,pew_bornagain,2,6827.040775285266,0.5712468673297074,"Would you describe yourself as a 'born-again' or evangelical Christian, or not?"
Religious Moderates,pew_churatd,1,1122.0062226153364,0.0938829224682148,"Aside from weddings and funerals, how often do you attend religious services?"
Religious Moderates,pew_churatd,2,2859.9999641377626,0.23930808000901416,"Aside from weddings and funerals, how often do you attend religious services?"
Religious Moderates,pew_churatd,3,1266.077529540513,0.10593796732030372,"Aside from weddings and funerals, how often do you attend religious services?"
Religious Moderates,pew_churatd,4,2104.508737923502,0.17609299012229213,"Aside from weddings and funerals, how often do you attend religious services?"
Religious Moderates,pew_churatd,5,2443.0481659554093,0.20441999066268904,"Aside from weddings and funerals, how often do you attend religious services?"
Religious Moderates,pew_churatd,6,2033.0236082009549,0.1701115323049472,"Aside from weddings and funerals, how often do you attend religious services?"
Religious Moderates,pew_churatd,7,122.45737199218092,0.01024651711253897,"Aside from weddings and funerals, how often do you attend religious services?"
Religious Moderates,pew_religimp,1,6052.807727469705,0.5064635713592364,How important is religion in your life?
Religious Moderates,pew_religimp,2,3762.6316627857345,0.3148350245779954,How important is religion in your life?
Religious Moderates,pew_religimp,3,1263.4008041137092,0.10571399458232052,How important is religion in your life?
Religious Moderates,pew_religimp,4,872.2814059965106,0.07298740948044759,How important is religion in your life?
Religious Moderates,pid3,1,4652.408273998702,0.38928633056970646,NA
Religious Moderates,pid3,2,3129.3542444183468,0.26184607177979036,NA
Religious Moderates,pid3,3,2966.0354966160207,0.2481805135783468,NA
Religious Moderates,pid3,4,289.21548334412904,0.02419986115238593,NA
Religious Moderates,pid3,5,914.1081019884514,0.07648722291977046,NA
Religious Moderates,pid7,1,2726.595809946856,0.22814560014713875,NA
Religious Moderates,pid7,2,1925.81246405185,0.16114073042256785,NA
Religious Moderates,pid7,3,905.3580121877308,0.07575506655040899,NA
Religious Moderates,pid7,4,2009.500612709785,0.168143265536542,NA
Religious Moderates,pid7,5,792.5870993588179,0.06631905572231547,NA
Religious Moderates,pid7,6,1657.7831434564432,0.13871360353372372,NA
Religious Moderates,pid7,7,1471.571100961898,0.12313246824606602,NA
Religious Moderates,pid7,8,461.9133576922752,0.03865020984123721,NA
Religious Moderates,race,1,6548.569960951387,0.5479460572764174,NA
Religious Moderates,race,2,2178.7444227848237,0.1823045983163759,NA
Religious Moderates,race,3,1802.0118922223053,0.1507818221987777,NA
Religious Moderates,race,4,790.7047803204233,0.06616155426752843,NA
Religious Moderates,race,5,127.67120015067688,0.01068277977748721,NA
Religious Moderates,race,6,326.6854966634909,0.02733513285091967,NA
Religious Moderates,race,7,133.34834171880271,0.01115780980043938,NA
Religious Moderates,race,8,43.38550555374062,0.00363024551205413,NA
Religious Moderates,region,1,2080.7832538475077,0.17410778029267526,NA
Religious Moderates,region,2,2363.1715682986805,0.1977363838575936,NA
Religious Moderates,region,3,5044.303241862599,0.42207781081469936,NA
Religious Moderates,region,4,2462.8635363568615,0.2060780250350318,NA
Religious Moderates,votereg,1,7814.552608831857,0.653876085454002,NA
Religious Moderates,votereg,2,3565.3592977383314,0.2983284261478227,NA
Religious Moderates,votereg,3,571.2096937954568,0.04779548839817516,NA
Secular Moderates,CC24_321a,1,1711.67992607499,0.7797152741366378,"On the issue of gun regulation, do you support or oppose a proposal that would do the following? Ban assault rifles."
Secular Moderates,CC24_321a,2,483.5828613191613,0.22028472586336237,"On the issue of gun regulation, do you support or oppose a proposal that would do the following? Ban assault rifles."
Secular Moderates,CC24_321b,1,453.1475031638804,0.2064206188735068,"On the issue of gun regulation, do you support or oppose a proposal that would do the following? Make it easier for people to obtain concealed-carry permit."
Secular Moderates,CC24_321b,2,1742.1152842302718,0.7935793811264933,"On the issue of gun regulation, do you support or oppose a proposal that would do the following? Make it easier for people to obtain concealed-carry permit."
Secular Moderates,CC24_321c,1,2113.9907413666683,0.9629784431758348,"On the issue of gun regulation, do you support or oppose a proposal that would do the following? Require criminal background checks on all gun sales."
Secular Moderates,CC24_321c,2,81.27204602748749,0.03702155682416495,"On the issue of gun regulation, do you support or oppose a proposal that would do the following? Require criminal background checks on all gun sales."
Secular Moderates,CC24_323a,1,1771.531330269195,0.8069791646092899,"What do you think the U.S. government should do about immigration? Grant legal status to all illegal immigrants who have held jobs and paid taxes for at least 3 years, and not been convicted of any felony crimes."
Secular Moderates,CC24_323a,2,423.7314571249581,0.19302083539071,"What do you think the U.S. government should do about immigration? Grant legal status to all illegal immigrants who have held jobs and paid taxes for at least 3 years, and not been convicted of any felony crimes."
Secular Moderates,CC24_323b,1,1377.6919420330355,0.627574953642976,What do you think the U.S. government should do about immigration? Increase the number of border patrols on the US-Mexican border.
Secular Moderates,CC24_323b,2,817.5708453611168,0.3724250463570239,What do you think the U.S. government should do about immigration? Increase the number of border patrols on the US-Mexican border.
Secular Moderates,CC24_323c,1,639.4948941498199,0.29130676191569804,What do you think the U.S. government should do about immigration? Build a wall between the U.S. and Mexico.
Secular Moderates,CC24_323c,2,1555.767893244332,0.708693238084302,What do you think the U.S. government should do about immigration? Build a wall between the U.S. and Mexico.
Secular Moderates,CC24_323d,1,1908.3126231900264,0.8692866449283978,What do you think the U.S. government should do about immigration? Provide permanent resident status to children of immigrants who were brought to the United States by their parents (also known as Dreamers).
Secular Moderates,CC24_323d,2,286.95016420412696,0.13071335507160212,What do you think the U.S. government should do about immigration? Provide permanent resident status to children of immigrants who were brought to the United States by their parents (also known as Dreamers).
Secular Moderates,CC24_324a,1,1821.66798812673,0.8298177323404226,"On the topic of abortion, do you support or oppose each of the following proposals? Always allow a woman the right to obtain an abortion as a matter of choice."
Secular Moderates,CC24_324a,2,373.5947992674215,0.17018226765957742,"On the topic of abortion, do you support or oppose each of the following proposals? Always allow a woman the right to obtain an abortion as a matter of choice."
Secular Moderates,CC24_324c,1,176.05073239150565,0.08019574394575488,"On the topic of abortion, do you support or oppose each of the following proposals? Make abortions illegal in all circumstances."
Secular Moderates,CC24_324c,2,2019.2120550026475,0.9198042560542452,"On the topic of abortion, do you support or oppose each of the following proposals? Make abortions illegal in all circumstances."
Secular Moderates,CC24_326a,1,1823.8161923495495,0.8307962959252264,Do you support or oppose each of the following proposals? Give the Environmental Protection Agency power to regulate carbon dioxide emissions.
Secular Moderates,CC24_326a,2,371.4465950446025,0.16920370407477345,Do you support or oppose each of the following proposals? Give the Environmental Protection Agency power to regulate carbon dioxide emissions.
Secular Moderates,CC24_326b,1,1889.513158751307,0.8607229938946035,"Do you support or oppose each of the following proposals? Require that at least 20 percent of electricity be generated with renewable sources such as wind, solar, or hydroelectric power."
Secular Moderates,CC24_326b,2,305.74962864284487,0.13927700610539642,"Do you support or oppose each of the following proposals? Require that at least 20 percent of electricity be generated with renewable sources such as wind, solar, or hydroelectric power."
Secular Moderates,CC24_326c,1,1677.6991482213396,0.7642361351247717,Do you support or oppose each of the following proposals? Strengthen the Environmental Protection Agency enforcement of the Clean Air Act and Clean Water Act even if it costs U.S. jobs.
Secular Moderates,CC24_326c,2,517.5636391728116,0.23576386487522827,Do you support or oppose each of the following proposals? Strengthen the Environmental Protection Agency enforcement of the Clean Air Act and Clean Water Act even if it costs U.S. jobs.
Secular Moderates,CC24_326d,1,757.6911669013393,0.3451482762119535,Do you support or oppose each of the following proposals? Increase fossil fuel production in the U.S.
Secular Moderates,CC24_326d,2,1437.5716204928117,0.6548517237880465,Do you support or oppose each of the following proposals? Increase fossil fuel production in the U.S.
Secular Moderates,CC24_328c,1,860.5677814915283,0.3920112828555939,Do you support or oppose each of the following proposals? Require able-bodied adults under 64 years of age who do not have dependents to have a job in order to receive Medicaid.
Secular Moderates,CC24_328c,2,1334.6950059026235,0.6079887171444062,Do you support or oppose each of the following proposals? Require able-bodied adults under 64 years of age who do not have dependents to have a job in order to receive Medicaid.
Secular Moderates,CC24_328d,1,450.401937218604,0.2051699412958417,Do you support or oppose each of the following proposals? Repeal the Affordable Care Act.
Secular Moderates,CC24_328d,2,1744.8608501755475,0.7948300587041582,Do you support or oppose each of the following proposals? Repeal the Affordable Care Act.
Secular Moderates,CC24_328e,1,1995.9310370004976,0.9091991393748952,"Do you support or oppose each of the following proposals? Expand Medicaid to cover individuals making less than $25,000 and families making less than $40,000 a year."
Secular Moderates,CC24_328e,2,199.33175039365528,0.09080086062510467,"Do you support or oppose each of the following proposals? Expand Medicaid to cover individuals making less than $25,000 and families making less than $40,000 a year."
Secular Moderates,CC24_330a,1,470.1010519043156,0.2141434067045524,How would you rate each of the following individuals and groups? Yourself.
Secular Moderates,CC24_330a,2,438.9330142421838,0.1999455449081844,How would you rate each of the following individuals and groups? Yourself.
Secular Moderates,CC24_330a,3,284.6069341928902,0.1296459521052273,How would you rate each of the following individuals and groups? Yourself.
Secular Moderates,CC24_330a,4,536.482300193968,0.24438181309071863,How would you rate each of the following individuals and groups? Yourself.
Secular Moderates,CC24_330a,5,144.3670193463689,0.06576297843491309,How would you rate each of the following individuals and groups? Yourself.
Secular Moderates,CC24_330a,6,96.8994350305638,0.04414024397761806,How would you rate each of the following individuals and groups? Yourself.
Secular Moderates,CC24_330a,7,45.266671847938866,0.0206201608790863,How would you rate each of the following individuals and groups? Yourself.
Secular Moderates,CC24_330a,8,178.60636063592457,0.08135989989969993,How would you rate each of the following individuals and groups? Yourself.
Secular Moderates,CC24_340c,1,1839.2329487793263,0.837819034395675,Do you support or oppose each of the following bills before Congress? Require that all federal agencies recognize same-sex marriages and interracial marriages.
Secular Moderates,CC24_340c,2,356.0298386148257,0.16218096560432504,Do you support or oppose each of the following bills before Congress? Require that all federal agencies recognize same-sex marriages and interracial marriages.
Secular Moderates,CC24_340f,1,921.8349613721005,0.41992009643016304,Do you support or oppose each of the following bills before Congress? Deny access to asylum for immigrants who cross the US-Mexico border illegally.
Secular Moderates,CC24_340f,2,1273.4278260220503,0.5800799035698369,Do you support or oppose each of the following bills before Congress? Deny access to asylum for immigrants who cross the US-Mexico border illegally.
Secular Moderates,CC24_341b,1,1645.2922686259608,0.7494739482096249,Do you support or oppose each of the following proposals? Raise the corporate income tax rate from 21 percent to 28 percent.
Secular Moderates,CC24_341b,2,549.9705187681903,0.2505260517903751,Do you support or oppose each of the following proposals? Raise the corporate income tax rate from 21 percent to 28 percent.
Secular Moderates,CC24_341c,1,1736.050985348484,0.7908169333154105,"Do you support or oppose each of the following proposals? Allow tax rates on those earning $400,000 or more a year to rise to 35 percent."
Secular Moderates,CC24_341c,2,459.2118020456691,0.2091830666845896,"Do you support or oppose each of the following proposals? Allow tax rates on those earning $400,000 or more a year to rise to 35 percent."
Secular Moderates,CC24_420_5,1,1523.4935323632862,0.6939914169326955,Would you approve of the use of U.S. military troops in order to protect American allies under attack by foreign nations?
Secular Moderates,CC24_420_5,2,671.7692550308657,0.30600858306730444,Would you approve of the use of U.S. military troops in order to protect American allies under attack by foreign nations?
Secular Moderates,CC24_420_6,1,1217.6054722463723,0.5546513516460191,Would you approve of the use of U.S. military troops in order to help the United Nations uphold international law?
Secular Moderates,CC24_420_6,2,977.6573151477772,0.44534864835398097,Would you approve of the use of U.S. military troops in order to help the United Nations uphold international law?
Secular Moderates,CC24_421_1,1,485.2157669164789,0.2210285573566549,Do you agree or disagree with the following statements? Elections in the U.S. are fair.
Secular Moderates,CC24_421_1,2,738.5765452850887,0.3364410627858372,Do you agree or disagree with the following statements? Elections in the U.S. are fair.
Secular Moderates,CC24_421_1,3,405.35311441183393,0.1846490163908808,Do you agree or disagree with the following statements? Elections in the U.S. are fair.
Secular Moderates,CC24_421_1,4,387.34316007780154,0.17644500799723842,Do you agree or disagree with the following statements? Elections in the U.S. are fair.
Secular Moderates,CC24_421_1,5,178.77420070295167,0.08143635546938881,Do you agree or disagree with the following statements? Elections in the U.S. are fair.
Secular Moderates,CC24_423,1,73.21142305553585,0.03334973082764281,How much trust do you have in the federal government in Washington when it comes to handling the nation's problems?
Secular Moderates,CC24_423,2,765.8813496427537,0.3488791200947198,How much trust do you have in the federal government in Washington when it comes to handling the nation's problems?
Secular Moderates,CC24_423,3,1346.2154863107976,0.6132365992997125,How much trust do you have in the federal government in Washington when it comes to handling the nation's problems?
Secular Moderates,CC24_423,8,9.954528385064606,0.00453454977792474,How much trust do you have in the federal government in Washington when it comes to handling the nation's problems?
Secular Moderates,CC24_424,8,2195.262787394154,1,How much trust do you have in the government of the state where you live when it comes to handling the state's problems?
Secular Moderates,CC24_440a,1,1008.5540456021934,0.4594229225738295,Do you agree or disagree with the following statements? White people in the U.S. have certain advantages because of the color of their skin.
Secular Moderates,CC24_440a,2,709.0734353757713,0.3230016194177208,Do you agree or disagree with the following statements? White people in the U.S. have certain advantages because of the color of their skin.
Secular Moderates,CC24_440a,3,300.334421109008,0.13681023649360655,Do you agree or disagree with the following statements? White people in the U.S. have certain advantages because of the color of their skin.
Secular Moderates,CC24_440a,4,113.07217759993034,0.05150735403944537,Do you agree or disagree with the following statements? White people in the U.S. have certain advantages because of the color of their skin.
Secular Moderates,CC24_440a,5,64.22870770725004,0.02925786747539758,Do you agree or disagree with the following statements? White people in the U.S. have certain advantages because of the color of their skin.
Secular Moderates,CC24_440b,1,47.30988613734999,0.0215508987848823,"Do you agree or disagree with the following statements? Racial problems in the U.S. are rare, isolated situations."
Secular Moderates,CC24_440b,2,139.394916409122,0.0634980546336269,"Do you agree or disagree with the following statements? Racial problems in the U.S. are rare, isolated situations."
Secular Moderates,CC24_440b,3,261.4052895679738,0.11907699208907478,"Do you agree or disagree with the following statements? Racial problems in the U.S. are rare, isolated situations."
Secular Moderates,CC24_440b,4,659.1597561267123,0.3002646243136823,"Do you agree or disagree with the following statements? Racial problems in the U.S. are rare, isolated situations."
Secular Moderates,CC24_440b,5,1087.9929391529945,0.4956094301787336,"Do you agree or disagree with the following statements? Racial problems in the U.S. are rare, isolated situations."
Secular Moderates,CC24_440c,1,46.639007625441586,0.02124529595876016,Do you agree or disagree with the following statements? Women seek to gain power by getting control over men.
Secular Moderates,CC24_440c,2,214.4108593804887,0.0976697917951778,Do you agree or disagree with the following statements? Women seek to gain power by getting control over men.
Secular Moderates,CC24_440c,3,417.31282151988415,0.1900969778726344,Do you agree or disagree with the following statements? Women seek to gain power by getting control over men.
Secular Moderates,CC24_440c,4,402.9573502625927,0.18355768274144335,Do you agree or disagree with the following statements? Women seek to gain power by getting control over men.
Secular Moderates,CC24_440c,5,1113.9427486057464,0.5074302516319842,Do you agree or disagree with the following statements? Women seek to gain power by getting control over men.
Secular Moderates,CC24_440d,1,68.51826883022963,0.03121187550924733,Do you agree or disagree with the following statements? Women are too easily offended.
Secular Moderates,CC24_440d,2,291.96866820625564,0.13299941577966234,Do you agree or disagree with the following statements? Women are too easily offended.
Secular Moderates,CC24_440d,3,442.2904102175564,0.2014749271737845,Do you agree or disagree with the following statements? Women are too easily offended.
Secular Moderates,CC24_440d,4,424.2563144707272,0.19325992173098,Do you agree or disagree with the following statements? Women are too easily offended.
Secular Moderates,CC24_440d,5,968.2291256693852,0.4410538598063257,Do you agree or disagree with the following statements? Women are too easily offended.
Secular Moderates,CC24_441a,1,203.1033124408363,0.09251890644123126,"How much do you agree or disagree with the following statements? Irish, Italians, Jewish and many other minorities overcame prejudice and worked their way up. Blacks should do the same without any special favors."
Secular Moderates,CC24_441a,2,313.6123448928101,0.14285868037925326,"How much do you agree or disagree with the following statements? Irish, Italians, Jewish and many other minorities overcame prejudice and worked their way up. Blacks should do the same without any special favors."
Secular Moderates,CC24_441a,3,469.1432121381541,0.21370708547154932,"How much do you agree or disagree with the following statements? Irish, Italians, Jewish and many other minorities overcame prejudice and worked their way up. Blacks should do the same without any special favors."
Secular Moderates,CC24_441a,4,477.7446861161373,0.2176252833416974,"How much do you agree or disagree with the following statements? Irish, Italians, Jewish and many other minorities overcame prejudice and worked their way up. Blacks should do the same without any special favors."
Secular Moderates,CC24_441a,5,731.6592318062164,0.33329004436626875,"How much do you agree or disagree with the following statements? Irish, Italians, Jewish and many other minorities overcame prejudice and worked their way up. Blacks should do the same without any special favors."
Secular Moderates,CC24_441b,1,895.1408955631076,0.40776024661068855,How much do you agree or disagree with the following statements? Generations of slavery and discrimination have created conditions that make it difficult for Blacks to work their way out of the lower class.
Secular Moderates,CC24_441b,2,707.5712029615687,0.3223173129999065,How much do you agree or disagree with the following statements? Generations of slavery and discrimination have created conditions that make it difficult for Blacks to work their way out of the lower class.
Secular Moderates,CC24_441b,3,274.7848202158041,0.12517172057655218,How much do you agree or disagree with the following statements? Generations of slavery and discrimination have created conditions that make it difficult for Blacks to work their way out of the lower class.
Secular Moderates,CC24_441b,4,201.649776960794,0.09185678275909676,How much do you agree or disagree with the following statements? Generations of slavery and discrimination have created conditions that make it difficult for Blacks to work their way out of the lower class.
Secular Moderates,CC24_441b,5,116.11609169287952,0.05289393705375609,How much do you agree or disagree with the following statements? Generations of slavery and discrimination have created conditions that make it difficult for Blacks to work their way out of the lower class.
Secular Moderates,CC24_443_1,1,587.3811840862267,0.26756759484975684,State legislatures must make choices when making spending decisions on important state programs. How would you like your legislature to spend money on each of the five areas below? Welfare.
Secular Moderates,CC24_443_1,2,628.0321639923588,0.28608518652013093,State legislatures must make choices when making spending decisions on important state programs. How would you like your legislature to spend money on each of the five areas below? Welfare.
Secular Moderates,CC24_443_1,3,738.6475334103698,0.3364733997459903,State legislatures must make choices when making spending decisions on important state programs. How would you like your legislature to spend money on each of the five areas below? Welfare.
Secular Moderates,CC24_443_1,4,163.58414893500617,0.07451688694144255,State legislatures must make choices when making spending decisions on important state programs. How would you like your legislature to spend money on each of the five areas below? Welfare.
Secular Moderates,CC24_443_1,5,77.61775697019193,0.03535693194267948,State legislatures must make choices when making spending decisions on important state programs. How would you like your legislature to spend money on each of the five areas below? Welfare.
Secular Moderates,CC24_444a,1,915.0747223828974,0.416840629576344,"Some states are considering the following policies. If this came up in your state, would you support or oppose the proposal? Preventing gender transition surgery for minors experiencing gender dysphoria."
Secular Moderates,CC24_444a,2,1280.188065011253,0.583159370423656,"Some states are considering the following policies. If this came up in your state, would you support or oppose the proposal? Preventing gender transition surgery for minors experiencing gender dysphoria."
Secular Moderates,CC24_444b,1,886.3273248722991,0.40374543310343225,"Some states are considering the following policies. If this came up in your state, would you support or oppose the proposal? Requiring parental consent before teachers could address their child using a name or pronoun other than the name or gender under which they are enrolled in school."
Secular Moderates,CC24_444b,2,1308.9354625218512,0.5962545668965678,"Some states are considering the following policies. If this came up in your state, would you support or oppose the proposal? Requiring parental consent before teachers could address their child using a name or pronoun other than the name or gender under which they are enrolled in school."
Secular Moderates,CC24_445a,1,1161.8764683068282,0.5292653230304208,Do you agree or disagree with each of the following decisions of the Supreme Court of the United States? The use of race in university admissions violates Equal Protection under the Constitution and is illegal.
Secular Moderates,CC24_445a,2,1033.3863190873242,0.4707346769695791,Do you agree or disagree with each of the following decisions of the Supreme Court of the United States? The use of race in university admissions violates Equal Protection under the Constitution and is illegal.
Secular Moderates,comptype,1,1340.924100432169,0.610826233712042,NA
Secular Moderates,comptype,2,130.4837782720546,0.05943879658568943,NA
Secular Moderates,comptype,3,723.854908689928,0.32973496970226845,NA
Secular Moderates,educ,1,174.46391644923426,0.07947290750385674,NA
Secular Moderates,educ,2,614.246105683643,0.2798052739794185,NA
Secular Moderates,educ,3,434.65638405655346,0.19799742725676336,NA
Secular Moderates,educ,4,204.80951211426952,0.09329612531599688,NA
Secular Moderates,educ,5,490.4705726507366,0.2234222597254248,NA
Secular Moderates,educ,6,276.6162964397164,0.12600600621853966,NA
Secular Moderates,gender4,1,982.1626650000256,0.4474009538356383,NA
Secular Moderates,gender4,2,1184.7031766030334,0.5396634896769306,NA
Secular Moderates,gender4,3,26.310732023700623,0.01198523118725677,NA
Secular Moderates,gender4,4,2.0862137673919405,9.50325300174356e-4,NA
Secular Moderates,hispanic,1,381.2171189096687,0.17365443494907762,NA
Secular Moderates,hispanic,2,1814.045668484484,0.8263455650509224,NA
Secular Moderates,inputstate,1,52.90747390709884,0.02410074739612458,NA
Secular Moderates,inputstate,2,6.297610626263511,0.00286872745369085,NA
Secular Moderates,inputstate,4,24.06354285760743,0.01096157735455973,NA
Secular Moderates,inputstate,5,45.85078933831008,0.02088624177551719,NA
Secular Moderates,inputstate,6,186.5088628729037,0.08495969773819,NA
Secular Moderates,inputstate,8,29.112086873164294,0.01326132207967742,NA
Secular Moderates,inputstate,9,8.298458166925826,0.00378016618993316,NA
Secular Moderates,inputstate,10,0.757500619283184,3.4506147675484504e-4,NA
Secular Moderates,inputstate,11,7.929367391501394,0.00361203562372311,NA
Secular Moderates,inputstate,12,288.2192106760666,0.1312914391530282,NA
Secular Moderates,inputstate,13,62.628787628592995,0.0285290617543494,NA
Secular Moderates,inputstate,15,4.687515710902371,0.00213528682662479,NA
Secular Moderates,inputstate,16,34.397314378667474,0.01566888236624198,NA
Secular Moderates,inputstate,17,59.55058547266797,0.02712685962456294,NA
Secular Moderates,inputstate,18,69.26300531675153,0.03155112258745519,NA
Secular Moderates,inputstate,19,30.683978847319164,0.01397736026115671,NA
Secular Moderates,inputstate,20,6.065519513119702,0.00276300384079286,NA
Secular Moderates,inputstate,21,11.22641728551887,0.00511392866037919,NA
Secular Moderates,inputstate,22,42.4242527962883,0.01932536416136641,NA
Secular Moderates,inputstate,23,3.95931596402182,0.00180357266872894,NA
Secular Moderates,inputstate,24,47.16325173947033,0.02148410295582635,NA
Secular Moderates,inputstate,25,8.433057601255522,0.0038414797762166,NA
Secular Moderates,inputstate,26,32.95451356703911,0.0150116486082093,NA
Secular Moderates,inputstate,27,25.550737485059443,0.01163903366457051,NA
Secular Moderates,inputstate,28,34.161194225640706,0.01556132341959439,NA
Secular Moderates,inputstate,29,53.37914392861067,0.02431560550979566,NA
Secular Moderates,inputstate,30,8.25141668208043,0.00375873755500366,NA
Secular Moderates,inputstate,31,16.72811526597672,0.00762009694786177,NA
Secular Moderates,inputstate,32,14.441788093848936,0.00657861472292882,NA
Secular Moderates,inputstate,33,7.675075348303173,0.00349619890264423,NA
Secular Moderates,inputstate,34,22.237017350050557,0.01012954689422244,NA
Secular Moderates,inputstate,35,19.77233056856671,0.00900681717109462,NA
Secular Moderates,inputstate,36,85.01149714715064,0.03872497526734008,NA
Secular Moderates,inputstate,37,18.142466860820395,0.00826437133859317,NA
Secular Moderates,inputstate,38,4.869268848933923,0.00221808016648152,NA
Secular Moderates,inputstate,39,70.56798494647022,0.03214557516835452,NA
Secular Moderates,inputstate,40,53.96798812548501,0.02458383954549092,NA
Secular Moderates,inputstate,41,17.336682772712223,0.0078973154705052,NA
Secular Moderates,inputstate,42,51.982573691172554,0.02367943099553813,NA
Secular Moderates,inputstate,44,2.753665306319939,0.00125436704987316,NA
Secular Moderates,inputstate,45,45.44413028339961,0.02070099786884432,NA
Secular Moderates,inputstate,46,11.00186959344311,0.00501164127439279,NA
Secular Moderates,inputstate,47,93.79410684841204,0.04272568522866851,NA
Secular Moderates,inputstate,48,365.86061978098616,0.16665914526582684,NA
Secular Moderates,inputstate,49,25.034530356028743,0.01140388772578135,NA
Secular Moderates,inputstate,50,3.0629098954420817,0.00139523610249771,NA
Secular Moderates,inputstate,51,16.67771596090218,0.0075971387374079,NA
Secular Moderates,inputstate,53,31.68446457796792,0.01443310785383393,NA
Secular Moderates,inputstate,54,10.523964656260569,0.004793942992471,NA
Secular Moderates,inputstate,55,20.818481025002377,0.00948336624870072,NA
Secular Moderates,inputstate,56,1.1486286183664,5.232305785722623e-4,NA
Secular Moderates,multrace_1,1,408.7027409464096,0.18617485947163212,NA
Secular Moderates,multrace_1,2,1786.5600464477418,0.8138251405283679,NA
Secular Moderates,multrace_2,1,113.09076177561576,0.05151581962078355,NA
Secular Moderates,multrace_2,2,2082.172025618539,0.9484841803792166,NA
Secular Moderates,multrace_3,1,127.62208610624457,0.05813522045701686,NA
Secular Moderates,multrace_3,2,2067.6407012879104,0.9418647795429832,NA
Secular Moderates,multrace_4,1,44.58319557672292,0.02030881944190588,NA
Secular Moderates,multrace_4,2,2150.6795918174325,0.979691180558094,NA
Secular Moderates,multrace_5,1,26.80001036431879,0.01220811035390037,NA
Secular Moderates,multrace_5,2,2168.4627770298366,0.9877918896460997,NA
Secular Moderates,multrace_8,1,5.287851532990647,0.00240875560017463,NA
Secular Moderates,multrace_8,2,2189.974935861164,0.9975912443998252,NA
Secular Moderates,multrace_97,2,2156.348392543754,0.9822734685460622,NA
Secular Moderates,multrace_97,NA,38.91439485040171,0.01772653145393782,NA
Secular Moderates,multrace_98,1,10.772068706513876,0.00490696091983623,NA
Secular Moderates,multrace_98,2,2184.4907186876408,0.9950930390801638,NA
Secular Moderates,newsint,1,1016.4020367229108,0.4629978891636076,"Some people seem to follow what's going on in government and public affairs most of the time, whether there's an election going on or not. Others aren't that interested. Would you say you follow what's going on in government and public affairs..."
Secular Moderates,newsint,2,584.4114497989744,0.26621480269006387,"Some people seem to follow what's going on in government and public affairs most of the time, whether there's an election going on or not. Others aren't that interested. Would you say you follow what's going on in government and public affairs..."
Secular Moderates,newsint,3,297.60196062208803,0.13556552879728395,"Some people seem to follow what's going on in government and public affairs most of the time, whether there's an election going on or not. Others aren't that interested. Would you say you follow what's going on in government and public affairs..."
Secular Moderates,newsint,4,296.8473402501809,0.1352217793490446,"Some people seem to follow what's going on in government and public affairs most of the time, whether there's an election going on or not. Others aren't that interested. Would you say you follow what's going on in government and public affairs..."
Secular Moderates,pew_bornagain,1,468.7342334937633,0.2135207849307944,"Would you describe yourself as a 'born-again' or evangelical Christian, or not?"
Secular Moderates,pew_bornagain,2,1726.5285539003903,0.7864792150692057,"Would you describe yourself as a 'born-again' or evangelical Christian, or not?"
Secular Moderates,pew_churatd,1,99.09412695431598,0.04513998393419853,"Aside from weddings and funerals, how often do you attend religious services?"
Secular Moderates,pew_churatd,2,228.39770859209017,0.10404116987889428,"Aside from weddings and funerals, how often do you attend religious services?"
Secular Moderates,pew_churatd,3,137.10492299170022,0.06245490233743182,"Aside from weddings and funerals, how often do you attend religious services?"
Secular Moderates,pew_churatd,4,289.2768005184739,0.13177319917213856,"Aside from weddings and funerals, how often do you attend religious services?"
Secular Moderates,pew_churatd,5,420.1272663215273,0.19137903158292577,"Aside from weddings and funerals, how often do you attend religious services?"
Secular Moderates,pew_churatd,6,943.9283057288642,0.4299841964930936,"Aside from weddings and funerals, how often do you attend religious services?"
Secular Moderates,pew_churatd,7,77.33365628718198,0.03522751660131745,"Aside from weddings and funerals, how often do you attend religious services?"
Secular Moderates,pew_religimp,1,565.8472647474919,0.2577583276119623,How important is religion in your life?
Secular Moderates,pew_religimp,2,473.214460868907,0.2155616464626668,How important is religion in your life?
Secular Moderates,pew_religimp,3,394.7317915857858,0.17981072418867214,How important is religion in your life?
Secular Moderates,pew_religimp,4,761.4692701919688,0.3468693017366986,How important is religion in your life?
Secular Moderates,pid3,1,1071.3522631664102,0.48802916412487457,NA
Secular Moderates,pid3,2,209.51538600412164,0.09543977477649644,NA
Secular Moderates,pid3,3,588.5146248171305,0.2680839069456994,NA
Secular Moderates,pid3,4,90.02755802173944,0.04100992306647946,NA
Secular Moderates,pid3,5,235.85295538475023,0.1074372310864502,NA
Secular Moderates,pid7,1,759.9426279194236,0.3461738759857082,NA
Secular Moderates,pid7,2,311.4096352469866,0.14185528813916615,NA
Secular Moderates,pid7,3,337.45560003386896,0.15371991087884268,NA
Secular Moderates,pid7,4,360.19043947678676,0.1640762288438116,NA
Secular Moderates,pid7,5,128.07969140644698,0.0583436717198134,NA
Secular Moderates,pid7,6,95.951479264159,0.04370842516674574,NA
Secular Moderates,pid7,7,113.5639067399627,0.05173134960975068,NA
Secular Moderates,pid7,8,88.6694073065182,0.04039124965616149,NA
Secular Moderates,race,1,1328.360586735406,0.6051032224311578,NA
Secular Moderates,race,2,365.1296500490064,0.166326169306786,NA
Secular Moderates,race,3,279.74738678447216,0.1274323003108623,NA
Secular Moderates,race,4,78.7926135628648,0.03589211005411986,NA
Secular Moderates,race,5,18.7446992248431,0.0085387040369293,NA
Secular Moderates,race,6,73.46352996103167,0.03346457216096452,NA
Secular Moderates,race,7,37.00562221054331,0.01685703525930497,NA
Secular Moderates,race,8,14.018698865983016,0.00638588643987523,NA
Secular Moderates,region,1,193.413570470642,0.0881049738469944,NA
Secular Moderates,region,2,401.4332038103946,0.1828633939023348,NA
Secular Moderates,region,3,1197.679238124037,0.5455744273539661,NA
Secular Moderates,region,4,402.7367749890805,0.18345720489670472,NA
Secular Moderates,votereg,1,1420.5937293454126,0.6471178473497036,NA
Secular Moderates,votereg,2,677.9980863877049,0.3088459797528436,NA
Secular Moderates,votereg,3,96.67097166103324,0.04403617289745291,NA
Traditional Right,CC24_321a,1,3284.174608727279,0.3464405646483925,"On the issue of gun regulation, do you support or oppose a proposal that would do the following? Ban assault rifles."
Traditional Right,CC24_321a,2,6195.588859677279,0.6535594353516074,"On the issue of gun regulation, do you support or oppose a proposal that would do the following? Ban assault rifles."
Traditional Right,CC24_321b,1,5430.513376616751,0.5728532568050142,"On the issue of gun regulation, do you support or oppose a proposal that would do the following? Make it easier for people to obtain concealed-carry permit."
Traditional Right,CC24_321b,2,4049.2500917878106,0.4271467431949857,"On the issue of gun regulation, do you support or oppose a proposal that would do the following? Make it easier for people to obtain concealed-carry permit."
Traditional Right,CC24_321c,1,8502.734908434879,0.8969353440910132,"On the issue of gun regulation, do you support or oppose a proposal that would do the following? Require criminal background checks on all gun sales."
Traditional Right,CC24_321c,2,977.0285599697012,0.10306465590898678,"On the issue of gun regulation, do you support or oppose a proposal that would do the following? Require criminal background checks on all gun sales."
Traditional Right,CC24_323a,1,3803.548651088297,0.4012282230210993,"What do you think the U.S. government should do about immigration? Grant legal status to all illegal immigrants who have held jobs and paid taxes for at least 3 years, and not been convicted of any felony crimes."
Traditional Right,CC24_323a,2,5676.214817316269,0.5987717769789006,"What do you think the U.S. government should do about immigration? Grant legal status to all illegal immigrants who have held jobs and paid taxes for at least 3 years, and not been convicted of any felony crimes."
Traditional Right,CC24_323b,1,8328.330877867524,0.8785378354244064,What do you think the U.S. government should do about immigration? Increase the number of border patrols on the US-Mexican border.
Traditional Right,CC24_323b,2,1151.4325905370574,0.12146216457559364,What do you think the U.S. government should do about immigration? Increase the number of border patrols on the US-Mexican border.
Traditional Right,CC24_323c,1,7390.530638327739,0.7796112912479193,What do you think the U.S. government should do about immigration? Build a wall between the U.S. and Mexico.
Traditional Right,CC24_323c,2,2089.2328300768286,0.2203887087520807,What do you think the U.S. government should do about immigration? Build a wall between the U.S. and Mexico.
Traditional Right,CC24_323d,1,5345.962625255988,0.5639341786399762,What do you think the U.S. government should do about immigration? Provide permanent resident status to children of immigrants who were brought to the United States by their parents (also known as Dreamers).
Traditional Right,CC24_323d,2,4133.8008431485905,0.43606582136002375,What do you think the U.S. government should do about immigration? Provide permanent resident status to children of immigrants who were brought to the United States by their parents (also known as Dreamers).
Traditional Right,CC24_324a,1,5293.6831508616,0.5584193285523518,"On the topic of abortion, do you support or oppose each of the following proposals? Always allow a woman the right to obtain an abortion as a matter of choice."
Traditional Right,CC24_324a,2,4186.080317542982,0.4415806714476483,"On the topic of abortion, do you support or oppose each of the following proposals? Always allow a woman the right to obtain an abortion as a matter of choice."
Traditional Right,CC24_324c,1,663.4441566104591,0.06998530699860535,"On the topic of abortion, do you support or oppose each of the following proposals? Make abortions illegal in all circumstances."
Traditional Right,CC24_324c,2,8816.319311794132,0.9300146930013946,"On the topic of abortion, do you support or oppose each of the following proposals? Make abortions illegal in all circumstances."
Traditional Right,CC24_326a,1,3626.918925610234,0.3825959305523309,Do you support or oppose each of the following proposals? Give the Environmental Protection Agency power to regulate carbon dioxide emissions.
Traditional Right,CC24_326a,2,5852.844542794324,0.617404069447669,Do you support or oppose each of the following proposals? Give the Environmental Protection Agency power to regulate carbon dioxide emissions.
Traditional Right,CC24_326b,1,4717.1346616785095,0.49760045990603086,"Do you support or oppose each of the following proposals? Require that at least 20 percent of electricity be generated with renewable sources such as wind, solar, or hydroelectric power."
Traditional Right,CC24_326b,2,4762.628806726072,0.5023995400939693,"Do you support or oppose each of the following proposals? Require that at least 20 percent of electricity be generated with renewable sources such as wind, solar, or hydroelectric power."
Traditional Right,CC24_326c,1,2984.3555591106983,0.3148132935022444,Do you support or oppose each of the following proposals? Strengthen the Environmental Protection Agency enforcement of the Clean Air Act and Clean Water Act even if it costs U.S. jobs.
Traditional Right,CC24_326c,2,6495.407909293858,0.6851867064977555,Do you support or oppose each of the following proposals? Strengthen the Environmental Protection Agency enforcement of the Clean Air Act and Clean Water Act even if it costs U.S. jobs.
Traditional Right,CC24_326d,1,7213.191038605349,0.7609041156613708,Do you support or oppose each of the following proposals? Increase fossil fuel production in the U.S.
Traditional Right,CC24_326d,2,2266.572429799221,0.2390958843386291,Do you support or oppose each of the following proposals? Increase fossil fuel production in the U.S.
Traditional Right,CC24_328c,1,5686.599944870556,0.5998672819025094,Do you support or oppose each of the following proposals? Require able-bodied adults under 64 years of age who do not have dependents to have a job in order to receive Medicaid.
Traditional Right,CC24_328c,2,3793.163523534018,0.40013271809749074,Do you support or oppose each of the following proposals? Require able-bodied adults under 64 years of age who do not have dependents to have a job in order to receive Medicaid.
Traditional Right,CC24_328d,1,4946.554164571772,0.5218014332381092,Do you support or oppose each of the following proposals? Repeal the Affordable Care Act.
Traditional Right,CC24_328d,2,4533.209303832795,0.4781985667618908,Do you support or oppose each of the following proposals? Repeal the Affordable Care Act.
Traditional Right,CC24_328e,1,6538.135395232893,0.6896939377257726,"Do you support or oppose each of the following proposals? Expand Medicaid to cover individuals making less than $25,000 and families making less than $40,000 a year."
Traditional Right,CC24_328e,2,2941.6280731717034,0.3103060622742275,"Do you support or oppose each of the following proposals? Expand Medicaid to cover individuals making less than $25,000 and families making less than $40,000 a year."
Traditional Right,CC24_330a,1,20.541629870019637,0.00216689265913474,How would you rate each of the following individuals and groups? Yourself.
Traditional Right,CC24_330a,2,63.772291060130115,0.00672720276963437,How would you rate each of the following individuals and groups? Yourself.
Traditional Right,CC24_330a,3,202.54555251258697,0.02136609770778118,How would you rate each of the following individuals and groups? Yourself.
Traditional Right,CC24_330a,4,2574.585610701742,0.2715875368918922,How would you rate each of the following individuals and groups? Yourself.
Traditional Right,CC24_330a,5,1726.825013824277,0.18215908229985575,How would you rate each of the following individuals and groups? Yourself.
Traditional Right,CC24_330a,6,2313.4324306032227,0.24403904573291704,How would you rate each of the following individuals and groups? Yourself.
Traditional Right,CC24_330a,7,808.313711394117,0.08526728689889494,How would you rate each of the following individuals and groups? Yourself.
Traditional Right,CC24_330a,8,1769.747228438487,0.1866868550398895,How would you rate each of the following individuals and groups? Yourself.
Traditional Right,CC24_340c,1,5829.284425284415,0.6149187629747341,Do you support or oppose each of the following bills before Congress? Require that all federal agencies recognize same-sex marriages and interracial marriages.
Traditional Right,CC24_340c,2,3650.4790431201577,0.38508123702526587,Do you support or oppose each of the following bills before Congress? Require that all federal agencies recognize same-sex marriages and interracial marriages.
Traditional Right,CC24_340f,1,7606.251940261694,0.8023672706194448,Do you support or oppose each of the following bills before Congress? Deny access to asylum for immigrants who cross the US-Mexico border illegally.
Traditional Right,CC24_340f,2,1873.5115281428716,0.19763272938055507,Do you support or oppose each of the following bills before Congress? Deny access to asylum for immigrants who cross the US-Mexico border illegally.
Traditional Right,CC24_341b,1,3485.31303677974,0.36765822780241975,Do you support or oppose each of the following proposals? Raise the corporate income tax rate from 21 percent to 28 percent.
Traditional Right,CC24_341b,2,5994.450431624819,0.6323417721975804,Do you support or oppose each of the following proposals? Raise the corporate income tax rate from 21 percent to 28 percent.
Traditional Right,CC24_341c,1,4649.692995624292,0.49048618260586446,"Do you support or oppose each of the following proposals? Allow tax rates on those earning $400,000 or more a year to rise to 35 percent."
Traditional Right,CC24_341c,2,4830.0704727802895,0.5095138173941356,"Do you support or oppose each of the following proposals? Allow tax rates on those earning $400,000 or more a year to rise to 35 percent."
Traditional Right,CC24_420_5,1,5965.069007779736,0.6292423885533553,Would you approve of the use of U.S. military troops in order to protect American allies under attack by foreign nations?
Traditional Right,CC24_420_5,2,3514.6944606248417,0.3707576114466448,Would you approve of the use of U.S. military troops in order to protect American allies under attack by foreign nations?
Traditional Right,CC24_420_6,1,2791.767333392602,0.2944975729296812,Would you approve of the use of U.S. military troops in order to help the United Nations uphold international law?
Traditional Right,CC24_420_6,2,6687.996135011966,0.7055024270703188,Would you approve of the use of U.S. military troops in order to help the United Nations uphold international law?
Traditional Right,CC24_421_1,1,1560.7295829104196,0.1646380300639596,Do you agree or disagree with the following statements? Elections in the U.S. are fair.
Traditional Right,CC24_421_1,2,3919.9913591586023,0.4135115155798635,Do you agree or disagree with the following statements? Elections in the U.S. are fair.
Traditional Right,CC24_421_1,3,2419.4119268886666,0.25521859642937345,Do you agree or disagree with the following statements? Elections in the U.S. are fair.
Traditional Right,CC24_421_1,4,1303.8876339317612,0.137544321467253,Do you agree or disagree with the following statements? Elections in the U.S. are fair.
Traditional Right,CC24_421_1,5,275.7429655151338,0.02908753645955056,Do you agree or disagree with the following statements? Elections in the U.S. are fair.
Traditional Right,CC24_423,1,94.51987396735043,0.00997069961527824,How much trust do you have in the federal government in Washington when it comes to handling the nation's problems?
Traditional Right,CC24_423,2,2435.621883477263,0.25692855012627963,How much trust do you have in the federal government in Washington when it comes to handling the nation's problems?
Traditional Right,CC24_423,3,6936.073039861768,0.7316715298835493,How much trust do you have in the federal government in Washington when it comes to handling the nation's problems?
Traditional Right,CC24_423,8,13.548671098207992,0.00142922037489276,How much trust do you have in the federal government in Washington when it comes to handling the nation's problems?
Traditional Right,CC24_424,1,328.9429483681582,0.03469948901831808,How much trust do you have in the government of the state where you live when it comes to handling the state's problems?
Traditional Right,CC24_424,2,3088.1240365013477,0.325759608538109,How much trust do you have in the government of the state where you live when it comes to handling the state's problems?
Traditional Right,CC24_424,3,5441.462768672066,0.5740082847855951,How much trust do you have in the government of the state where you live when it comes to handling the state's problems?
Traditional Right,CC24_424,8,621.2337148630257,0.06553261765797799,How much trust do you have in the government of the state where you live when it comes to handling the state's problems?
Traditional Right,CC24_440a,1,342.4968710679857,0.03612926337344853,Do you agree or disagree with the following statements? White people in the U.S. have certain advantages because of the color of their skin.
Traditional Right,CC24_440a,2,1578.595425125115,0.16652265959867726,Do you agree or disagree with the following statements? White people in the U.S. have certain advantages because of the color of their skin.
Traditional Right,CC24_440a,3,3240.0993884278296,0.3417911638013816,Do you agree or disagree with the following statements? White people in the U.S. have certain advantages because of the color of their skin.
Traditional Right,CC24_440a,4,1937.230734963963,0.20435433240719772,Do you agree or disagree with the following statements? White people in the U.S. have certain advantages because of the color of their skin.
Traditional Right,CC24_440a,5,2381.341048819706,0.2512025808192949,Do you agree or disagree with the following statements? White people in the U.S. have certain advantages because of the color of their skin.
Traditional Right,CC24_440b,1,823.8785802133766,0.08690919166488797,"Do you agree or disagree with the following statements? Racial problems in the U.S. are rare, isolated situations."
Traditional Right,CC24_440b,2,2710.774384286246,0.28595379972518065,"Do you agree or disagree with the following statements? Racial problems in the U.S. are rare, isolated situations."
Traditional Right,CC24_440b,3,2864.7199134747734,0.3021931847796303,"Do you agree or disagree with the following statements? Racial problems in the U.S. are rare, isolated situations."
Traditional Right,CC24_440b,4,2287.4379357701723,0.24129694199586849,"Do you agree or disagree with the following statements? Racial problems in the U.S. are rare, isolated situations."
Traditional Right,CC24_440b,5,792.9526546600079,0.08364688183443252,"Do you agree or disagree with the following statements? Racial problems in the U.S. are rare, isolated situations."
Traditional Right,CC24_440c,1,691.8812542210597,0.07298507568538543,Do you agree or disagree with the following statements? Women seek to gain power by getting control over men.
Traditional Right,CC24_440c,2,1942.754378490308,0.20493700976457693,Do you agree or disagree with the following statements? Women seek to gain power by getting control over men.
Traditional Right,CC24_440c,3,3621.5660648353696,0.38203126870262216,Do you agree or disagree with the following statements? Women seek to gain power by getting control over men.
Traditional Right,CC24_440c,4,1870.2792475680892,0.19729176300670437,Do you agree or disagree with the following statements? Women seek to gain power by getting control over men.
Traditional Right,CC24_440c,5,1353.2825232897487,0.14275488284071114,Do you agree or disagree with the following statements? Women seek to gain power by getting control over men.
Traditional Right,CC24_440d,1,1263.495023180188,0.1332833912355865,Do you agree or disagree with the following statements? Women are too easily offended.
Traditional Right,CC24_440d,2,3257.776767027842,0.3436559127119358,Do you agree or disagree with the following statements? Women are too easily offended.
Traditional Right,CC24_440d,3,2999.041241514763,0.3163624547711942,Do you agree or disagree with the following statements? Women are too easily offended.
Traditional Right,CC24_440d,4,1320.1186944660292,0.13925650137431136,Do you agree or disagree with the following statements? Women are too easily offended.
Traditional Right,CC24_440d,5,639.3317422157571,0.06744173990697207,Do you agree or disagree with the following statements? Women are too easily offended.
Traditional Right,CC24_441a,1,3787.0038483883136,0.39948294712311566,"How much do you agree or disagree with the following statements? Irish, Italians, Jewish and many other minorities overcame prejudice and worked their way up. Blacks should do the same without any special favors."
Traditional Right,CC24_441a,2,2949.551097356993,0.31114184517236615,"How much do you agree or disagree with the following statements? Irish, Italians, Jewish and many other minorities overcame prejudice and worked their way up. Blacks should do the same without any special favors."
Traditional Right,CC24_441a,3,2264.79167677891,0.2389080365061121,"How much do you agree or disagree with the following statements? Irish, Italians, Jewish and many other minorities overcame prejudice and worked their way up. Blacks should do the same without any special favors."
Traditional Right,CC24_441a,4,333.5205939956368,0.03518237507794771,"How much do you agree or disagree with the following statements? Irish, Italians, Jewish and many other minorities overcame prejudice and worked their way up. Blacks should do the same without any special favors."
Traditional Right,CC24_441a,5,144.89625188473346,0.01528479612045837,"How much do you agree or disagree with the following statements? Irish, Italians, Jewish and many other minorities overcame prejudice and worked their way up. Blacks should do the same without any special favors."
Traditional Right,CC24_441b,1,229.1530565166886,0.02417286647292841,How much do you agree or disagree with the following statements? Generations of slavery and discrimination have created conditions that make it difficult for Blacks to work their way out of the lower class.
Traditional Right,CC24_441b,2,1176.0760512873,0.12406175061298558,How much do you agree or disagree with the following statements? Generations of slavery and discrimination have created conditions that make it difficult for Blacks to work their way out of the lower class.
Traditional Right,CC24_441b,3,2156.999627535099,0.22753728346959665,How much do you agree or disagree with the following statements? Generations of slavery and discrimination have created conditions that make it difficult for Blacks to work their way out of the lower class.
Traditional Right,CC24_441b,4,2730.7428731148625,0.28806023296005717,How much do you agree or disagree with the following statements? Generations of slavery and discrimination have created conditions that make it difficult for Blacks to work their way out of the lower class.
Traditional Right,CC24_441b,5,3186.791859950629,0.33616786648443225,How much do you agree or disagree with the following statements? Generations of slavery and discrimination have created conditions that make it difficult for Blacks to work their way out of the lower class.
Traditional Right,CC24_443_1,1,339.599022997045,0.03582357557009787,State legislatures must make choices when making spending decisions on important state programs. How would you like your legislature to spend money on each of the five areas below? Welfare.
Traditional Right,CC24_443_1,2,1057.355233417123,0.1115381451173562,State legislatures must make choices when making spending decisions on important state programs. How would you like your legislature to spend money on each of the five areas below? Welfare.
Traditional Right,CC24_443_1,3,4456.117669834449,0.47006633495512706,State legislatures must make choices when making spending decisions on important state programs. How would you like your legislature to spend money on each of the five areas below? Welfare.
Traditional Right,CC24_443_1,4,2186.2906890586987,0.23062713498553605,State legislatures must make choices when making spending decisions on important state programs. How would you like your legislature to spend money on each of the five areas below? Welfare.
Traditional Right,CC24_443_1,5,1440.4008530972749,0.1519448093718829,State legislatures must make choices when making spending decisions on important state programs. How would you like your legislature to spend money on each of the five areas below? Welfare.
Traditional Right,CC24_444a,1,7311.377393844984,0.7712615845546477,"Some states are considering the following policies. If this came up in your state, would you support or oppose the proposal? Preventing gender transition surgery for minors experiencing gender dysphoria."
Traditional Right,CC24_444a,2,2168.3860745596025,0.2287384154453523,"Some states are considering the following policies. If this came up in your state, would you support or oppose the proposal? Preventing gender transition surgery for minors experiencing gender dysphoria."
Traditional Right,CC24_444b,1,7650.841288786057,0.8070709057547493,"Some states are considering the following policies. If this came up in your state, would you support or oppose the proposal? Requiring parental consent before teachers could address their child using a name or pronoun other than the name or gender under which they are enrolled in school."
Traditional Right,CC24_444b,2,1828.9221796185088,0.19292909424525068,"Some states are considering the following policies. If this came up in your state, would you support or oppose the proposal? Requiring parental consent before teachers could address their child using a name or pronoun other than the name or gender under which they are enrolled in school."
Traditional Right,CC24_445a,1,8091.534600495544,0.8535587019089771,Do you agree or disagree with each of the following decisions of the Supreme Court of the United States? The use of race in university admissions violates Equal Protection under the Constitution and is illegal.
Traditional Right,CC24_445a,2,1388.228867909022,0.14644129809102288,Do you agree or disagree with each of the following decisions of the Supreme Court of the United States? The use of race in university admissions violates Equal Protection under the Constitution and is illegal.
Traditional Right,comptype,1,5763.784169652709,0.6080092809132864,NA
Traditional Right,comptype,2,607.5920351966714,0.06409358600789307,NA
Traditional Right,comptype,3,3108.387263555197,0.32789713307882057,NA
Traditional Right,educ,1,1125.7789337045758,0.1187560151112127,NA
Traditional Right,educ,2,3336.7409904108767,0.3519856799731358,NA
Traditional Right,educ,3,1873.572019755072,0.19763911051151892,NA
Traditional Right,educ,4,902.621863116489,0.0952156523867782,NA
Traditional Right,educ,5,1571.9695974729498,0.1658237151920742,NA
Traditional Right,educ,6,669.0800639446119,0.07057982682528013,NA
Traditional Right,gender4,1,4971.431721583631,0.5244257135901202,NA
Traditional Right,gender4,2,4489.674602720865,0.47360618412945066,NA
Traditional Right,gender4,3,14.329697812687757,0.00151160921477077,NA
Traditional Right,gender4,4,4.327446287408517,4.5649306565839976e-4,NA
Traditional Right,hispanic,1,1219.8725036271728,0.1286817448233731,NA
Traditional Right,hispanic,2,8259.890964777409,0.8713182551766269,NA
Traditional Right,inputstate,1,143.60332051014635,0.01514840755138741,NA
Traditional Right,inputstate,2,24.813159212651872,0.00261748716572438,NA
Traditional Right,inputstate,4,332.8777051961453,0.03511455811166648,NA
Traditional Right,inputstate,5,65.3616781513625,0.00689486381904028,NA
Traditional Right,inputstate,6,688.4565640368827,0.07262381243281683,NA
Traditional Right,inputstate,8,194.2086693862456,0.02048665771393245,NA
Traditional Right,inputstate,9,116.55964246568244,0.01229562771836745,NA
Traditional Right,inputstate,10,28.213559631969023,0.00297618814287961,NA
Traditional Right,inputstate,11,8.8959772342932,9.384176371006416e-4,NA
Traditional Right,inputstate,12,637.2099561644883,0.0672179172284485,NA
Traditional Right,inputstate,13,283.0329550180162,0.02985654188117102,NA
Traditional Right,inputstate,15,51.27356464172017,0.00540873881638625,NA
Traditional Right,inputstate,16,55.72865041083536,0.00587869629833859,NA
Traditional Right,inputstate,17,345.485984965553,0.0364445786139111,NA
Traditional Right,inputstate,18,199.56391971128184,0.0210515716321842,NA
Traditional Right,inputstate,19,73.24605648364911,0.00772657004869092,NA
Traditional Right,inputstate,20,87.00857819440631,0.00917834906792771,NA
Traditional Right,inputstate,21,151.68700839784975,0.01600113852032412,NA
Traditional Right,inputstate,22,120.6033735707009,0.0127221922754364,NA
Traditional Right,inputstate,23,63.51265231853843,0.00669981403335873,NA
Traditional Right,inputstate,24,133.47972013912303,0.01408049057173231,NA
Traditional Right,inputstate,25,181.9685141538781,0.01919546988280532,NA
Traditional Right,inputstate,26,323.1817388435753,0.03409175133121399,NA
Traditional Right,inputstate,27,171.49423680310883,0.01809056073758463,NA
Traditional Right,inputstate,28,82.36840133241911,0.00868886672193326,NA
Traditional Right,inputstate,29,197.4420036061698,0.02082773523455844,NA
Traditional Right,inputstate,30,68.24950715532043,0.00719949473241516,NA
Traditional Right,inputstate,31,61.11204768509595,0.00644657937814359,NA
Traditional Right,inputstate,32,144.03168516674538,0.0151935948240474,NA
Traditional Right,inputstate,33,47.33917877455811,0.00499370885490302,NA
Traditional Right,inputstate,34,237.21886210020023,0.02502371107579162,NA
Traditional Right,inputstate,35,92.6189308489593,0.00977017318603487,NA
Traditional Right,inputstate,36,561.7753220369868,0.05926047879879567,NA
Traditional Right,inputstate,37,237.19492951374872,0.02502118647836561,NA
Traditional Right,inputstate,38,22.651334819284894,0.00238944092801263,NA
Traditional Right,inputstate,39,431.8844702240261,0.04555857028115402,NA
Traditional Right,inputstate,40,93.8902682665174,0.00990428385470243,NA
Traditional Right,inputstate,41,227.94316008954877,0.02404523708310532,NA
Traditional Right,inputstate,42,542.7908812078944,0.05725785068551348,NA
Traditional Right,inputstate,44,43.065154957845785,0.00454285121157074,NA
Traditional Right,inputstate,45,115.11405203635722,0.01214313547168395,NA
Traditional Right,inputstate,46,19.902616373396796,0.00209948449027561,NA
Traditional Right,inputstate,47,154.8215010947372,0.01633178945980531,NA
Traditional Right,inputstate,48,709.5604474232748,0.07485001601444942,NA
Traditional Right,inputstate,49,100.50389895270725,0.01060194162941724,NA
Traditional Right,inputstate,50,19.699576099982472,0.00207806620551661,NA
Traditional Right,inputstate,51,200.8034151547044,0.02118232335901301,NA
Traditional Right,inputstate,53,207.97153361361276,0.02193847286451484,NA
Traditional Right,inputstate,54,89.82385810597921,0.00947532693250799,NA
Traditional Right,inputstate,55,263.8666908323599,0.02783473361037015,NA
Traditional Right,inputstate,56,24.652555290037956,0.00260054540096947,NA
Traditional Right,multrace_1,1,2408.190589644707,0.25403488153170145,NA
Traditional Right,multrace_1,2,7071.5728787598655,0.7459651184682985,NA
Traditional Right,multrace_2,1,220.85135754061469,0.02329713797993987,NA
Traditional Right,multrace_2,2,9258.912110863956,0.9767028620200602,NA
Traditional Right,multrace_3,1,285.0727214033431,0.03007171248032419,NA
Traditional Right,multrace_3,2,9194.690747001228,0.9699282875196756,NA
Traditional Right,multrace_4,1,144.49379244775622,0.0152423415340841,NA
Traditional Right,multrace_4,2,9335.26967595682,0.984757658465916,NA
Traditional Right,multrace_5,1,198.6943898017163,0.02095984677929482,NA
Traditional Right,multrace_5,2,9281.06907860286,0.9790401532207051,NA
Traditional Right,multrace_8,1,9.97830512473494,0.00105259009446722,NA
Traditional Right,multrace_8,2,9469.785163279836,0.9989474099055328,NA
Traditional Right,multrace_97,2,9358.466132397896,0.9872046031094608,NA
Traditional Right,multrace_97,NA,121.29733600667258,0.01279539689053937,NA
Traditional Right,multrace_98,1,83.27117615065163,0.00878409850922852,NA
Traditional Right,multrace_98,2,9396.49229225392,0.9912159014907715,NA
Traditional Right,newsint,1,3020.494927880194,0.3186255583219242,"Some people seem to follow what's going on in government and public affairs most of the time, whether there's an election going on or not. Others aren't that interested. Would you say you follow what's going on in government and public affairs..."
Traditional Right,newsint,2,2795.9168038067687,0.2949352917006178,"Some people seem to follow what's going on in government and public affairs most of the time, whether there's an election going on or not. Others aren't that interested. Would you say you follow what's going on in government and public affairs..."
Traditional Right,newsint,3,2026.3350246118669,0.21375375360002427,"Some people seem to follow what's going on in government and public affairs most of the time, whether there's an election going on or not. Others aren't that interested. Would you say you follow what's going on in government and public affairs..."
Traditional Right,newsint,4,1637.0167121057632,0.17268539637743374,"Some people seem to follow what's going on in government and public affairs most of the time, whether there's an election going on or not. Others aren't that interested. Would you say you follow what's going on in government and public affairs..."
Traditional Right,pew_bornagain,1,1923.6395704156096,0.2029206294890133,"Would you describe yourself as a 'born-again' or evangelical Christian, or not?"
Traditional Right,pew_bornagain,2,7556.12389798897,0.7970793705109867,"Would you describe yourself as a 'born-again' or evangelical Christian, or not?"
Traditional Right,pew_churatd,1,9.42936981718133,9.94684081370679e-4,"Aside from weddings and funerals, how often do you attend religious services?"
Traditional Right,pew_churatd,2,163.9366593167138,0.01729332803113746,"Aside from weddings and funerals, how often do you attend religious services?"
Traditional Right,pew_churatd,3,209.99718142759812,0.0221521541257337,"Aside from weddings and funerals, how often do you attend religious services?"
Traditional Right,pew_churatd,4,1087.6944819016169,0.11473856763692793,"Aside from weddings and funerals, how often do you attend religious services?"
Traditional Right,pew_churatd,5,2734.322817968953,0.2884378736961391,"Aside from weddings and funerals, how often do you attend religious services?"
Traditional Right,pew_churatd,6,4664.2374785519205,0.4920204490436407,"Aside from weddings and funerals, how often do you attend religious services?"
Traditional Right,pew_churatd,7,610.145479420593,0.06436294338505043,"Aside from weddings and funerals, how often do you attend religious services?"
Traditional Right,pew_religimp,1,1272.3399754355714,0.13421642635664846,How important is religion in your life?
Traditional Right,pew_religimp,2,3052.60134681911,0.3220123958781485,How important is religion in your life?
Traditional Right,pew_religimp,3,2525.575131342532,0.2664175261081252,How important is religion in your life?
Traditional Right,pew_religimp,4,2629.2470148073803,0.2773536516570779,How important is religion in your life?
Traditional Right,pid3,1,698.8139496050455,0.07371639091356508,NA
Traditional Right,pid3,2,3960.298849437206,0.4177634666346494,NA
Traditional Right,pid3,3,3226.0214293694976,0.3403061099701076,NA
Traditional Right,pid3,4,323.99351302808117,0.03417738365603002,NA
Traditional Right,pid3,5,1270.6357269647508,0.13403664882564792,NA
Traditional Right,pid7,1,249.06996905750017,0.0262738590353687,NA
Traditional Right,pid7,2,449.74398054754494,0.04744253187819623,NA
Traditional Right,pid7,3,310.0018916939057,0.03270143740686368,NA
Traditional Right,pid7,4,2190.0771210719504,0.23102655761099197,NA
Traditional Right,pid7,5,1675.157715027966,0.1767088093084973,NA
Traditional Right,pid7,6,1706.2121714261482,0.1799846775832369,NA
Traditional Right,pid7,7,2254.086678011063,0.23777878905141264,NA
Traditional Right,pid7,8,645.4139415685133,0.06808333812543259,NA
Traditional Right,race,1,7003.765799931006,0.7388122945550377,NA
Traditional Right,race,2,631.8241417371777,0.06664977916833113,NA
Traditional Right,race,3,889.2947983907063,0.09380980879477292,NA
Traditional Right,race,4,409.1161987042701,0.0431567939503794,NA
Traditional Right,race,5,124.66928321876968,0.01315109639963952,NA
Traditional Right,race,6,255.1494022773187,0.02691516546037407,NA
Traditional Right,race,7,149.26890357968702,0.01574605780800232,NA
Traditional Right,race,8,16.674940565639602,0.00175900386346305,NA
Traditional Right,region,1,1813.9297841155692,0.1913475784666226,NA
Traditional Right,region,2,2196.8396785419095,0.2317399253540268,NA
Traditional Right,region,3,3255.6644217456874,0.34343308591998073,NA
Traditional Right,region,4,2213.3295840014225,0.2334794102593699,NA
Traditional Right,votereg,1,5686.482275215421,0.5998548691819254,NA
Traditional Right,votereg,2,3143.058068185202,0.33155448220420347,NA
Traditional Right,votereg,3,650.2231250039501,0.06859064861387111,NA
